Дата добавления,Номер отправления,Штрих-код возврата, ID отправления,Артикул,Статус,Причина возврата,Дата возврата,Дата выдачи товара продавцу,Количество,Цена,Вскрытая упаковка,Выявленный брак,Кем пошито,Комментарий,Пишет клиент
2026-03-04 5:34:35,74189347-0642-1,ii11860235361,650907913260000,ADR-285400(Grey),Получен,Покупатель передумал,2026-02-20 13:43:53,2026-03-03 10:40:07,"1,00","3 449,00",Да,,,,
2026-03-04 5:34:35,74189347-0642-1,ii11860235362,650907913260000,ADR-285400(Grey),Получен,Покупатель передумал,2026-02-20 13:43:53,2026-03-03 10:40:07,"1,00","3 449,00",Да,,,,
2026-03-04 5:34:35,60878803-0135-3,301433390845000,301433390845000,CANT-270250-OLIV,Получен,Покупатель отказался при вручении: товар не подошел,2026-02-20 14:23:23,2026-03-03 10:40:07,"1,00","15 319,00",Нет,,,,
2026-03-04 5:34:35,55484587-0451-1,ii11836169951,901419459635000,CANT-265150-MILK,Получен,Покупатель передумал,2026-02-20 17:03:48,2026-03-03 10:40:07,"1,00","8 684,00",Да,,,,
2026-03-04 5:34:35,23559834-0108-1,201648748688000,201648748688000,ADR-290300(Shamp),Получен,Покупатель отказался при вручении: товар не подошел,2026-02-20 17:05:39,2026-03-03 10:40:07,"1,00","2 564,00",Нет,,,,
2026-03-04 5:34:35,33285718-0826-1,ii15994953296,701425708796000,ADR-320250V(Milk),Получен,Покупатель передумал,2026-02-20 17:16:13,2026-03-03 10:40:07,"1,00","2 911,00",Да,,,,
2026-03-04 5:34:35,33285718-0826-1,ii15994953295,701425708796000,ADR-320250V(Milk),Получен,Покупатель передумал,2026-02-20 17:16:13,2026-03-03 10:40:07,"1,00","2 911,00",Да,,,,
2026-03-04 5:34:35,55484587-0458-3,ii11836169953,850917025673000,CANT-265150-SIL,Получен,Покупатель отказался при вручении: товар не подошел,2026-02-20 17:25:08,2026-03-03 10:40:07,"1,00","7 908,00",Да,,,,
2026-03-04 5:34:35,55484587-0458-3,ii11836169952,850917025673000,CANT-265150-CAP,Получен,Покупатель отказался при вручении: товар не подошел,2026-02-20 17:25:08,2026-03-03 10:40:07,"1,00","8 655,00",Да,,,,
2026-03-04 5:34:35,55484587-0458-1,ii11836169954,801426051021000,CANT-265150-LGR,Получен,Покупатель отказался при вручении: товар не подошел,2026-02-20 17:25:08,2026-03-03 10:40:07,"1,00","8 655,00",Да,,,,
2026-03-04 5:34:35,55484587-0458-1,ii11836169955,801426051021000,CANT-265150-B,Получен,Покупатель отказался при вручении: товар не подошел,2026-02-20 17:25:08,2026-03-03 10:40:07,"1,00","7 539,00",Да,,,,
2026-03-04 5:34:35,46004353-0595-1,ii9074463162,250910533834000,ADR-260200(Shamp),Получен,Покупатель отказался при вручении: товар не подошел,2026-02-20 17:57:00,2026-03-03 10:40:07,"1,00","2 027,00",Да,,,,
2026-03-04 5:34:35,07521205-1106-1,ii15993979342,650890944591000,ADR-255700,Получен,Покупатель отказался при вручении: товар не подошел,2026-02-20 18:45:48,2026-03-03 10:40:07,"1,00","4 889,00",Да,,,,
2026-03-04 5:34:35,07521205-1106-1,ii15993979343,650890944591000,ADR-255700(Shamp),Получен,Покупатель отказался при вручении: товар не подошел,2026-02-20 18:45:48,2026-03-03 10:40:07,"1,00","4 889,00",Да,,,,
2026-03-04 5:34:35,07521205-1112-1,550913659759000,550913659759000,ADR-260700,Получен,Покупатель отказался при вручении: товар не подошел,2026-02-20 18:45:49,2026-03-03 10:40:07,"1,00","4 743,00",Нет,,,,
2026-03-04 5:34:35,25313964-0708-1,201642033856000,201642033856000,CANT-240150-BLUE,Получен,Покупатель отменил заказ,2026-02-20 20:12:08,2026-03-03 10:40:07,"1,00","8 684,00",Нет,,,,
2026-03-04 5:34:35,19497614-0345-1,ii11809472181,450916229975000,CASA-280200-MLK,Получен,Покупатель передумал,2026-02-20 20:47:43,2026-03-03 10:40:07,"1,00","10 166,00",Да,,,,
2026-03-04 5:34:35,74189347-0648-1,850925914495000,850925914495000,ADR-290400(Grey),Получен,Покупатель отменил заказ,2026-02-21 6:23:08,2026-03-03 10:40:07,"1,00","3 280,00",Нет,,,,
2026-03-04 5:34:35,0120616214-0094-4,250907599016000,250907599016000,CANT-270150-OLIV,Получен,Покупатель отказался при вручении: товар не подошел,2026-02-21 8:54:47,2026-03-03 10:40:07,"1,00","8 655,00",Нет,,,,
2026-03-04 5:34:35,09713967-0140-1,750913099362000,750913099362000,ADR-210700(Shamp),Получен,Покупатель отказался при вручении: товар не подошел,2026-02-21 11:36:41,2026-03-03 10:40:08,"1,00","4 743,00",Нет,,,,
2026-03-04 5:34:35,06441000-0195-2,ii11802433993,901416447211000,CANT-220200-B,Получен,Покупатель отказался при вручении: товар не подошел,2026-02-21 13:35:27,2026-03-03 10:40:08,"1,00","10 535,00",Да,,,,
2026-03-04 5:34:35,38260323-0197-1,ii11835107543,201655204198000,ADR-285200(Grey),Получен,Покупатель передумал,2026-02-21 13:51:23,2026-03-03 10:40:07,"1,00","2 082,00",Да,,,,
2026-03-04 5:34:35,34373644-0432-2,601433590561000,601433590561000,ADR-250200LR(Milk),Получен,Покупатель отказался при вручении: товар не подошел,2026-02-21 16:29:27,2026-03-03 10:40:07,"1,00","2 432,00",Нет,,,,
2026-03-04 5:34:35,34373644-0432-2,601433590561000,601433590561000,ADR-250200LR(Milk),Получен,Покупатель отказался при вручении: товар не подошел,2026-02-21 16:29:27,2026-03-03 10:40:07,"1,00","2 432,00",Нет,,,,
2026-03-04 5:34:35,03074634-0112-5,950909834174000,950909834174000,ADR-140400(Shamp),Получен,Покупатель отказался при вручении: товар не подошел,2026-02-21 18:50:09,2026-03-03 10:40:07,"1,00","2 234,00",Нет,,,,
2026-03-04 5:34:35,89380681-0408-1,201655449798000,201655449798000,CANT-270250-OLIV,Получен,Покупатель отказался при вручении: товар не подошел,2026-02-21 20:00:29,2026-03-03 10:40:07,"1,00","15 013,00",Нет,,,,
2026-03-04 5:34:35,46268802-0505-1,ii11864756558,501429353893000,ADR-255250ALL,Получен,Покупатель передумал,2026-02-22 9:27:28,2026-03-03 10:40:07,"1,00","2 535,00",Да,,,,
2026-03-04 5:34:35,46268802-0505-1,ii11864756557,501429353893000,ADR-255250ALL,Получен,Покупатель передумал,2026-02-22 9:27:28,2026-03-03 10:40:07,"1,00","2 535,00",Да,,,,
2026-03-04 5:34:35,29508184-0271-1,ii11840730507,301432452403000,ADR-290250LR(Milk),Получен,Покупатель отказался при вручении: товар не подошел,2026-02-22 11:33:05,2026-03-03 10:40:07,"1,00","2 798,00",Да,,,,
2026-03-04 5:34:35,29508184-0271-1,ii11840730508,301432452403000,ADR-290250LR(Milk),Получен,Покупатель отказался при вручении: товар не подошел,2026-02-22 11:33:05,2026-03-03 10:40:07,"1,00","2 798,00",Да,,,,
2026-03-04 5:34:35,0122524084-0292-2,ii11865959818,650914104245000,ADR-265600(Shamp),Получен,Покупатель передумал,2026-02-22 13:00:23,2026-03-03 10:40:07,"1,00","4 236,00",Да,,,,
2026-03-04 5:34:35,0122524084-0292-2,ii11865959817,650914104245000,ADR-265300(Shamp),Получен,Покупатель передумал,2026-02-22 13:00:23,2026-03-03 10:40:08,"1,00","2 564,00",Да,,,,
2026-03-04 5:34:35,39436316-0781-1,ii11818897470,401422793928000,ADR-255200(Grey),Получен,Покупатель передумал,2026-02-22 13:34:50,2026-03-03 10:40:07,"1,00","2 027,00",Да,,,,
2026-03-04 5:34:35,39436316-0781-1,ii11818897471,401422793928000,ADR-255200(Grey),Получен,Покупатель передумал,2026-02-22 13:34:50,2026-03-03 10:40:07,"1,00","2 027,00",Да,,,,
2026-03-04 5:34:35,65262015-0130-1,501436225927000,501436225927000,CANT-240200-BLUE,Получен,Покупатель отказался при вручении: товар не подошел,2026-02-22 14:53:47,2026-03-03 10:40:07,"1,00","11 166,00",Нет,,,,
2026-03-04 5:34:35,26311146-0829-1,ii11808556006,801420939271000,CASA-275150-CAP,Получен,Покупатель передумал,2026-02-22 17:31:25,2026-03-03 10:40:07,"1,00","7 887,00",Да,,,,
2026-03-04 5:34:35,26311146-0839-3,ii11808556004,501438131363000,CANT-265150-PUDR,Получен,Покупатель передумал,2026-02-22 17:31:25,2026-03-03 10:40:07,"1,00","8 482,00",Да,,,,
2026-03-04 5:34:35,26311146-0839-1,ii11808556005,301442571485000,CANT-265150-LAT,Получен,Покупатель передумал,2026-02-22 17:31:25,2026-03-03 10:40:07,"1,00","7 750,00",Да,,,,
2026-03-04 5:34:35,55465585-0376-1,ii11807737626,801403091964000,ADR-260300LR(Grey),Получен,Покупатель передумал,2026-02-22 18:28:24,2026-03-03 10:40:07,"1,00","3 221,00",Да,,,,
2026-03-04 5:34:35,13369618-0786-1,850921080184000,850921080184000,CANT-240200-B,Получен,Покупатель отказался при вручении: товар не подошел,2026-02-22 20:43:48,2026-03-03 10:40:07,"1,00","10 290,00",Нет,,,,
2026-03-04 5:34:35,67267855-0286-1,950924802264000,950924802264000,ADR-100150LR,Получен,Покупатель отменил заказ,2026-02-23 11:47:22,2026-03-03 10:40:07,"1,00","1 556,00",Нет,,,,
2026-03-04 5:34:35,96246445-0528-1,ii9096564376,501430832766000,ADR-265400L(Shamp),Получен,Покупатель передумал,2026-02-23 12:45:20,2026-03-03 10:40:07,"1,00","3 190,00",Да,,,,
2026-03-04 5:34:35,0135559237-0097-1,ii5519755107,301435979024000,ADR-265350LR,Получен,Упаковка и товар повреждены,2026-02-23 13:29:43,2026-03-03 10:40:07,"1,00","3 460,00",Да,,,,
2026-03-04 5:34:35,0135559237-0097-1,ii5519755108,301435979024000,ADR-265350LR,Получен,Упаковка и товар повреждены,2026-02-23 13:29:43,2026-03-03 10:40:07,"1,00","3 460,00",Да,,,,
2026-03-04 5:34:35,43877342-0270-6,401422454637000,401422454637000,CANT-260250-OLIV,Получен,Покупатель отказался при вручении: товар не подошел,2026-02-23 15:30:00,2026-03-03 10:40:08,"1,00","15 319,00",Нет,,,,
2026-03-04 5:34:35,32001997-0896-1,701440181898000,701440181898000,CALM-255300-MLK,Получен,Покупатель отменил заказ,2026-02-23 15:44:57,2026-03-03 10:40:07,"1,00","11 579,00",Нет,,,,
2026-03-04 5:34:35,0103345740-0672-2,ii11847833676,850916048962000,CANT-255200-OLIV,Получен,Покупатель отказался при вручении: товар не подошел,2026-02-23 16:09:13,2026-03-03 10:40:07,"1,00","11 393,00",Да,,,,
2026-03-04 5:34:35,0103345740-0672-2,ii11847833677,850916048962000,ADR-255500(Shamp),Получен,Покупатель отказался при вручении: товар не подошел,2026-02-23 16:09:13,2026-03-03 10:40:07,"1,00","3 637,00",Да,,,,
2026-03-04 5:34:35,24300365-0318-1,ii11842185483,250891416511000,CANT-260250-MILK,Получен,Покупатель передумал,2026-02-23 16:24:52,2026-03-03 10:40:07,"1,00","15 372,00",Да,,,,
2026-03-04 5:34:35,24627671-0787-1,ii11807086658,450915558245000,CALM-285150-GREEN,Получен,Покупатель отказался при вручении: товар не подошел,2026-02-23 17:20:15,2026-03-03 10:40:07,"1,00","6 464,00",Да,,,,
2026-03-04 5:34:35,24627671-0787-1,ii11807086657,450915558245000,CALM-285150-GREEN,Получен,Покупатель отказался при вручении: товар не подошел,2026-02-23 17:20:15,2026-03-03 10:40:07,"1,00","6 464,00",Да,,,,
2026-03-04 5:34:35,26418504-0156-4,ii11834300518,250909206787000,CASA-280150-SIL,Получен,Покупатель отказался при вручении: товар не подошел,2026-02-23 18:17:17,2026-03-03 10:40:07,"1,00","7 489,00",Да,,,,
2026-03-04 5:34:35,15764578-0803-1,ii11804301469,301432691378000,CALM-260150-LAT,Получен,Покупатель передумал,2026-02-23 19:08:05,2026-03-03 10:40:08,"1,00","6 464,00",Да,,,,
2026-03-04 5:34:35,40422885-0201-1,750927035944000,750927035944000,ADR-260200V,Получен,Покупатель отказался при вручении: товар не подошел,2026-02-23 19:57:01,2026-03-03 10:40:07,"1,00","2 156,00",Нет,,,,
2026-03-04 5:34:35,40422885-0201-1,750927035944000,750927035944000,ADR-260200V,Получен,Покупатель отказался при вручении: товар не подошел,2026-02-23 19:57:01,2026-03-03 10:40:07,"1,00","2 156,00",Нет,,,,
2026-03-04 5:34:35,05573858-0260-1,701437563432000,701437563432000,CANT-260200-OLIV,Получен,Покупатель отказался при вручении: товар не подошел,2026-02-23 20:02:37,2026-03-03 10:40:07,"1,00","11 166,00",Нет,,,,
2026-03-04 5:34:35,48052164-0348-1,ii11863258078,650913980493000,CALM-255150-LGR,Получен,Покупатель получил не те товары,2026-02-24 11:15:30,2026-03-03 10:40:07,"1,00","6 464,00",Да,,,,
2026-03-04 5:34:35,48052164-0348-1,ii11863258079,650913980493000,CALM-255150-LGR,Получен,Покупатель получил не те товары,2026-02-24 11:15:30,2026-03-03 10:40:07,"1,00","6 464,00",Да,,,,
2026-03-04 5:34:35,26418504-0156-4,ii11834300520,250909206787000,CASA-280150-LGR,Получен,Покупатель передумал,2026-02-24 12:56:16,2026-03-03 10:40:07,"1,00","7 489,00",Да,,,,
2026-03-04 5:34:35,31855064-0426-1,701427603030000,701427603030000,ADR-265400(Grey),Получен,Покупатель отказался при вручении: товар не подошел,2026-02-24 13:00:18,2026-03-03 10:40:07,"1,00","3 094,00",Нет,,,,
2026-03-04 5:34:35,31855064-0426-1,701427603030000,701427603030000,ADR-265400LR(Grey),Получен,Покупатель отказался при вручении: товар не подошел,2026-02-24 13:00:18,2026-03-03 10:40:07,"1,00","3 798,00",Нет,,,,
2026-03-04 5:34:35,63986775-0240-3,ii11858801938,550914968978000,CANT-270150-OLIV,Получен,Покупатель отказался при вручении: товар не подошел,2026-02-24 14:30:02,2026-03-03 10:40:07,"1,00","8 655,00",Да,,,,
2026-03-04 5:34:35,63986775-0240-3,ii11858801937,550914968978000,CANT-270150-SIL,Получен,Покупатель отказался при вручении: товар не подошел,2026-02-24 14:30:02,2026-03-03 10:40:07,"1,00","7 908,00",Да,,,,
2026-03-04 5:34:35,24426346-0469-1,ii15996414293,301438103205000,CASA-245300-B,Получен,Покупатель передумал,2026-02-24 17:23:42,2026-03-03 10:40:07,"1,00","14 726,00",Да,,,,
2026-03-04 5:34:35,74052628-0369-1,801425456528000,801425456528000,BIAN-255250-GREEN,Получен,Покупатель отказался при вручении: товар не подошел,2026-02-24 18:07:50,2026-03-03 10:40:07,"1,00","11 872,00",Нет,,,,
2026-03-04 5:34:35,22643237-1443-17,ii11817837441,850929872883000,CANT-260250-B,Получен,Покупатель передумал,2026-02-24 18:35:43,2026-03-03 10:40:07,"1,00","13 561,00",Да,,,,
2026-03-04 5:34:35,22643237-1443-5,ii11817837440,550927616585000,CASA-260250-B,Получен,Покупатель передумал,2026-02-24 18:35:43,2026-03-03 10:40:07,"1,00","13 034,00",Да,,,,
2026-03-04 5:34:35,22643237-1443-19,ii11817837442,850929872884000,CANT-260250-LAT,Получен,Покупатель передумал,2026-02-24 18:35:43,2026-03-03 10:40:07,"1,00","13 561,00",Да,,,,
2026-03-04 5:34:35,25337168-0922-1,501437759465000,501437759465000,CALM-260150-LAT,Получен,Покупатель отказался при вручении: товар не подошел,2026-02-24 19:32:39,2026-03-03 10:40:07,"1,00","6 335,00",Нет,,,,
2026-03-04 5:34:35,25337168-0923-1,301442360538000,301442360538000,CANT-260150-LAT,Получен,Покупатель отказался при вручении: товар не подошел,2026-02-24 19:32:39,2026-03-03 10:40:07,"1,00","7 750,00",Нет,,,,
2026-03-04 5:34:35,45325163-0354-2,ii6052343332,850912398653000,ADR-265300V(Grey),Получен,Покупатель передумал,2026-02-24 19:44:27,2026-03-03 10:40:07,"1,00","3 158,00",Да,,,,
2026-03-04 5:34:35,45325163-0354-2,ii6052343333,850912398653000,ADR-265400V,Получен,Покупатель передумал,2026-02-24 19:44:27,2026-03-03 10:40:07,"1,00","3 411,00",Да,,,,
2026-03-04 5:34:35,36909122-0124-1,401443540021000,401443540021000,ADR-245400,Получен,Покупатель отменил заказ,2026-02-25 6:50:31,2026-03-03 10:40:08,"1,00","3 033,00",Нет,,,,
2026-03-04 5:34:35,09924015-0694-2,ii11437547939,750926180850000,CASA-265300-VEN,Получен,Покупатель передумал,2026-02-25 9:21:06,2026-03-03 10:40:07,"1,00","14 726,00",Да,,,,
2026-03-04 5:34:35,09924015-0685-3,ii11437547943,650921826198000,CANT-265300-CAP,Получен,Покупатель передумал,2026-02-25 9:21:06,2026-03-03 10:40:07,"1,00","16 860,00",Да,,,,
2026-03-04 5:34:35,15187894-0300-1,950922393554000,950922393554000,FEST-275300-BEZH,Получен,Покупатель отказался при вручении: товар не подошел,2026-02-25 11:14:40,2026-03-03 10:40:07,"1,00","15 088,00",Нет,,,,
2026-03-04 5:34:35,90226111-0020-1,250907204289000,250907204289000,ADR-220100(Grey),Получен,Покупатель отказался при вручении: товар не подошел,2026-02-25 11:50:59,2026-03-03 10:40:07,"1,00","1 406,00",Нет,,,,
2026-03-04 5:34:35,0152287271-0076-1,ii11423881538,250898653582000,ADR-265150(Black),Получен,Покупатель передумал,2026-02-25 13:21:26,2026-03-03 10:40:07,"1,00","1 801,00",Да,,,,
2026-03-04 5:34:35,0152287271-0076-1,ii11423881537,250898653582000,ADR-220150(Black),Получен,Покупатель передумал,2026-02-25 13:21:26,2026-03-03 10:40:07,"1,00","1 801,00",Да,,,,
2026-03-04 5:34:35,44846813-0181-1,201648431232000,201648431232000,CANT-250300-OLIV,Получен,Покупатель отказался при вручении: товар не подошел,2026-02-25 15:29:55,2026-03-03 10:40:07,"1,00","17 204,00",Нет,,,,
2026-03-04 5:34:35,52260438-0504-1,750923713248000,750923713248000,CASA-270200-MLK,Получен,Покупатель отказался при вручении: товар не подошел,2026-02-25 17:31:45,2026-03-03 10:40:07,"1,00","9 963,00",Нет,,,,
2026-03-04 5:34:35,0117541037-0523-1,ii4182923635,550930151351000,ADR-240200,Получен,Покупатель передумал,2026-02-25 17:40:01,2026-03-03 10:40:07,"1,00","1 987,00",Да,,,,
2026-03-04 5:34:35,0117541037-0523-1,ii4182923634,550930151351000,ADR-240200,Получен,Покупатель передумал,2026-02-25 17:40:01,2026-03-03 10:40:07,"1,00","1 987,00",Да,,,,
2026-03-04 5:34:35,71772524-0590-1,ii15885378986,401428053018000,ADR-270200L(Grey),Получен,Покупатель отказался при вручении: товар не подошел,2026-02-25 18:20:24,2026-03-03 10:40:07,"1,00","2 264,00",Да,,,,
2026-03-04 5:34:35,71772524-0590-1,ii15885378985,401428053018000,ADR-270200L(Grey),Получен,Покупатель отказался при вручении: товар не подошел,2026-02-25 18:20:24,2026-03-03 10:40:07,"1,00","2 264,00",Да,,,,
2026-03-04 5:34:35,41725797-0418-1,601446290026000,601446290026000,ADR-310290L(Grey),Получен,Покупатель отказался при вручении: товар не подошел,2026-02-25 18:21:55,2026-03-03 10:40:07,"1,00","2 930,00",Нет,,,,
2026-03-04 5:34:35,41725797-0418-1,601446290026000,601446290026000,ADR-310290L(Grey),Получен,Покупатель отказался при вручении: товар не подошел,2026-02-25 18:21:55,2026-03-03 10:40:07,"1,00","2 930,00",Нет,,,,
2026-03-04 5:34:35,42529007-0323-1,250927197376000,250927197376000,ADR-265600LR(Milk),Получен,Покупатель отказался при вручении: товар не подошел,2026-02-25 20:43:01,2026-03-03 10:40:07,"1,00","5 439,00",Нет,,,,
2026-03-04 5:34:35,19294877-0619-3,450932740651000,450932740651000,ADR-220200V(Milk),Получен,Покупатель отменил заказ,2026-02-25 23:44:55,2026-03-03 10:40:07,"1,00","2 382,00",Нет,,,,
2026-03-04 5:34:35,50394566-0334-2,701434425987000,701434425987000,ADR-240450(Shamp),Получен,Покупатель отменил заказ,2026-02-26 6:24:02,2026-03-03 10:40:07,"1,00","3 318,00",Нет,,,,
2026-03-04 5:34:35,0141692685-0165-1,201660038659000,201660038659000,CALM-275300-VIOLET,Получен,Покупатель отказался при вручении: товар не подошел,2026-02-26 11:10:18,2026-03-03 10:40:07,"1,00","11 579,00",Нет,,,,
2026-03-04 5:34:35,37987759-0304-3,450929930527000,450929930527000,CASA-255150-OLIV,Получен,Покупатель отменил заказ: не устроил срок доставки,2026-02-26 11:15:59,2026-03-03 10:40:08,"1,00","6 972,00",Нет,,,,
2026-03-04 5:34:35,16809941-0579-1,ii15996270085,801440445209000,CANT-245150-LAT,Получен,Покупатель передумал,2026-02-26 13:13:30,2026-03-03 10:40:07,"1,00","7 750,00",Да,,,,
2026-03-04 5:34:35,05573858-0262-1,350931800288000,350931800288000,CANT-265200-OLIV,Получен,Покупатель отказался при вручении: товар не подошел,2026-02-26 13:43:54,2026-03-03 10:40:07,"1,00","11 166,00",Нет,,,,
2026-03-04 5:34:35,67327852-0145-1,750926932493000,750926932493000,ADR-250400,Получен,Покупатель отказался при вручении: товар не подошел,2026-02-26 16:51:43,2026-03-03 10:40:07,"1,00","3 033,00",Нет,,,,
2026-03-04 5:34:35,03416862-0471-1,ii11804743151,201651442926000,ADR-320250(Black),Получен,Покупатель отказался при вручении: товар не подошел,2026-02-26 17:17:14,2026-03-03 10:40:07,"1,00","2 746,00",Да,,,,
2026-03-04 5:34:35,03416862-0471-1,ii11804743150,201651442926000,ADR-320250(Black),Получен,Покупатель отказался при вручении: товар не подошел,2026-02-26 17:17:14,2026-03-03 10:40:07,"1,00","2 746,00",Да,,,,
2026-03-04 5:34:35,02849255-0696-1,ii11814148960,750912050660000,ADR-270300LR,Получен,Покупатель передумал,2026-02-26 19:24:09,2026-03-03 10:40:07,"1,00","3 139,00",Да,,,,
2026-03-04 5:34:35,02849255-0696-1,ii11814148959,750912050660000,ADR-270300LR,Получен,Покупатель передумал,2026-02-26 19:24:09,2026-03-03 10:40:07,"1,00","3 139,00",Да,,,,
2026-03-04 5:34:35,0172200556-0297-1,ii9065853936,701442575503000,ADR-285450(Grey),Получен,Покупатель передумал,2026-02-27 9:46:55,2026-03-03 10:40:07,"1,00","3 565,00",Да,,,,
2026-03-04 5:34:35,84255455-0505-1,ii11814076277,301446893243000,ADR-310250V(Milk),Получен,Покупатель передумал,2026-02-27 13:46:16,2026-03-03 10:40:07,"1,00","2 853,00",Да,,,,
2026-03-04 5:34:35,32001997-0910-1,ii11437336138,201667636087000,CALM-260250-MLK,Получен,Покупатель передумал,2026-02-27 14:24:04,2026-03-03 10:40:07,"1,00","9 589,00",Да,,,,
2026-03-04 5:34:35,26311146-0852-1,ii11808556089,550936519092000,CANT-265150-BLUE,Получен,Покупатель передумал,2026-02-27 17:12:52,2026-03-03 10:40:07,"1,00","8 482,00",Да,,,,
2026-03-04 5:34:35,04995928-0098-9,950935837782000,950935837782000,CANT-265300-LAT,Получен,Покупатель отказался при вручении: товар не подошел,2026-02-27 19:56:35,2026-03-03 10:40:07,"1,00","15 546,00",Нет,,,,
2026-03-04 5:34:35,58239695-0127-1,850940768518000,850940768518000,CANT-245200-OLIV,Получен,Покупатель отказался при вручении: товар не подошел,2026-02-28 14:04:29,2026-03-03 10:40:07,"1,00","11 166,00",Нет,,,,
2026-03-06 5:34:36,0129714438-0437-1,801403850496000,801403850496000,ADR-210200(Shamp),Получен,Покупатель не забрал заказ,2026-02-25 0:02:20,2026-03-05 12:54:06,"1,00","2 043,00",Нет,,,,
2026-03-06 5:34:36,0129714438-0437-1,801403850496000,801403850496000,ADR-210200(Shamp),Получен,Покупатель не забрал заказ,2026-02-25 0:02:20,2026-03-05 12:54:06,"1,00","2 043,00",Нет,,,,
2026-03-06 5:34:36,0155685768-0706-1,850933429886000,850933429886000,ADR-240200LR(Milk),Получен,Покупатель отказался при вручении: товар не подошел,2026-02-26 17:28:54,2026-03-05 12:54:06,"1,00","2 445,00",Нет,,,,
2026-03-06 5:34:36,46268802-0509-1,ii11808102744,701440184972000,ADR-250250ALL,Получен,Покупатель передумал,2026-02-26 18:23:22,2026-03-05 12:54:06,"1,00","2 485,00",Да,,,,
2026-03-06 5:34:36,46268802-0509-1,ii11808102745,701440184972000,ADR-250250ALL,Получен,Покупатель передумал,2026-02-26 18:23:22,2026-03-05 12:54:06,"1,00","2 485,00",Да,,,,
2026-03-06 5:34:36,63359036-0385-1,250915027854000,250915027854000,CANT-265200-OLIV,Получен,Покупатель отказался при вручении: товар не подошел,2026-02-27 14:37:12,2026-03-05 12:54:06,"1,00","11 166,00",Нет,,,,
2026-03-06 5:34:36,63359036-0385-1,250915027854000,250915027854000,CANT-265200-OLIV,Получен,Покупатель отказался при вручении: товар не подошел,2026-02-27 14:37:12,2026-03-05 12:54:06,"1,00","11 166,00",Нет,,,,
2026-03-06 5:34:36,04856119-1337-2,ii11802816546,701442223470000,ADR-300290,Получен,Покупатель отказался при вручении: товар не подошел,2026-02-27 16:11:51,2026-03-05 12:54:06,"1,00","2 947,00",Да,,,,
2026-03-06 5:34:36,97331241-0052-6,750928433488000,750928433488000,CANT-240200-OLIV,Получен,Покупатель отказался при вручении: товар не подошел,2026-02-27 18:31:54,2026-03-05 12:54:06,"1,00","11 166,00",Нет,,,,
2026-03-06 5:34:36,0127644880-0208-2,ii11825480996,901443627346000,CANT-250200-OLIV,Получен,Покупатель передумал,2026-02-27 19:02:54,2026-03-05 12:54:06,"1,00","11 166,00",Да,,,,
2026-03-06 5:34:36,0101104251-1075-1,250929809648000,250929809648000,ADR-150400(Grey),Получен,Покупатель отменил заказ,2026-02-27 19:36:21,2026-03-05 12:54:06,"1,00","2 139,00",Нет,,,,
2026-03-06 5:34:36,0207259066-0018-1,701452880329000,701452880329000,ADR-285100V(Grey),Получен,Покупатель отменил заказ: нашел дешевле,2026-02-27 20:05:54,2026-03-05 12:54:06,"1,00","1 637,00",Нет,,,,
2026-03-06 5:34:36,0207259066-0019-1,601457975305000,601457975305000,ADR-285100V(Grey),Получен,Покупатель отменил заказ: нашел дешевле,2026-02-27 20:08:13,2026-03-05 12:54:06,"1,00","1 637,00",Нет,,,,
2026-03-06 5:34:36,0100400341-0610-1,801453794639000,801453794639000,DONN-240250-SHAMP,Получен,Покупатель отменил заказ: не устроил срок доставки,2026-02-28 8:28:48,2026-03-05 12:54:06,"1,00","11 242,00",Нет,,,,
2026-03-06 5:34:36,94302325-2665-1,301436861369000,301436861369000,ADR-230250(Shamp),Получен,Покупатель отказался при вручении: товар не подошел,2026-02-28 10:09:50,2026-03-05 12:54:06,"1,00","2 245,00",Нет,,,,
2026-03-06 5:34:36,94302325-2665-1,301436861369000,301436861369000,ADR-230250(Shamp),Получен,Покупатель отказался при вручении: товар не подошел,2026-02-28 10:09:50,2026-03-05 12:54:06,"1,00","2 245,00",Нет,,,,
2026-03-06 5:34:36,21201633-0202-1,ii11824811291,850930298331000,CANT-240250-PUDR,Получен,Покупатель передумал,2026-02-28 10:51:07,2026-03-05 12:54:06,"1,00","11 166,00",Да,,,,
2026-03-06 5:34:36,42028992-0129-2,801425404794000,801425404794000,ADR-275150,Получен,Покупатель отказался при вручении: товар не подошел,2026-02-28 13:15:19,2026-03-05 12:54:06,"1,00","1 813,00",Нет,,,,
2026-03-06 5:34:36,42028992-0129-2,801425404794000,801425404794000,ADR-275150,Получен,Покупатель отказался при вручении: товар не подошел,2026-02-28 13:15:19,2026-03-05 12:54:06,"1,00","1 813,00",Нет,,,,
2026-03-06 5:34:36,84023805-0455-1,450942025325000,450942025325000,CANT-270250-LAT,Получен,Покупатель отменил заказ: нашел дешевле,2026-02-28 15:45:47,2026-03-05 12:54:06,"1,00","13 561,00",Нет,,,,
2026-03-06 5:34:36,72334555-0250-1,650940298608000,650940298608000,CANT-270200-MILK,Получен,Покупатель отказался при вручении: товар не подошел,2026-02-28 17:06:48,2026-03-05 12:54:06,"1,00","11 166,00",Нет,,,,
2026-03-06 5:34:36,17640187-0373-1,ii11832861451,401447848211000,ADR-250300V(Milk),Получен,Покупатель передумал,2026-03-01 9:26:24,2026-03-05 12:54:06,"1,00","2 857,00",Да,,,,
2026-03-06 5:34:36,24184041-0564-1,401439550771000,401439550771000,CASA-245200-PUDR,Получен,Покупатель отказался при вручении: товар не подошел,2026-03-01 10:04:54,2026-03-05 12:54:06,"1,00","9 963,00",Нет,,,,
2026-03-06 5:34:36,06417326-0334-1,950944648130000,950944648130000,CANT-250300-LAT,Получен,Покупатель отменил заказ,2026-03-01 10:21:49,2026-03-05 12:54:06,"1,00","15 546,00",Нет,,,,
2026-03-06 5:34:36,79987345-0441-1,ii11418178901,501454147297000,ADR-245400V(Milk),Получен,Покупатель передумал,2026-03-01 12:25:24,2026-03-05 12:54:06,"1,00","3 780,00",Да,,,,
2026-03-06 5:34:36,79987345-0441-1,ii11418178902,501454147297000,ADR-245400V(Milk),Получен,Покупатель передумал,2026-03-01 12:25:24,2026-03-05 12:54:06,"1,00","3 780,00",Да,,,,
2026-03-06 5:34:36,29667739-0220-4,601440825281000,601440825281000,CANT-240250-OLIV,Получен,Покупатель отказался при вручении: товар не подошел,2026-03-01 12:58:46,2026-03-05 12:54:06,"1,00","15 013,00",Нет,,,,
2026-03-06 5:34:36,29667739-0220-7,950929991193000,950929991193000,CANT-240300-OLIV,Получен,Покупатель отказался при вручении: товар не подошел,2026-03-01 12:58:46,2026-03-05 12:54:06,"1,00","16 860,00",Нет,,,,
2026-03-06 5:34:36,33642530-0899-1,901457507892000,901457507892000,CALM-245300-VIOLET,Получен,Покупатель отказался при вручении: товар не подошел,2026-03-01 13:31:47,2026-03-05 12:54:06,"1,00","11 579,00",Нет,,,,
2026-03-06 5:34:36,86352514-0203-2,601453499601000,601453499601000,CANT-265300-LAT,Получен,Покупатель отказался при вручении: товар не подошел,2026-03-01 15:22:47,2026-03-05 12:54:06,"1,00","15 546,00",Нет,,,,
2026-03-06 5:34:36,39327931-0313-2,301447337903000,301447337903000,CANT-270250-OLIV,Получен,Не удалось доставить заказ,2026-03-01 16:10:40,2026-03-05 12:54:06,"1,00","15 013,00",Нет,,,,
2026-03-06 5:34:36,16809941-0594-1,650941015212000,650941015212000,CANT-245150-PUDR,Получен,Покупатель отказался при вручении: недоволен качеством товара,2026-03-02 14:01:34,2026-03-05 12:54:06,"1,00","8 482,00",Нет,,,,
2026-03-09 5:34:36,28671991-0749-1,301428198683000,301428198683000,STEL-265250CR,Получен,Покупатель отказался при вручении: товар не подошел,2026-02-25 13:02:14,2026-03-08 13:58:19,"1,00","12 022,00",Нет,,,,
2026-03-09 5:34:36,11317817-0859-1,801409659223000,801409659223000,ADR-265250,Получен,Покупатель не забрал заказ,2026-02-28 0:13:34,2026-03-08 13:58:19,"1,00","2 356,00",Нет,,,,
2026-03-09 5:34:36,11317817-0859-1,801409659223000,801409659223000,ADR-265250,Получен,Покупатель не забрал заказ,2026-02-28 0:13:34,2026-03-08 13:58:19,"1,00","2 356,00",Нет,,,,
2026-03-09 5:34:36,59665326-0331-1,ii11414614806,950938062214000,CANT-245250-LAT,Получен,Покупатель отказался при вручении: товар не подошел,2026-02-28 12:25:30,2026-03-08 13:58:19,"1,00","13 561,00",Да,,,,
2026-03-09 5:34:36,59665326-0331-3,350936057805000,350936057805000,CANT-245250-PUDR,Получен,Покупатель отказался при вручении: товар не подошел,2026-02-28 12:25:30,2026-03-08 13:58:19,"1,00","11 166,00",Нет,,,,
2026-03-09 5:34:36,59665326-0331-5,350936057806000,350936057806000,CANT-245250-B,Получен,Покупатель отказался при вручении: товар не подошел,2026-02-28 12:25:30,2026-03-08 13:58:19,"1,00","13 561,00",Нет,,,,
2026-03-09 5:34:36,43416565-0342-1,ii11867410552,201662034714000,CALM-255250-LAT,Получен,Покупатель передумал,2026-02-28 15:25:53,2026-03-08 13:58:19,"1,00","9 589,00",Да,,,,
2026-03-09 5:34:36,39348108-0222-1,301461389786000,301461389786000,ADR-270450V(Milk),Получен,Покупатель отказался при вручении: товар не подошел,2026-02-28 17:39:29,2026-03-08 13:58:19,"1,00","4 234,00",Нет,,,,
2026-03-09 5:34:36,39348108-0222-1,301461389786000,301461389786000,ADR-270450V(Milk),Получен,Покупатель отказался при вручении: товар не подошел,2026-02-28 17:39:29,2026-03-08 13:58:19,"1,00","4 234,00",Нет,,,,
2026-03-09 5:34:36,0181789544-0009-1,901441261025000,901441261025000,ADR-255700,Получен,Покупатель отказался при вручении: товар не подошел,2026-02-28 18:37:13,2026-03-08 13:58:19,"1,00","4 649,00",Нет,,,,
2026-03-09 5:34:36,79172388-0212-1,501452800084000,501452800084000,ADR-290350LR(Milk),Получен,Покупатель отказался при вручении: товар не подошел,2026-02-28 19:12:26,2026-03-08 13:58:19,"1,00","3 415,00",Нет,,,,
2026-03-09 5:34:36,79172388-0212-1,501452800084000,501452800084000,ADR-290350LR(Milk),Получен,Покупатель отказался при вручении: товар не подошел,2026-02-28 19:12:26,2026-03-08 13:58:19,"1,00","3 415,00",Нет,,,,
2026-03-09 5:34:36,33555683-0291-1,ii9096692167,450920580137000,ADR-230100L(Grey),Получен,Покупатель передумал,2026-02-28 19:56:10,2026-03-08 13:58:19,"1,00","1 489,00",Да,,,,
2026-03-09 5:34:36,33555683-0291-1,ii9096692168,450920580137000,ADR-230100L(Grey),Получен,Покупатель передумал,2026-02-28 19:56:10,2026-03-08 13:58:19,"1,00","1 489,00",Да,,,,
2026-03-09 5:34:36,17640187-0372-1,ii11832861452,701447965047000,ADR-250300V(Milk),Получен,Покупатель передумал,2026-03-01 9:26:24,2026-03-08 13:58:19,"1,00","2 715,00",Да,,,,
2026-03-09 5:34:36,49944422-0346-1,650936416814000,650936416814000,CANT-240150-SIL,Получен,Покупатель отказался при вручении: товар не подошел,2026-03-01 11:54:49,2026-03-08 13:58:19,"1,00","7 750,00",Нет,,,,
2026-03-09 5:34:36,84918123-0274-1,ii11863911321,350928826419000,ADR-320200(Black),Получен,Покупатель передумал,2026-03-01 13:44:50,2026-03-08 13:58:19,"1,00","2 082,00",Да,,,,
2026-03-09 5:34:36,84918123-0274-1,ii11863911319,350928826419000,ADR-320200(Black),Получен,Покупатель передумал,2026-03-01 13:44:50,2026-03-08 13:58:19,"1,00","2 082,00",Да,,,,
2026-03-09 5:34:36,84918123-0274-1,ii11863911320,350928826419000,ADR-320200(Black),Получен,Покупатель передумал,2026-03-01 13:44:50,2026-03-08 13:58:19,"1,00","2 082,00",Да,,,,
2026-03-09 5:34:36,84918123-0274-1,ii11863911316,350928826419000,ADR-320200(Black),Получен,Покупатель передумал,2026-03-01 13:44:50,2026-03-08 13:58:19,"1,00","2 082,00",Да,,,,
2026-03-09 5:34:36,34980229-0202-7,ii11837138331,401422785260000,FEST-260300-BEZH,Получен,Упаковка и товар повреждены,2026-03-01 17:02:54,2026-03-08 13:58:19,"1,00","15 088,00",Да,деффект ткани,Макарова,,
2026-03-09 5:34:36,59665326-0331-1,ii11414614810,950938062214000,CANT-245250-MILK,Получен,Покупатель передумал,2026-03-01 18:00:43,2026-03-08 13:58:19,"1,00","15 013,00",Да,,,,
2026-03-09 5:34:36,87971102-0261-1,ii15986240338,250903366794000,ADR-270300V,Получен,Покупатель передумал,2026-03-01 20:18:08,2026-03-08 13:58:19,"1,00","2 910,00",Да,,,,
2026-03-09 5:34:36,99110209-0457-3,201670953370000,201670953370000,CANT-260200-MILK,Получен,Покупатель отказался при вручении: товар не подошел,2026-03-02 7:10:14,2026-03-08 13:58:19,"1,00","11 166,00",Нет,,,,
2026-03-09 5:34:36,99110209-0457-1,501450464230000,501450464230000,CANT-260200-PUDR,Получен,Покупатель отказался при вручении: товар не подошел,2026-03-02 7:10:14,2026-03-08 13:58:19,"1,00","11 166,00",Нет,,,,
2026-03-09 5:34:36,99110209-0457-1,501450464230000,501450464230000,CANT-260200-B,Получен,Покупатель отказался при вручении: товар не подошел,2026-03-02 7:10:14,2026-03-08 13:58:19,"1,00","10 290,00",Нет,,,,
2026-03-09 5:34:36,76833885-0711-1,950951909908000,950951909908000,ADR-275400ALL,Получен,Покупатель отменил заказ,2026-03-02 7:17:32,2026-03-08 13:58:19,"1,00","3 478,00",Нет,,,,
2026-03-09 5:34:36,30226302-0602-1,ii11849306767,950941783189000,CASA-255150-VEN,Получен,Покупатель отказался при вручении: товар не подошел,2026-03-02 10:20:54,2026-03-08 13:58:19,"1,00","7 340,00",Да,,,,
2026-03-09 5:34:36,30226302-0602-1,ii11849306766,950941783189000,CALM-255150-BR,Получен,Покупатель отказался при вручении: товар не подошел,2026-03-02 10:20:54,2026-03-08 13:58:19,"1,00","6 060,00",Да,,,,
2026-03-09 5:34:36,30226302-0601-1,ii11849306769,701447638210000,CANT-255150-MILK,Получен,Покупатель отказался при вручении: товар не подошел,2026-03-02 10:20:54,2026-03-08 13:58:19,"1,00","8 482,00",Да,,,,
2026-03-09 5:34:36,30226302-0601-1,ii11849306768,701447638210000,CALM-255150-LAT,Получен,Покупатель отказался при вручении: товар не подошел,2026-03-02 10:20:54,2026-03-08 13:58:19,"1,00","6 060,00",Да,,,,
2026-03-09 5:34:36,29709324-0362-1,ii11851292286,850944699151000,CALM-230300-LAT,Получен,Покупатель передумал,2026-03-02 11:44:25,2026-03-08 13:58:19,"1,00","11 579,00",Да,,,,
2026-03-09 5:34:36,22171493-0124-1,550946684382000,550946684382000,ADR-310290LR,Получен,Покупатель отменил заказ,2026-03-02 11:55:46,2026-03-08 13:58:19,"1,00","3 553,00",Нет,,,,
2026-03-09 5:34:36,41205231-0050-1,ii11812946511,801452150664000,ADR-310250LR(Milk),Получен,Покупатель отказался при вручении: товар не подошел,2026-03-02 16:21:29,2026-03-08 13:58:19,"1,00","3 133,00",Да,,,,
2026-03-09 5:34:36,41205231-0050-1,ii11812946510,801452150664000,ADR-310250LR(Milk),Получен,Покупатель отказался при вручении: товар не подошел,2026-03-02 16:21:29,2026-03-08 13:58:19,"1,00","3 133,00",Да,,,,
2026-03-09 5:34:36,29775271-0084-2,950943201459000,950943201459000,CANT-265250-OLIV,Получен,Покупатель отказался при вручении: товар не подошел,2026-03-02 17:22:06,2026-03-08 13:58:19,"1,00","15 013,00",Нет,,,,
2026-03-09 5:34:36,96269847-0546-1,401441646134000,401441646134000,ADR-120150L,Получен,Покупатель отказался при вручении: товар не подошел,2026-03-02 17:24:36,2026-03-08 13:58:19,"1,00","1 491,00",Нет,,,,
2026-03-09 5:34:36,87971102-0281-1,201679193949000,201679193949000,ADR-270300LR(Grey),Получен,Покупатель отказался при вручении: товар не подошел,2026-03-02 18:59:02,2026-03-08 13:58:19,"1,00","3 147,00",Нет,,,,
2026-03-09 5:34:36,52226183-0391-1,#70#0019880010,701449240315000,ADR-260300V(Milk),Получен,Покупатель передумал,2026-03-02 19:23:12,2026-03-08 13:58:19,"1,00","2 857,00",Да,,,,
2026-03-09 5:34:36,10020317-1793-2,550919053132000,550919053132000,CANT-270300-MILK,Получен,Покупатель отказался при вручении: товар не подошел,2026-03-03 11:46:29,2026-03-08 13:58:19,"1,00","16 860,00",Нет,,,,
2026-03-09 5:34:36,15187894-0300-3,ii11869428795,801428778867000,FEST-270300-BEZH,Получен,Покупатель передумал,2026-03-03 12:40:05,2026-03-08 13:58:19,"1,00","15 088,00",Да,,,,
2026-03-09 5:34:36,32052964-0810-1,ii11837973849,450946895176000,ADR-240500(Shamp),Получен,Покупатель передумал,2026-03-03 14:48:48,2026-03-08 13:58:19,"1,00","3 565,00",Да,,,,
2026-03-09 5:34:36,44684219-0366-1,901455376602000,901455376602000,ADR-260600V(Milk),Получен,Покупатель отказался при вручении: товар не подошел,2026-03-03 16:11:33,2026-03-08 13:58:19,"1,00","5 291,00",Нет,,,,
2026-03-09 5:34:36,44684219-0365-1,901455121715000,901455121715000,ADR-260300V(Milk),Получен,Покупатель отказался при вручении: товар не подошел,2026-03-03 16:11:33,2026-03-08 13:58:19,"1,00","2 857,00",Нет,,,,
2026-03-09 5:34:36,44684219-0365-1,901455121715000,901455121715000,ADR-260300V(Milk),Получен,Покупатель отказался при вручении: товар не подошел,2026-03-03 16:11:33,2026-03-08 13:58:19,"1,00","2 857,00",Нет,,,,
2026-03-09 5:34:36,41652438-0116-1,550936662269000,550936662269000,CANT-265200-MILK,Получен,Покупатель отказался при вручении: товар не подошел,2026-03-03 16:18:54,2026-03-08 13:58:19,"1,00","11 166,00",Нет,,,,
2026-03-09 5:34:36,41652438-0115-1,250933048161000,250933048161000,CANT-265200-PUDR,Получен,Покупатель отказался при вручении: товар не подошел,2026-03-03 16:18:54,2026-03-08 13:58:19,"1,00","11 166,00",Нет,,,,
2026-03-09 5:34:36,48865559-2329-1,ii11841854413,601463053105000,ADR-265300ALL,Получен,Покупатель передумал,2026-03-03 16:48:06,2026-03-08 13:58:19,"1,00","2 793,00",Да,,,,
2026-03-09 5:34:36,48865559-2329-1,ii11841854412,601463053105000,ADR-265300ALL,Получен,Покупатель передумал,2026-03-03 16:48:06,2026-03-08 13:58:19,"1,00","2 793,00",Да,,,,
2026-03-09 5:34:36,08575839-0133-1,ii15995621933,750892611999000,ADR-245450V(Milk),Получен,Покупатель получил не те товары,2026-03-03 21:10:31,2026-03-08 13:58:19,"1,00","4 333,00",Да,соответствует цвету и размеру,,,
2026-03-09 5:34:36,0122002500-1803-1,701458099763000,701458099763000,CANT-260200-MILK,Получен,Покупатель отказался при вручении: товар не подошел,2026-03-03 21:29:32,2026-03-08 13:58:19,"1,00","11 166,00",Нет,,,,
2026-03-09 5:34:36,50134498-0218-1,650950893101000,650950893101000,CANT-260200-LGR,Получен,Покупатель отменил заказ: не устроил срок доставки,2026-03-03 22:34:19,2026-03-08 13:58:19,"1,00","11 166,00",Нет,,,,
2026-03-09 5:34:36,19410883-0628-1,ii11804613160,501426178733000,ADR-300200,Получен,Покупатель передумал,2026-03-04 10:45:21,2026-03-08 13:58:19,"1,00","2 124,00",Да,,,,
2026-03-09 5:34:36,81434188-0095-1,901441194931000,901441194931000,ADR-285350ALL,Получен,Покупатель отказался при вручении: товар не подошел,2026-03-04 12:52:44,2026-03-08 13:58:19,"1,00","3 058,00",Нет,,,,
2026-03-09 5:34:36,56282748-0023-1,950922246995000,950922246995000,CALM-275300-VIOLET,Получен,Покупатель отказался при вручении: товар не подошел,2026-03-04 13:16:29,2026-03-08 13:58:19,"1,00","11 318,00",Нет,,,,
2026-03-09 5:34:36,42002568-0576-1,901456827496000,901456827496000,CANT-260250-OLIV,Получен,Покупатель отменил заказ: нашел дешевле,2026-03-04 14:21:36,2026-03-08 13:58:19,"1,00","15 013,00",Нет,,,,
2026-03-09 5:34:36,70814390-0746-1,501459239888000,501459239888000,CANT-255250-LAT,Получен,Покупатель отказался при вручении: товар не подошел,2026-03-04 20:07:03,2026-03-08 13:58:19,"1,00","13 561,00",Нет,,,,
2026-03-09 5:34:36,47225189-0296-1,#70#0015009906,350936949819000,CASA-260200-PUDR,Получен,Покупатель передумал,2026-03-04 21:27:21,2026-03-08 13:58:19,"1,00","9 963,00",Да,,,,
2026-03-09 5:34:36,15062971-0682-1,ii11839690638,950946265280000,ADR-255600L(Grey),Получен,Покупатель передумал,2026-03-05 9:27:28,2026-03-08 13:58:19,"1,00","4 850,00",Да,,,,
2026-03-09 5:34:36,39331275-0375-1,250949942158000,250949942158000,CALM-275200-LAT,Получен,Покупатель отказался при вручении: товар не подошел,2026-03-05 17:44:40,2026-03-08 13:58:19,"1,00","8 166,00",Нет,,,,
2026-03-11 5:34:35,83224623-0115-5,ii11826621341,701449030409000,CANT-255200-OLIV,Получен,Покупатель отказался при вручении: товар не подошел,2026-02-28 19:25:18,2026-03-10 11:48:37,"1,00","11 166,00",Да,,,,
2026-03-11 5:34:35,83224623-0115-1,901451720870000,901451720870000,CANT-255200-MILK,Получен,Покупатель отказался при вручении: товар не подошел,2026-02-28 19:25:19,2026-03-10 11:48:37,"1,00","10 729,00",Нет,,,,
2026-03-11 5:34:35,83224623-0115-1,901451720870000,901451720870000,CANT-255200-CREAM,Получен,Покупатель отказался при вручении: товар не подошел,2026-02-28 19:25:19,2026-03-10 11:48:37,"1,00","11 166,00",Нет,,,,
2026-03-11 5:34:35,83224623-0115-3,701449030408000,701449030408000,CANT-255200-B,Получен,Покупатель отказался при вручении: товар не подошел,2026-02-28 19:25:19,2026-03-10 11:48:37,"1,00","10 290,00",Нет,,,,
2026-03-11 5:34:35,83224623-0115-3,701449030408000,701449030408000,CANT-255200-SIL,Получен,Покупатель отказался при вручении: товар не подошел,2026-02-28 19:25:19,2026-03-10 11:48:37,"1,00","9 855,00",Нет,,,,
2026-03-11 5:34:35,0108276139-0493-2,ii11432779454,550938859677000,ADR-255300(Shamp),Получен,Товар не работает / брак,2026-03-02 16:24:16,2026-03-10 11:48:37,"1,00","2 557,00",Да,,,,
2026-03-11 5:34:35,0108276139-0493-2,ii5274286992,550938859677000,ADR-255300(Shamp),Получен,Товар не работает / брак,2026-03-02 16:24:16,2026-03-10 11:48:37,"1,00","2 557,00",Да,,,,
2026-03-11 5:34:35,0108276139-0493-2,ii5274286991,550938859677000,ADR-255300(Shamp),Получен,Товар не работает / брак,2026-03-02 16:24:16,2026-03-10 11:48:37,"1,00","2 557,00",Да,,,,
2026-03-11 5:34:35,43152060-0949-1,701450010621000,701450010621000,CANT-270150-GR,Получен,Покупатель отказался при вручении: товар не подошел,2026-03-02 18:54:16,2026-03-10 11:48:37,"1,00","7 750,00",Нет,,,,
2026-03-11 5:34:35,0118394936-1699-1,901455033382000,901455033382000,CANT-245200-OLIV,Получен,Покупатель отказался при вручении: товар не подошел,2026-03-03 16:27:11,2026-03-10 11:48:37,"1,00","11 166,00",Нет,,,,
2026-03-11 5:34:35,0122928233-0524-1,ii11825881409,650941748099000,CALM-220150-LAT,Получен,Покупатель передумал,2026-03-03 18:33:19,2026-03-10 11:48:37,"1,00","6 060,00",Да,,,,
2026-03-11 5:34:35,0152287271-0083-1,ii11423881638,350939736900000,ADR-265150L(Shamp),Получен,Покупатель отказался при вручении: товар не подошел,2026-03-04 13:22:01,2026-03-10 11:48:37,"1,00","1 864,00",Да,,,,
2026-03-11 5:34:35,77572551-0571-1,601463048879000,601463048879000,NAV-CANV-4040-GREEN,Получен,Покупатель отказался при вручении: товар не подошел,2026-03-04 16:32:17,2026-03-10 11:48:37,"1,00","530,00",Нет,,,,
2026-03-11 5:34:35,60681106-0273-1,ii9100762262,901427941752000,ADR-300290V,Получен,Покупатель отказался при вручении: товар не подошел,2026-03-04 17:25:47,2026-03-10 11:48:37,"1,00","2 938,00",Да,,,,
2026-03-11 5:34:35,60681106-0273-1,ii9100762264,901427941752000,ADR-300290V,Получен,Покупатель отказался при вручении: товар не подошел,2026-03-04 17:25:47,2026-03-10 11:48:37,"1,00","2 938,00",Да,,,,
2026-03-11 5:34:35,0198016290-0046-1,201678793317000,201678793317000,CANT-270150-OLIV,Получен,Покупатель отказался при вручении: товар не подошел,2026-03-04 18:16:10,2026-03-10 11:48:37,"1,00","8 482,00",Нет,,,,
2026-03-11 5:34:35,41925328-0315-1,ii11409989783,450919631010000,CASA-255300-MLK,Получен,Покупатель передумал,2026-03-04 18:51:24,2026-03-10 11:48:37,"1,00","15 026,00",Да,,,,
2026-03-11 5:34:35,68176806-0436-1,301467733354000,301467733354000,CANT-265300-CAP,Получен,Покупатель отказался при вручении: товар не подошел,2026-03-04 21:49:06,2026-03-10 11:48:37,"1,00","16 860,00",Нет,,,,
2026-03-11 5:34:35,45925643-1589-1,950952573772000,950952573772000,ADR-250600LR(Milk),Получен,Покупатель отказался при вручении: товар не подошел,2026-03-05 11:11:19,2026-03-10 11:48:37,"1,00","5 439,00",Нет,,,,
2026-03-11 5:34:35,13625705-0492-1,450955585893000,450955585893000,CANT-260300-MILK,Получен,Покупатель отменил заказ: нашел дешевле,2026-03-05 11:39:33,2026-03-10 11:48:37,"1,00","16 860,00",Нет,,,,
2026-03-11 5:34:35,35092019-0519-1,501457919833000,501457919833000,CALM-255300-GREEN,Получен,Покупатель отказался при вручении: товар не подошел,2026-03-05 13:54:05,2026-03-10 11:48:37,"1,00","11 579,00",Нет,,,,
2026-03-11 5:34:35,69194620-0119-1,ii11829568975,501461210137000,CANT-260200-LAT,Получен,Покупатель отказался при вручении: товар не подошел,2026-03-05 15:13:33,2026-03-10 11:48:37,"1,00","10 290,00",Да,,,,
2026-03-11 5:34:35,69194620-0119-1,ii11829568976,501461210137000,CANT-260200-OLIV,Получен,Покупатель отказался при вручении: товар не подошел,2026-03-05 15:13:33,2026-03-10 11:48:37,"1,00","11 166,00",Да,,,,
2026-03-11 5:34:35,0113306853-0231-1,ii11429056324,601464180185000,ADR-265300(Grey),Получен,Покупатель отказался при вручении: товар не подошел,2026-03-05 19:59:32,2026-03-10 11:48:37,"1,00","2 557,00",Да,,,,
2026-03-11 5:34:35,68176806-0434-1,ii11875279385,801454274512000,CANT-265150-OLIV,Получен,Покупатель передумал,2026-03-05 20:19:42,2026-03-10 11:48:37,"1,00","8 482,00",Да,,,,
2026-03-11 5:34:35,33011780-0358-1,350939508311000,350939508311000,ADR-250500V(Milk),Получен,Покупатель отказался при вручении: товар не подошел,2026-03-05 20:34:52,2026-03-10 11:48:37,"1,00","4 427,00",Нет,,,,
2026-03-11 5:34:35,33011780-0358-1,350939508311000,350939508311000,ADR-250500V(Milk),Получен,Покупатель отказался при вручении: товар не подошел,2026-03-05 20:34:52,2026-03-10 11:48:37,"1,00","4 427,00",Нет,,,,
2026-03-11 5:34:35,33011780-0358-1,350939508311000,350939508311000,ADR-250500V(Milk),Получен,Покупатель отказался при вручении: товар не подошел,2026-03-05 20:34:52,2026-03-10 11:48:37,"1,00","4 427,00",Нет,,,,
2026-03-11 5:34:35,33011780-0358-1,350939508311000,350939508311000,ADR-250500V(Milk),Получен,Покупатель отказался при вручении: товар не подошел,2026-03-05 20:34:52,2026-03-10 11:48:37,"1,00","4 427,00",Нет,,,,
2026-03-11 5:34:35,26311146-0859-1,ii11808556181,901461433565000,CASA-265150-BLUE,Получен,Покупатель передумал,2026-03-05 20:51:51,2026-03-10 11:48:37,"1,00","7 340,00",Да,,,,
2026-03-11 5:34:35,58365768-0090-1,950957352399000,950957352399000,ADR-310290V(Milk),Получен,Покупатель отменил заказ,2026-03-05 21:34:35,2026-03-10 11:48:37,"1,00","3 017,00",Нет,,,,
2026-03-11 5:34:35,58365768-0090-1,950957352399000,950957352399000,ADR-310290V(Milk),Получен,Покупатель отменил заказ,2026-03-05 21:34:35,2026-03-10 11:48:37,"1,00","3 017,00",Нет,,,,
2026-03-11 5:34:35,50778357-0041-2,801456752731000,801456752731000,ADR-300200(Grey),Получен,Покупатель отказался при вручении: товар не подошел,2026-03-06 10:21:00,2026-03-10 11:48:37,"1,00","2 082,00",Нет,,,,
2026-03-11 5:34:35,13173794-0301-1,250953151798000,250953151798000,CANT-255250-LAT,Получен,Покупатель отказался при вручении: товар не подошел,2026-03-06 16:39:40,2026-03-10 11:48:37,"1,00","13 561,00",Нет,,,,
2026-03-11 5:34:35,62787542-0144-1,ii7082096401,301474127575000,ADR-240100(Grey),Получен,Покупатель передумал,2026-03-06 19:25:34,2026-03-10 11:48:37,"1,00","1 378,00",Да,,,,
2026-03-11 5:34:35,72729719-0300-3,501456085023000,501456085023000,FEST-270300-BEZH,Получен,Покупатель отказался при вручении: товар не подошел,2026-03-06 20:25:00,2026-03-10 11:48:37,"1,00","14 346,00",Нет,,,,
2026-03-11 5:34:35,16520230-1693-1,301479536730000,301479536730000,FEST-250200-BIR,Получен,Покупатель отменил заказ: нашел дешевле,2026-03-06 20:51:46,2026-03-10 11:48:37,"1,00","9 740,00",Нет,,,,
2026-03-11 5:34:35,20868114-0436-3,250953838098000,250953838098000,CASA-245250-VEN,Получен,Покупатель отменил заказ,2026-03-06 23:36:12,2026-03-10 11:48:37,"1,00","13 034,00",Нет,,,,
2026-03-11 5:34:35,91102177-0312-1,250953233862000,250953233862000,ADR-265400L(Shamp),Получен,Покупатель отказался при вручении: товар не подошел,2026-03-07 11:31:39,2026-03-10 11:48:37,"1,00","3 127,00",Нет,,,,
2026-03-11 5:34:35,91102177-0312-1,250953233862000,250953233862000,ADR-265400L(Shamp),Получен,Покупатель отказался при вручении: товар не подошел,2026-03-07 11:31:39,2026-03-10 11:48:37,"1,00","3 127,00",Нет,,,,
2026-03-11 5:34:35,31668921-0427-2,650956474336000,650956474336000,ADR-230400(Shamp),Получен,Покупатель отказался при вручении: товар не подошел,2026-03-07 12:28:02,2026-03-10 11:48:37,"1,00","3 033,00",Нет,,,,
2026-03-11 5:34:35,06279484-1152-1,950967995310000,950967995310000,ADR-250200LR(Milk),Получен,Покупатель отменил заказ,2026-03-07 14:11:34,2026-03-10 11:48:37,"1,00","2 445,00",Нет,,,,
2026-03-13 5:34:37,29387931-0578-1,550942774674000,550942774674000,CANT-260150-OLIV,Получен,Покупатель отказался при вручении: товар не подошел,2026-03-04 14:35:41,2026-03-12 13:14:41,"1,00","8 482,00",Нет,,,,
2026-03-13 5:34:37,50911063-0485-1,ii11441774336,550946787743000,ADR-245150(Shamp),Получен,Покупатель передумал,2026-03-04 19:54:11,2026-03-12 13:14:41,"1,00","1 777,00",Да,,,,
2026-03-13 5:34:37,49444963-0174-1,250942157859000,250942157859000,CALM-255200-LAT,Получен,Покупатель отказался при вручении: товар не подошел,2026-03-05 14:38:07,2026-03-12 13:14:41,"1,00","8 166,00",Нет,,,,
2026-03-13 5:34:37,33387868-0113-2,ii11862679382,850948520115000,ADR-245350V(Milk),Получен,Покупатель отказался при вручении: товар не подошел,2026-03-05 17:06:35,2026-03-12 13:14:41,"1,00","3 321,00",Да,,,,
2026-03-13 5:34:37,33387868-0113-2,ii11862679384,850948520115000,ADR-245350L(Shamp),Получен,Покупатель отказался при вручении: товар не подошел,2026-03-05 17:06:35,2026-03-12 13:14:41,"1,00","2 953,00",Да,,,,
2026-03-13 5:34:37,33387868-0113-2,ii11862679383,850948520115000,ADR-245350(Shamp),Получен,Покупатель отказался при вручении: товар не подошел,2026-03-05 17:06:35,2026-03-12 13:14:41,"1,00","2 807,00",Да,,,,
2026-03-13 5:34:37,61102619-0563-1,801464431194000,801464431194000,CANT-270250-OLIV,Получен,Покупатель отменил заказ,2026-03-05 18:56:23,2026-03-12 13:14:41,"1,00","15 013,00",Нет,,,,
2026-03-13 5:34:37,0126286373-0283-1,750941980381000,750941980381000,CANT-240250-LAT,Получен,Покупатель отказался при вручении: товар не подошел,2026-03-06 11:53:19,2026-03-12 13:14:41,"1,00","13 561,00",Нет,,,,
2026-03-13 5:34:37,05145299-0461-3,ii11805612156,201663732489000,ADR-265300V(Milk),Получен,Покупатель передумал,2026-03-06 15:42:14,2026-03-12 13:14:41,"1,00","2 857,00",Да,,,,
2026-03-13 5:34:37,03018101-0288-1,ii5522920241,201683800342000,CASA-250200-LGR,Получен,Покупатель передумал,2026-03-06 16:11:29,2026-03-12 13:14:41,"1,00","9 963,00",Да,,,,
2026-03-13 5:34:37,41358327-0181-1,601463063438000,601463063438000,ADR-210350(Shamp),Получен,Покупатель отказался при вручении: товар не подошел,2026-03-06 18:31:31,2026-03-12 13:14:41,"1,00","2 807,00",Нет,,,,
2026-03-13 5:34:37,44589973-0059-1,ii11421282240,350941814444000,CALM-245200-GREEN,Получен,Покупатель отказался при вручении: товар не подошел,2026-03-06 19:41:00,2026-03-12 13:14:41,"1,00","8 166,00",Да,,,,
2026-03-13 5:34:37,44589973-0059-1,ii11421282239,350941814444000,CALM-245200-GREEN,Получен,Покупатель отказался при вручении: товар не подошел,2026-03-06 19:41:00,2026-03-12 13:14:41,"1,00","8 166,00",Да,,,,
2026-03-13 5:34:37,43598939-0254-1,ii11834440334,201686622438000,ADR-265300V(Milk),Получен,Покупатель отказался при вручении: товар не подошел,2026-03-07 9:55:15,2026-03-12 13:14:41,"1,00","2 857,00",Да,,,,
2026-03-13 5:34:37,43598939-0254-1,ii11834440335,201686622438000,ADR-265300V(Milk),Получен,Покупатель отказался при вручении: товар не подошел,2026-03-07 9:55:15,2026-03-12 13:14:41,"1,00","2 857,00",Да,,,,
2026-03-13 5:34:37,47668106-0088-2,ii11440582039,701455487950000,ADR-260400(Grey),Получен,Покупатель отказался при вручении: товар не подошел,2026-03-07 12:52:37,2026-03-12 13:14:41,"1,00","3 033,00",Да,,,,
2026-03-13 5:34:37,47668106-0088-2,ii11440582038,701455487950000,ADR-260350(Grey),Получен,Покупатель отказался при вручении: товар не подошел,2026-03-07 12:52:37,2026-03-12 13:14:41,"1,00","2 842,00",Да,,,,
2026-03-13 5:34:37,47668106-0088-2,ii11440582040,701455487950000,ADR-260400(Grey),Получен,Покупатель отказался при вручении: товар не подошел,2026-03-07 12:52:37,2026-03-12 13:14:41,"1,00","3 033,00",Да,,,,
2026-03-13 5:34:37,80785390-0083-1,ii9098035407,950929289811000,ADR-255500,Получен,Покупатель отказался при вручении: товар не подошел,2026-03-07 12:54:21,2026-03-12 13:14:41,"1,00","3 565,00",Да,,,,
2026-03-13 5:34:37,80785390-0083-1,ii9098035406,950929289811000,ADR-255500,Получен,Покупатель отказался при вручении: товар не подошел,2026-03-07 12:54:21,2026-03-12 13:14:41,"1,00","3 565,00",Да,,,,
2026-03-13 5:34:37,29536604-0064-1,501473004276000,501473004276000,CANT-260200-OLIV,Получен,Покупатель отказался при вручении: товар не подошел,2026-03-07 14:37:24,2026-03-12 13:14:41,"1,00","11 166,00",Нет,,,,
2026-03-13 5:34:37,33132110-0456-2,750950338572000,750950338572000,CANT-240150-BLUE,Получен,Покупатель отказался при вручении: товар не подошел,2026-03-07 19:13:15,2026-03-12 13:14:41,"1,00","8 482,00",Нет,,,,
2026-03-13 5:34:37,03527827-1824-1,ii15990292296,201686876424000,CANT-250150-OLIV,Получен,Покупатель передумал,2026-03-07 20:16:14,2026-03-12 13:14:41,"1,00","8 482,00",Да,,,,
2026-03-13 5:34:37,28008138-0179-1,701461359814000,701461359814000,CALM-265150-GREEN,Получен,Покупатель отказался при вручении: товар не подошел,2026-03-07 20:22:17,2026-03-12 13:14:41,"1,00","6 060,00",Нет,,,,
2026-03-13 5:34:37,62880859-0137-3,401472277787000,401472277787000,CANT-255200-OLIV,Получен,Покупатель отменил заказ,2026-03-08 12:38:19,2026-03-12 13:14:41,"1,00","11 166,00",Нет,,,,
2026-03-13 5:34:37,43217148-0292-3,450937451427000,450937451427000,STEL-245300GR,Получен,Покупатель отказался при вручении: товар не подошел,2026-03-08 13:53:52,2026-03-12 13:14:41,"1,00","14 288,00",Нет,,,,
2026-03-13 5:34:37,16520230-1698-1,701474232366000,701474232366000,FEST-250200-BIR,Получен,Покупатель отменил заказ: нашел дешевле,2026-03-08 14:21:50,2026-03-12 13:14:41,"1,00","9 740,00",Нет,,,,
2026-03-13 5:34:37,45282922-0534-1,ii9113281223,550935055295000,ADR-265250,Получен,Покупатель передумал,2026-03-08 15:53:17,2026-03-12 13:14:41,"1,00","2 272,00",Да,,,,
2026-03-13 5:34:37,34222416-0423-2,350964513457000,350964513457000,CANT-260200-CAP,Получен,Покупатель отказался при вручении: товар не подошел,2026-03-08 18:50:16,2026-03-12 13:14:41,"1,00","11 166,00",Нет,,,,
2026-03-13 5:34:37,34222416-0423-7,801472696642000,801472696642000,CANT-260200-OLIV,Получен,Покупатель отказался при вручении: товар не подошел,2026-03-08 18:50:16,2026-03-12 13:14:41,"1,00","11 166,00",Нет,,,,
2026-03-13 5:34:37,34222416-0423-9,801472696643000,801472696643000,CANT-260200-PUDR,Получен,Покупатель отказался при вручении: товар не подошел,2026-03-08 18:50:16,2026-03-12 13:14:41,"1,00","11 166,00",Нет,,,,
2026-03-13 5:34:37,35695109-0334-3,650959246818000,650959246818000,STEL-255200CR,Получен,Покупатель отказался при вручении: товар не подошел,2026-03-08 19:24:19,2026-03-12 13:14:41,"1,00","9 797,00",Нет,,,,
2026-03-13 5:34:37,46839625-0277-4,750959618968000,750959618968000,CANT-270250-PUDR,Получен,Покупатель отказался при вручении: товар не подошел,2026-03-08 19:52:17,2026-03-12 13:14:41,"1,00","11 166,00",Нет,,,,
2026-03-13 5:34:37,46839625-0277-11,301480980060000,301480980060000,CANT-270200-BLUE,Получен,Покупатель отказался при вручении: товар не подошел,2026-03-08 19:52:17,2026-03-12 13:14:41,"1,00","11 166,00",Нет,,,,
2026-03-13 5:34:37,46667723-0036-1,ii11438444758,850961981818000,ADR-220300V,Получен,Покупатель передумал,2026-03-09 15:12:41,2026-03-12 13:14:41,"1,00","2 844,00",Да,,,,
2026-03-15 5:34:38,0110496101-0202-1,201678762923000,201678762923000,CANT-260200-OLIV,Получен,Покупатель отказался при вручении: товар не подошел,2026-03-05 11:30:43,2026-03-14 14:30:57,"1,00","11 166,00",Нет,,,,
2026-03-15 5:34:38,43416565-0339-1,ii15869353477,750925773351000,ADR-255500L,Получен,Покупатель передумал,2026-03-05 16:42:24,2026-03-14 14:30:57,"1,00","3 860,00",Да,,,,
2026-03-15 5:34:38,0124818772-0504-1,ii11811405210,850951560417000,CANT-260150-MILK,Получен,Покупатель отказался при вручении: товар не подошел,2026-03-06 13:14:07,2026-03-14 14:30:57,"1,00","8 482,00",Да,,,,
2026-03-15 5:34:38,75978326-0028-1,301457909883000,301457909883000,ADR-270400V(Milk),Получен,Покупатель отказался при вручении: товар не подошел,2026-03-06 17:30:24,2026-03-14 14:30:57,"1,00","3 780,00",Нет,,,,
2026-03-15 5:34:38,04856119-1357-1,901465545325000,901465545325000,ADR-300290V(Milk),Получен,Покупатель отказался при вручении: товар не подошел,2026-03-07 14:29:34,2026-03-14 14:30:57,"1,00","3 017,00",Нет,,,,
2026-03-15 5:34:38,0148151228-0082-2,450949789075000,450949789075000,ADR-210150V(Milk),Получен,Покупатель отменил заказ,2026-03-07 14:42:13,2026-03-14 14:30:57,"1,00","1 990,00",Нет,,,,
2026-03-15 5:34:38,0148151228-0082-2,450949789075000,450949789075000,ADR-210150V(Milk),Получен,Покупатель отменил заказ,2026-03-07 14:42:13,2026-03-14 14:30:57,"1,00","1 990,00",Нет,,,,
2026-03-15 5:34:38,48027135-0122-1,901461331495000,901461331495000,CANT-245200-LAT,Получен,Покупатель отказался при вручении: товар не подошел,2026-03-07 14:57:04,2026-03-14 14:30:57,"1,00","10 290,00",Нет,,,,
2026-03-15 5:34:38,88480588-0183-1,250933453534000,250933453534000,ADR-140150(Shamp),Получен,Покупатель отказался при вручении: товар не подошел,2026-03-07 18:42:39,2026-03-14 14:30:57,"1,00","1 421,00",Нет,,,,
2026-03-15 5:34:38,16037341-0329-1,ii15883750160,450912939129000,ADR-260250V(Grey),Получен,Покупатель передумал,2026-03-08 11:07:02,2026-03-14 14:30:57,"1,00","2 766,00",Да,,,,
2026-03-15 5:34:38,05131420-1008-8,ii11825472540,450938737268000,CANT-260250-OLIV,Получен,Покупатель передумал,2026-03-08 13:07:10,2026-03-14 14:30:57,"1,00","15 013,00",Да,,,,
2026-03-15 5:34:38,47110619-0309-1,ii7071520336,601465073786000,CANT-245250-CAP,Получен,Покупатель отказался при вручении: товар не подошел,2026-03-08 13:30:26,2026-03-14 14:30:57,"1,00","15 013,00",Да,,,,
2026-03-15 5:34:38,47110619-0309-5,ii7071520334,301467826228000,ADR-245500V,Получен,Покупатель отказался при вручении: товар не подошел,2026-03-08 13:30:26,2026-03-14 14:30:57,"1,00","4 148,00",Да,,,,
2026-03-15 5:34:38,47110619-0309-3,ii7071520337,301467826227000,CANT-245250-LAT,Получен,Покупатель отказался при вручении: товар не подошел,2026-03-08 13:30:26,2026-03-14 14:30:57,"1,00","13 561,00",Да,,,,
2026-03-15 5:34:38,31929414-0174-1,350959408071000,350959408071000,CASA-260150-OLIV,Получен,Покупатель отказался при вручении: товар не подошел,2026-03-08 16:05:13,2026-03-14 14:30:57,"1,00","7 340,00",Нет,,,,
2026-03-15 5:34:38,68152147-0375-1,ii11833678125,701472335571000,CASA-240300-MLK,Получен,Покупатель передумал,2026-03-08 18:57:19,2026-03-14 14:30:57,"1,00","14 726,00",Да,,,,
2026-03-15 5:34:38,35695109-0334-1,650957704176000,650957704176000,STEL-255200B,Получен,Покупатель отказался при вручении: товар не подошел,2026-03-08 19:24:19,2026-03-14 14:30:57,"1,00","9 797,00",Нет,,,,
2026-03-15 5:34:38,35695109-0334-1,650957704176000,650957704176000,STEL-255200CAP,Получен,Покупатель отказался при вручении: товар не подошел,2026-03-08 19:24:19,2026-03-14 14:30:57,"1,00","9 797,00",Нет,,,,
2026-03-15 5:34:38,23644773-1520-1,450960503556000,450960503556000,CANT-240300-CAP,Получен,Покупатель отказался при вручении: товар не подошел,2026-03-09 11:18:28,2026-03-14 14:30:57,"1,00","16 860,00",Нет,,,,
2026-03-15 5:34:38,40172913-0568-1,ii11409129565,950952451128000,ADR-230500V(Grey),Получен,Покупатель передумал,2026-03-09 11:20:16,2026-03-14 14:30:57,"1,00","4 550,00",Да,,,,
2026-03-15 5:34:38,0130341649-0577-5,ii11852277297,950962225563000,ADR-120300V,Получен,Покупатель отказался при вручении: товар не подошел,2026-03-09 16:05:08,2026-03-14 14:30:57,"1,00","2 034,00",Да,,,,
2026-03-15 5:34:38,14451827-2672-1,ii9112083682,301476972619000,ADR-245250(Grey),Получен,Покупатель передумал,2026-03-09 16:23:17,2026-03-14 14:30:57,"1,00","2 272,00",Да,,,,
2026-03-15 5:34:38,06279484-1160-1,850966615962000,850966615962000,ADR-230300LR(Milk),Получен,Покупатель отказался при вручении: товар не подошел,2026-03-09 16:51:50,2026-03-14 14:30:57,"1,00","3 261,00",Нет,,,,
2026-03-15 5:34:38,32937482-0290-1,701460379518000,701460379518000,CANT-270150-OLIV,Получен,Покупатель отказался при вручении: товар не подошел,2026-03-09 18:18:59,2026-03-14 14:30:57,"1,00","8 482,00",Нет,,,,
2026-03-15 5:34:38,65692296-0073-1,850961624564000,850961624564000,ADR-255300V(Milk),Получен,Покупатель отказался при вручении: товар не подошел,2026-03-09 19:07:20,2026-03-14 14:30:57,"1,00","2 857,00",Нет,,,,
2026-03-15 5:34:38,0130360682-0222-1,350937396355000,350937396355000,CASA-230250-VEN,Получен,Покупатель отказался при вручении: товар не подошел,2026-03-09 20:33:49,2026-03-14 14:30:57,"1,00","13 034,00",Нет,,,,
2026-03-15 5:34:38,39285988-0418-1,301426581387000,301426581387000,ADR-320250V,Получен,Покупатель не забрал заказ,2026-03-10 0:01:59,2026-03-14 14:30:57,"1,00","2 835,00",Нет,,,,
2026-03-15 5:34:38,39285988-0418-1,301426581387000,301426581387000,ADR-320250V,Получен,Покупатель не забрал заказ,2026-03-10 0:01:59,2026-03-14 14:30:57,"1,00","2 835,00",Нет,,,,
2026-03-15 5:34:38,08406859-0348-2,601444553732000,601444553732000,ADR-275500(Shamp),Получен,Покупатель не забрал заказ,2026-03-10 0:10:13,2026-03-14 14:30:57,"1,00","3 565,00",Нет,,,,
2026-03-15 5:34:38,75909102-0121-1,ii15857128484,301475844598000,CALM-260200-GREEN,Получен,Покупатель передумал,2026-03-10 11:07:18,2026-03-14 14:30:57,"1,00","8 166,00",Да,,,,
2026-03-15 5:34:38,24143949-0576-1,ii11875283419,450906130117000,CANT-265200-SIL,Получен,Покупатель передумал,2026-03-10 11:53:46,2026-03-14 14:30:57,"1,00","10 535,00",Да,,,,
2026-03-15 5:34:38,47263900-0438-1,750964366412000,750964366412000,CANT-270200-MILK,Получен,Покупатель отказался при вручении: товар не подошел,2026-03-10 20:22:02,2026-03-14 14:30:57,"1,00","11 166,00",Нет,,,,
2026-03-18 5:34:35,08166241-0126-4,ii9100733207,450951023494000,ADR-260500V(Milk),Получен,Покупатель отказался при вручении: товар не подошел,2026-03-08 13:54:51,2026-03-17 10:15:14,"1,00","4 427,00",Да,,,,
2026-03-18 5:34:35,63913365-0140-1,ii11866908978,801460470650000,CANT-270300-OLIV,Получен,Покупатель передумал,2026-03-10 8:51:09,2026-03-17 10:15:14,"1,00","16 860,00",Да,,,,
2026-03-18 5:34:35,62874944-0827-1,501453198807000,501453198807000,CALM-250250-BLUE,Получен,Покупатель отказался при вручении: товар не подошел,2026-03-10 13:16:05,2026-03-17 10:15:14,"1,00","9 589,00",Нет,,,,
2026-03-18 5:34:35,14985453-0247-2,250925135178000,250925135178000,FEST-250200-BEZH,Получен,Покупатель не забрал заказ,2026-03-11 0:11:34,2026-03-17 10:15:14,"1,00","9 740,00",Нет,,,,
2026-03-18 5:34:35,46268802-0513-1,ii11808102931,501443096028000,ADR-250300ALL,Получен,Товар поддельный,2026-03-11 9:48:13,2026-03-17 10:15:14,"1,00","2 793,00",Да,,,,
2026-03-18 5:34:35,46268802-0513-1,ii11808102932,501443096028000,ADR-250300ALL,Получен,Товар поддельный,2026-03-11 9:48:13,2026-03-17 10:15:14,"1,00","2 793,00",Да,,,,
2026-03-18 5:34:35,46268802-0514-1,ii11808102930,950948226280000,ADR-250250ALL,Получен,Товар поддельный,2026-03-11 9:48:13,2026-03-17 10:15:14,"1,00","2 485,00",Да,,,,
2026-03-18 5:34:35,46268802-0514-1,ii11808102929,950948226280000,ADR-250250ALL,Получен,Товар поддельный,2026-03-11 9:48:13,2026-03-17 10:15:14,"1,00","2 485,00",Да,,,,
2026-03-18 5:34:35,42964888-0139-1,401449560437000,401449560437000,CANT-270200-BLUE,Получен,Покупатель отказался при вручении: товар не подошел,2026-03-11 14:46:15,2026-03-17 10:15:14,"1,00","11 166,00",Нет,,,,
2026-03-18 5:34:35,42964888-0136-2,501450315697000,501450315697000,CANT-270200-LGR,Получен,Покупатель отказался при вручении: товар не подошел,2026-03-11 14:46:15,2026-03-17 10:15:14,"1,00","11 166,00",Нет,,,,
2026-03-18 5:34:35,04642517-0413-1,801472553192000,801472553192000,ADR-150300(Shamp),Получен,Покупатель отказался при вручении: товар не подошел,2026-03-11 16:30:58,2026-03-17 10:15:14,"1,00","1 949,00",Нет,,,,
2026-03-18 5:34:35,34268000-0192-1,ii11857152480,701455778247000,CANT-265250-SIL,Получен,Покупатель получил не те товары,2026-03-11 16:55:47,2026-03-17 10:15:14,"1,00","13 561,00",Да,,,,
2026-03-18 5:34:35,09684925-0438-1,ii11850157768,950968216421000,ADR-285700(Shamp),Получен,Покупатель передумал,2026-03-11 18:17:02,2026-03-17 10:15:14,"1,00","4 922,00",Да,,,,
2026-03-18 5:34:35,19310331-0410-3,701480736473000,701480736473000,CANT-255300-LAT,Получен,Покупатель отказался при вручении: товар не подошел,2026-03-11 20:08:50,2026-03-17 10:15:14,"1,00","15 546,00",Нет,,,,
2026-03-18 5:34:35,0144233951-0179-2,950962413367000,950962413367000,CALM-245200-LAT,Получен,Покупатель отказался при вручении: товар не подошел,2026-03-12 7:21:48,2026-03-17 10:15:14,"1,00","8 166,00",Нет,,,,
2026-03-18 5:34:35,18331342-0684-1,ii11858142097,601474723164000,ADR-255400(Shamp),Получен,Покупатель передумал,2026-03-12 11:08:22,2026-03-17 10:15:14,"1,00","3 033,00",Да,,,,
2026-03-18 5:34:35,0118623502-0121-1,601477336572000,601477336572000,CALM-265250-GREEN,Получен,Покупатель отказался при вручении: товар не подошел,2026-03-12 11:39:38,2026-03-17 10:15:14,"1,00","9 589,00",Нет,,,,
2026-03-18 5:34:35,83166147-0065-1,450967495119000,450967495119000,CASA-265300-B,Получен,Покупатель отказался при вручении: товар не подошел,2026-03-12 12:08:27,2026-03-17 10:15:14,"1,00","14 726,00",Нет,,,,
2026-03-18 5:34:35,34628819-0615-1,#70#0013252933,301471128277000,ADR-275250LR,Получен,Покупатель передумал,2026-03-12 13:34:13,2026-03-17 10:15:14,"1,00","2 726,00",Да,,,,
2026-03-18 5:34:35,74039187-0534-1,801470987661000,801470987661000,ADR-260600V(Milk),Получен,Покупатель отказался при вручении: товар не подошел,2026-03-12 14:23:50,2026-03-17 10:15:14,"1,00","5 291,00",Нет,,,,
2026-03-18 5:34:35,50770685-0087-1,201700723890000,201700723890000,CANT-270250-OLIV,Получен,Покупатель отказался при вручении: товар не подошел,2026-03-12 17:39:51,2026-03-17 10:15:14,"1,00","15 013,00",Нет,,,,
2026-03-18 5:34:35,50770685-0083-3,950962097330000,950962097330000,CANT-270200-MILK,Получен,Покупатель отказался при вручении: товар не подошел,2026-03-12 17:39:51,2026-03-17 10:15:14,"1,00","11 166,00",Нет,,,,
2026-03-18 5:34:35,50770685-0086-3,801472953131000,801472953131000,CANT-265250-OLIV,Получен,Покупатель отказался при вручении: товар не подошел,2026-03-12 17:39:51,2026-03-17 10:15:14,"1,00","15 013,00",Нет,,,,
2026-03-18 5:34:35,69319481-0459-3,950967624504000,950967624504000,ADR-255500(Shamp),Получен,Покупатель отказался при вручении: товар не подошел,2026-03-12 18:04:25,2026-03-17 10:15:14,"1,00","3 565,00",Нет,,,,
2026-03-18 5:34:35,48913108-0191-1,450969508168000,450969508168000,CANT-250150-OLIV,Получен,Покупатель отказался при вручении: в заказе не тот товар,2026-03-12 19:16:09,2026-03-17 10:15:14,"1,00","8 482,00",Нет,,,,
2026-03-18 5:34:35,43823334-0157-1,ii11421822751,701483705756000,CANT-270250-CREAM,Получен,Упаковка и товар повреждены,2026-03-13 9:14:02,2026-03-17 10:15:14,"1,00","15 013,00",Да,,,,
2026-03-18 5:34:35,25087058-0083-1,601476997919000,601476997919000,CANT-250250-PUDR,Получен,Покупатель отказался при вручении: товар не подошел,2026-03-13 14:38:19,2026-03-17 10:15:14,"1,00","11 166,00",Нет,,,,
2026-03-18 5:34:35,35695109-0339-1,ii15997516249,950972649875000,CANT-250150-MILK,Получен,Покупатель отказался при вручении: товар не подошел,2026-03-13 16:08:26,2026-03-17 10:15:14,"1,00","8 482,00",Да,,,,
2026-03-18 5:34:35,35695109-0339-1,ii15997516248,950972649875000,CANT-250200-OLIV,Получен,Покупатель отказался при вручении: товар не подошел,2026-03-13 16:08:26,2026-03-17 10:15:14,"1,00","11 166,00",Да,,,,
2026-03-18 5:34:35,36505558-0540-1,ii11826978737,301467737857000,CANT-250200-OLIV,Получен,Покупатель передумал,2026-03-13 16:47:17,2026-03-17 10:15:14,"1,00","11 166,00",Да,,,,
2026-03-18 5:34:35,0140835099-0338-1,ii11808946571,201696279132000,CANT-270200-OLIV,Получен,Товар в неполной комплектации,2026-03-13 17:29:41,2026-03-17 10:15:14,"1,00","11 166,00",Да,,,,
2026-03-18 5:34:35,0118684818-0394-1,ii11811740915,650963093529000,ADR-290300(Grey),Получен,Покупатель передумал,2026-03-13 20:03:14,2026-03-17 10:15:14,"1,00","2 899,00",Да,,,,
2026-03-18 5:34:35,22455927-0602-1,ii9112357528,250967604490000,CANT-270300-OLIV,Получен,Покупатель передумал,2026-03-13 20:13:21,2026-03-17 10:15:14,"1,00","16 860,00",Да,,,,
2026-03-18 5:34:35,0179225267-0053-1,ii11845901176,501481569211000,CANT-265250-OLIV,Получен,Покупатель передумал,2026-03-13 20:30:34,2026-03-17 10:15:14,"1,00","15 013,00",Да,,,,
2026-03-21 5:34:36,30142121-0159-1,ii7078096376,301472494349000,CANT-270300-OLIV,Получен,Покупатель передумал,2026-03-11 10:57:26,2026-03-20 13:35:50,"1,00","16 860,00",Да,,,,
2026-03-21 5:34:36,0245944891-0008-1,201698694998000,201698694998000,ADR-285700LR(Grey),Получен,Не удалось доставить заказ,2026-03-12 9:29:21,2026-03-20 13:35:50,"1,00","6 041,00",Нет,,,,
2026-03-21 5:34:36,16520230-1714-1,ii11807211320,301485813738000,FEST-250150-BIR,Получен,Покупатель передумал,2026-03-12 11:15:06,2026-03-20 13:35:50,"1,00","7 252,00",Да,,,,
2026-03-21 5:34:36,46502151-0078-1,350962781357000,350962781357000,ADR-285400V,Получен,Покупатель отказался при вручении: товар не подошел,2026-03-13 13:09:07,2026-03-20 13:35:50,"1,00","3 343,00",Нет,,,,
2026-03-21 5:34:36,46502151-0078-1,350962781357000,350962781357000,ADR-285400V,Получен,Покупатель отказался при вручении: товар не подошел,2026-03-13 13:09:07,2026-03-20 13:35:50,"1,00","3 343,00",Нет,,,,
2026-03-21 5:34:36,60898402-0044-2,950959648169000,950959648169000,CALM-285200-BR,Получен,Покупатель отказался при вручении: товар не подошел,2026-03-13 13:40:32,2026-03-20 13:35:50,"1,00","8 166,00",Нет,,,,
2026-03-21 5:34:36,0245850339-0008-1,850964161823000,850964161823000,ADR-285700LR(Milk),Получен,Покупатель отменил заказ: нашел дешевле,2026-03-13 14:00:57,2026-03-20 13:35:50,"1,00","5 949,00",Нет,,,,
2026-03-21 5:34:36,35695109-0338-1,901481973877000,901481973877000,CALM-250250-MLK,Получен,Покупатель отказался при вручении: товар не подошел,2026-03-13 16:08:28,2026-03-20 13:35:50,"1,00","9 589,00",Нет,,,,
2026-03-21 5:34:36,34269653-0523-1,ii9082634388,250961051866000,ADR-240300V(Milk),Получен,Покупатель передумал,2026-03-13 16:14:13,2026-03-20 13:35:50,"1,00","2 857,00",Да,,,,
2026-03-21 5:34:36,57766319-0771-1,501481001666000,501481001666000,CASA-265150-OLIV,Получен,Покупатель отказался при вручении: товар не подошел,2026-03-13 16:54:40,2026-03-20 13:35:50,"1,00","7 340,00",Нет,,,,
2026-03-21 5:34:36,57766319-0768-1,901480786338000,901480786338000,CANT-245150-OLIV,Получен,Покупатель отказался при вручении: товар не подошел,2026-03-13 16:54:40,2026-03-20 13:35:50,"1,00","8 482,00",Нет,,,,
2026-03-21 5:34:36,92466058-0192-1,250963134473000,250963134473000,CANT-270150-LAT,Получен,Покупатель отказался при вручении: товар не подошел,2026-03-13 19:54:25,2026-03-20 13:35:50,"1,00","7 750,00",Нет,,,,
2026-03-21 5:34:36,47110619-0315-1,750965000460000,750965000460000,STEL-240250GR,Получен,Покупатель отказался при вручении: товар не подошел,2026-03-14 10:14:45,2026-03-20 13:35:50,"1,00","11 782,00",Нет,,,,
2026-03-21 5:34:36,16520230-1710-1,ii11851710516,201701059072000,FEST-250200-BIR,Получен,Покупатель передумал,2026-03-14 12:19:37,2026-03-20 13:35:50,"1,00","9 740,00",Да,,,,
2026-03-21 5:34:36,0115281578-0219-1,ii15986631208,350977561028000,CASA-275150-CAP,Получен,Покупатель отказался при вручении: товар не подошел,2026-03-14 14:30:37,2026-03-20 13:35:50,"1,00","7 885,00",Да,,,,
2026-03-21 5:34:36,0115281578-0219-1,ii15986631207,350977561028000,CASA-260150-VEN,Получен,Покупатель отказался при вручении: товар не подошел,2026-03-14 14:30:37,2026-03-20 13:35:50,"1,00","7 487,00",Да,,,,
2026-03-21 5:34:36,35474182-1216-1,ii16000472911,501466323733000,ADR-140150(Shamp),Получен,Покупатель передумал,2026-03-14 14:40:12,2026-03-20 13:35:50,"1,00","1 421,00",Да,,,,
2026-03-21 5:34:36,35474182-1216-1,ii16000472912,501466323733000,ADR-140150(Shamp),Получен,Покупатель передумал,2026-03-14 14:40:12,2026-03-20 13:35:50,"1,00","1 421,00",Да,,,,
2026-03-21 5:34:36,45325163-0361-1,ii15995770890,301460694864000,ADR-270250V(Grey),Получен,Покупатель передумал,2026-03-14 18:15:40,2026-03-20 13:35:50,"1,00","2 711,00",Да,,,,
2026-03-21 5:34:36,11808273-0264-1,450972349508000,450972349508000,CANT-250250-PUDR,Получен,Покупатель отказался при вручении: товар не подошел,2026-03-14 19:08:21,2026-03-20 13:35:50,"1,00","11 166,00",Нет,,,,
2026-03-21 5:34:36,44267377-0193-5,950969380655000,950969380655000,CANT-250300-B,Получен,Покупатель отказался при вручении: товар не подошел,2026-03-14 19:16:12,2026-03-20 13:35:50,"1,00","15 546,00",Нет,,,,
2026-03-21 5:34:36,98225593-1337-1,901490200774000,901490200774000,ADR-320290(Black),Получен,Покупатель отменил заказ: не устроил срок доставки,2026-03-14 19:21:51,2026-03-20 13:35:50,"1,00","2 779,00",Нет,,,,
2026-03-21 5:34:36,98225593-1337-1,901490200774000,901490200774000,ADR-320290(Black),Получен,Покупатель отменил заказ: не устроил срок доставки,2026-03-14 19:21:51,2026-03-20 13:35:50,"1,00","2 779,00",Нет,,,,
2026-03-21 5:34:36,47989860-0756-1,ii11432243480,850979540621000,CANT-255200-LAT,Получен,Покупатель отказался при вручении: товар не подошел,2026-03-14 20:53:25,2026-03-20 13:35:50,"1,00","10 496,00",Да,,,,
2026-03-21 5:34:36,47989860-0756-1,ii11432243479,850979540621000,CANT-255200-B,Получен,Покупатель отказался при вручении: товар не подошел,2026-03-14 20:53:25,2026-03-20 13:35:50,"1,00","10 496,00",Да,,,,
2026-03-21 5:34:36,43852933-0633-1,701486261712000,701486261712000,ADR-240400V(Grey),Получен,Покупатель отменил заказ: не устроил срок доставки,2026-03-14 22:18:18,2026-03-20 13:35:50,"1,00","3 915,00",Нет,,,,
2026-03-21 5:34:36,11296898-0110-3,ii11804869478,850967180075000,CANT-265200-LAT,Получен,Покупатель передумал,2026-03-15 10:14:59,2026-03-20 13:35:50,"1,00","10 290,00",Да,,,,
2026-03-21 5:34:36,11296898-0110-3,ii11804869477,850967180075000,CANT-265200-MILK,Получен,Покупатель передумал,2026-03-15 10:14:59,2026-03-20 13:35:50,"1,00","11 166,00",Да,,,,
2026-03-21 5:34:36,29157839-1324-1,ii11427040825,801480131286000,CANT-255200-CAP,Получен,Покупатель передумал,2026-03-15 10:18:59,2026-03-20 13:35:50,"1,00","11 166,00",Да,,,,
2026-03-21 5:34:36,32016575-0051-3,ii7064360052,801470532280000,ADR-275150(Black),Получен,Покупатель передумал,2026-03-15 14:36:13,2026-03-20 13:35:50,"1,00","1 777,00",Да,,,,
2026-03-21 5:34:36,60772718-0472-1,701482873910000,701482873910000,CASA-280250-B,Получен,Покупатель отказался при вручении: товар не подошел,2026-03-15 18:09:26,2026-03-20 13:35:50,"1,00","13 034,00",Нет,,,,
2026-03-21 5:34:36,60772718-0472-3,650971841718000,650971841718000,CASA-280250-CAP,Получен,Покупатель отказался при вручении: товар не подошел,2026-03-15 18:09:26,2026-03-20 13:35:50,"1,00","13 433,00",Нет,,,,
2026-03-21 5:34:36,31938975-0379-2,ii11838570933,950981851921000,CANT-265150-LAT,Получен,Покупатель отказался при вручении: товар не подошел,2026-03-15 19:09:28,2026-03-20 13:35:50,"1,00","7 905,00",Да,,,,
2026-03-21 5:34:36,71080068-0292-1,350982751072000,350982751072000,ADR-260500(Shamp),Получен,Покупатель отказался при вручении: товар не подошел,2026-03-15 19:25:40,2026-03-20 13:35:50,"1,00","3 637,00",Нет,,,,
2026-03-21 5:34:36,96522979-0260-1,801488238426000,801488238426000,CANT-260200-OLIV,Получен,Покупатель отменил заказ: нашел дешевле,2026-03-15 22:20:45,2026-03-20 13:35:50,"1,00","11 390,00",Нет,,,,
2026-03-21 5:34:36,48343020-0277-1,250981760706000,250981760706000,CANT-260200-BLUE,Получен,Покупатель отменил заказ,2026-03-16 15:25:46,2026-03-20 13:35:50,"1,00","11 390,00",Нет,,,,
2026-03-21 5:34:36,0134401348-0201-1,201716934130000,201716934130000,ADR-150300(Black),Получен,Покупатель отказался при вручении: товар не подошел,2026-03-16 20:31:02,2026-03-20 13:35:50,"1,00","1 988,00",Нет,,,,
2026-03-23 5:34:40,0159342052-0149-1,801432384349000,801432384349000,ADR-120200(Black),Получен,Покупатель отменил заказ,2026-03-11 15:36:50,2026-03-22 14:14:35,"1,00","1 647,00",Нет,,,,
2026-03-23 5:34:40,0163917657-0299-1,250961815427000,250961815427000,ADR-250300(Shamp),Получен,Покупатель отменил заказ,2026-03-12 11:01:04,2026-03-22 14:14:35,"1,00","2 557,00",Нет,,,,
2026-03-23 5:34:40,0136268045-0146-1,350956947243000,350956947243000,CANT-240150-PUDR,Получен,Покупатель отказался при вручении: товар не подошел,2026-03-14 6:26:30,2026-03-22 14:14:35,"1,00","8 482,00",Нет,,,,
2026-03-23 5:34:40,0112742726-0024-1,ii11825255867,450962929220000,CASA-245200-OLIV,Получен,Покупатель передумал,2026-03-15 13:40:33,2026-03-22 14:14:35,"1,00","9 963,00",Да,,,,
2026-03-23 5:34:40,84716878-0372-1,650971856158000,650971856158000,ADR-285150(Black),Получен,Покупатель отказался при вручении: товар не подошел,2026-03-15 15:54:12,2026-03-22 14:14:35,"1,00","1 801,00",Нет,,,,
2026-03-23 5:34:40,50319009-0180-1,501490003584000,501490003584000,CASA-245300-LGR,Получен,Покупатель отказался при вручении: товар не подошел,2026-03-15 20:15:09,2026-03-22 14:14:35,"1,00","15 021,00",Нет,,,,
2026-03-23 5:34:40,24336012-0474-2,201716600354000,201716600354000,ADR-230350V,Получен,Покупатель отменил заказ: не устроил срок доставки,2026-03-16 15:28:17,2026-03-22 14:14:35,"1,00","3 190,00",Нет,,,,
2026-03-23 5:34:40,48072160-0483-1,350978079635000,350978079635000,ADR-265500,Получен,Не удалось доставить заказ,2026-03-16 15:52:47,2026-03-22 14:14:35,"1,00","3 637,00",Нет,,,,
2026-03-23 5:34:40,18166651-0129-9,650968905197000,650968905197000,CANT-240300-MILK,Получен,Покупатель отказался при вручении: товар не подошел,2026-03-16 17:33:01,2026-03-22 14:14:35,"1,00","16 860,00",Нет,,,,
2026-03-23 5:34:40,18166651-0129-11,650968905198000,650968905198000,CALM-240300-LAT,Получен,Покупатель отказался при вручении: товар не подошел,2026-03-16 17:33:01,2026-03-22 14:14:35,"1,00","11 579,00",Нет,,,,
2026-03-23 5:34:40,18166651-0129-13,650968905199000,650968905199000,CALM-240300-MLK,Получен,Покупатель отказался при вручении: товар не подошел,2026-03-16 17:33:01,2026-03-22 14:14:35,"1,00","11 579,00",Нет,,,,
2026-03-23 5:34:40,18166651-0129-1,901483726719000,901483726719000,STEL-240300B,Получен,Покупатель отказался при вручении: товар не подошел,2026-03-16 17:33:01,2026-03-22 14:14:35,"1,00","14 288,00",Нет,,,,
2026-03-23 5:34:40,36748955-0421-1,201708271353000,201708271353000,CANT-255300-OLIV,Получен,Покупатель отказался при вручении: товар не подошел,2026-03-16 19:16:07,2026-03-22 14:14:35,"1,00","17 198,00",Нет,,,,
2026-03-23 5:34:40,47175886-0184-16,501487814855000,501487814855000,ADR-240300(Black),Получен,Покупатель отменил заказ,2026-03-16 19:30:00,2026-03-22 14:14:35,"1,00","2 609,00",Нет,,,,
2026-03-23 5:34:40,35695109-0341-3,601496325670000,601496325670000,CANT-250250-PUDR,Получен,Покупатель отказался при вручении: товар не подошел,2026-03-16 19:35:19,2026-03-22 14:14:35,"1,00","11 390,00",Нет,,,,
2026-03-23 5:34:40,35695109-0341-1,550979885592000,550979885592000,STEL-250200B,Получен,Покупатель отказался при вручении: товар не подошел,2026-03-16 19:35:19,2026-03-22 14:14:35,"1,00","9 993,00",Нет,,,,
2026-03-23 5:34:40,35695109-0341-1,550979885592000,550979885592000,STEL-250200CR,Получен,Покупатель отказался при вручении: товар не подошел,2026-03-16 19:35:19,2026-03-22 14:14:35,"1,00","9 993,00",Нет,,,,
2026-03-23 5:34:40,33515285-0431-1,ii11832552253,201714335683000,CASA-270200-OLIV,Получен,Покупатель передумал,2026-03-16 21:36:11,2026-03-22 14:14:35,"1,00","10 163,00",Да,,,,
2026-03-23 5:34:40,75662163-0080-2,850976561782000,850976561782000,ADR-140500(Shamp),Получен,Покупатель отказался при вручении: товар не подошел,2026-03-17 9:28:16,2026-03-22 14:14:35,"1,00","2 667,00",Нет,,,,
2026-03-23 5:34:40,47471681-0297-2,701483255575000,701483255575000,CANT-270200-SIL,Получен,Покупатель отказался при вручении: товар не подошел,2026-03-17 13:18:22,2026-03-22 14:14:35,"1,00","10 290,00",Нет,,,,
2026-03-23 5:34:40,47471681-0297-2,701483255575000,701483255575000,CANT-270200-SIL,Получен,Покупатель отказался при вручении: товар не подошел,2026-03-17 13:18:22,2026-03-22 14:14:35,"1,00","10 290,00",Нет,,,,
2026-03-23 5:34:40,26683646-0424-1,550979435680000,550979435680000,ADR-250300V(Milk),Получен,Покупатель отказался при вручении: товар не подошел,2026-03-17 14:54:02,2026-03-22 14:14:35,"1,00","2 915,00",Нет,,,,
2026-03-23 5:34:40,19620900-0278-2,201709574001000,201709574001000,CASA-255300-MLK,Получен,Покупатель отказался при вручении: товар не подошел,2026-03-17 18:50:37,2026-03-22 14:14:35,"1,00","15 021,00",Нет,,,,
2026-03-23 5:34:40,92466058-0191-1,ii11439005497,501482611278000,CASA-275150-CAP,Получен,Покупатель передумал,2026-03-17 19:22:04,2026-03-22 14:14:35,"1,00","7 730,00",Да,,,,
2026-03-23 5:34:40,68176806-0436-5,ii11875279505,301467861451000,CANT-265300-BLUE,Получен,Покупатель передумал,2026-03-18 14:42:05,2026-03-22 14:14:35,"1,00","16 860,00",Да,,,,
2026-03-23 5:34:40,68176806-0436-7,ii11875279506,301467861465000,CANT-265300-BLUE,Получен,Покупатель передумал,2026-03-18 14:42:05,2026-03-22 14:14:35,"1,00","16 860,00",Да,,,,
2026-03-23 5:34:40,07425241-0258-1,801489832389000,801489832389000,ADR-275200V(Grey),Получен,Покупатель отказался при вручении: товар не подошел,2026-03-18 16:46:01,2026-03-22 14:14:35,"1,00","2 465,00",Нет,,,,
2026-03-23 5:34:40,35695109-0341-5,ii15997516282,601496325671000,CANT-250200-MILK,Получен,Покупатель передумал,2026-03-18 17:10:35,2026-03-22 14:14:35,"1,00","11 390,00",Да,,,,
2026-03-23 5:34:40,46541727-0779-1,450992308279000,450992308279000,CANT-265200-MILK,Получен,Покупатель отменил заказ,2026-03-18 18:32:59,2026-03-22 14:14:35,"1,00","11 390,00",Нет,,,,
2026-03-23 5:34:40,46541727-0779-1,450992308279000,450992308279000,CANT-265150-OLIV,Получен,Покупатель отменил заказ,2026-03-18 18:32:59,2026-03-22 14:14:35,"1,00","8 652,00",Нет,,,,
2026-03-23 5:34:40,13369618-0822-9,350983597546000,350983597546000,CANT-240250-CREAM,Получен,Покупатель отказался при вручении: товар не подошел,2026-03-18 20:19:33,2026-03-22 14:14:35,"1,00","15 314,00",Нет,,,,
2026-03-23 5:34:40,13369618-0822-7,350983597545000,350983597545000,CANT-240250-MILK,Получен,Покупатель отказался при вручении: товар не подошел,2026-03-18 20:19:33,2026-03-22 14:14:35,"1,00","15 314,00",Нет,,,,
2026-03-23 5:34:40,25615914-0122-1,ii11832840310,250970961107000,ADR-280300(Shamp),Получен,Покупатель отказался при вручении: товар не подошел,2026-03-19 10:25:48,2026-03-22 14:14:35,"1,00","2 564,00",Да,,,,
2026-03-23 5:34:40,25615914-0122-1,ii11832840311,250970961107000,ADR-280300(Shamp),Получен,Покупатель отказался при вручении: товар не подошел,2026-03-19 10:25:48,2026-03-22 14:14:35,"1,00","2 564,00",Да,,,,
2026-03-23 5:34:40,31394456-0096-1,901503702067000,901503702067000,CANT-260300-LGR,Получен,Покупатель отказался при вручении: недоволен качеством товара,2026-03-19 13:31:42,2026-03-22 14:14:35,"1,00","17 198,00",Нет,,,,
2026-03-23 5:34:40,31394456-0096-3,650989271563000,650989271563000,CANT-260300-BLUE,Получен,Покупатель отказался при вручении: товар не подошел,2026-03-19 13:31:42,2026-03-22 14:14:35,"1,00","17 198,00",Нет,,,,
2026-03-25 5:34:38,0111791573-0271-1,ii11804969888,950970430255000,ADR-250150V(Milk),Получен,Покупатель отказался при вручении: товар не подошел,2026-03-14 18:28:49,2026-03-24 12:22:44,"1,00","1 990,00",Да,,,,
2026-03-25 5:34:38,52366673-0240-1,ii11846653417,750970474035000,CANT-270200-LAT,Получен,Покупатель отказался при вручении: товар не подошел,2026-03-15 14:44:19,2026-03-24 12:22:44,"1,00","10 290,00",Да,,,,
2026-03-25 5:34:38,52366673-0240-1,ii11846653418,750970474035000,CANT-270200-CREAM,Получен,Покупатель отказался при вручении: товар не подошел,2026-03-15 14:44:19,2026-03-24 12:22:44,"1,00","11 166,00",Да,,,,
2026-03-25 5:34:38,67600809-0133-1,550940157530000,550940157530000,CANT-265300-CAP,Получен,Покупатель не забрал заказ,2026-03-17 0:06:41,2026-03-24 12:22:44,"1,00","16 860,00",Нет,,,,
2026-03-25 5:34:38,68417848-0369-1,ii11810243213,901476402173000,ADR-285500(Shamp),Получен,Покупатель передумал,2026-03-17 16:23:14,2026-03-24 12:22:44,"1,00","3 735,00",Да,,,,
2026-03-25 5:34:38,63715464-0087-2,750972307988000,750972307988000,ADR-245300(Shamp),Получен,Покупатель отменил заказ,2026-03-17 16:47:13,2026-03-24 12:22:44,"1,00","2 564,00",Нет,,,,
2026-03-25 5:34:38,63715464-0087-2,750972307988000,750972307988000,ADR-245300(Shamp),Получен,Покупатель отменил заказ,2026-03-17 16:47:13,2026-03-24 12:22:44,"1,00","2 564,00",Нет,,,,
2026-03-25 5:34:38,57984024-1657-1,ii15991323526,301500836131000,ADR-255250,Получен,Покупатель передумал,2026-03-17 19:54:32,2026-03-24 12:22:44,"1,00","2 318,00",Да,,,,
2026-03-25 5:34:38,57984024-1657-1,ii15991323529,301500836131000,ADR-255250,Получен,Покупатель передумал,2026-03-17 19:54:32,2026-03-24 12:22:44,"1,00","2 318,00",Да,,,,
2026-03-25 5:34:38,35964772-0693-1,301505507157000,301505507157000,ADR-300290V(Grey),Получен,Покупатель отменил заказ,2026-03-17 19:57:53,2026-03-24 12:22:44,"1,00","3 027,00",Нет,,,,
2026-03-25 5:34:38,41506896-2159-3,850980459194000,850980459194000,CANT-250200-PUDR,Получен,Покупатель отказался при вручении: товар не подошел,2026-03-17 20:23:29,2026-03-24 12:22:44,"1,00","11 390,00",Нет,,,,
2026-03-25 5:34:38,80686608-0049-1,750969216863000,750969216863000,FEST-270200-VEN,Получен,Покупатель отказался при вручении: товар не подошел,2026-03-18 14:55:45,2026-03-24 12:22:44,"1,00","9 740,00",Нет,,,,
2026-03-25 5:34:38,0125802026-0442-1,ii11837098901,450977314382000,ADR-255200,Получен,Покупатель передумал,2026-03-18 15:18:30,2026-03-24 12:22:44,"1,00","2 027,00",Да,,,,
2026-03-25 5:34:38,0125802026-0442-1,ii11837098902,450977314382000,ADR-255200,Получен,Покупатель передумал,2026-03-18 15:18:30,2026-03-24 12:22:44,"1,00","2 027,00",Да,,,,
2026-03-25 5:34:38,65043356-0043-3,ii11836873339,601501173112000,ADR-270500(Shamp),Получен,Покупатель передумал,2026-03-19 10:25:00,2026-03-24 12:22:44,"1,00","3 637,00",Да,,,,
2026-03-25 5:34:38,65043356-0043-3,ii11836873340,601501173112000,ADR-270500(Shamp),Получен,Покупатель передумал,2026-03-19 10:27:02,2026-03-24 12:22:44,"1,00","3 637,00",Да,,,,
2026-03-25 5:34:38,33055516-0601-1,ii11868091913,750960457446000,FEST-280250-BEZH,Получен,Покупатель передумал,2026-03-19 10:51:21,2026-03-24 12:22:44,"1,00","11 588,00",Да,,,,
2026-03-25 5:34:38,33055516-0600-1,ii11868091914,801473257642000,FEST-280250-BEZH,Получен,Покупатель передумал,2026-03-19 10:53:08,2026-03-24 12:22:44,"1,00","11 588,00",Да,,,,
2026-03-25 5:34:38,63715464-0091-6,201724456312000,201724456312000,ADR-210100,Получен,Покупатель отказался при вручении: товар не подошел,2026-03-19 14:58:55,2026-03-24 12:22:44,"1,00","1 406,00",Нет,,,,
2026-03-25 5:34:38,09585441-0171-1,ii11836222524,350986205183000,CANT-240150-OLIV,Получен,Покупатель передумал,2026-03-19 16:02:16,2026-03-24 12:22:44,"1,00","8 652,00",Да,,,,
2026-03-25 5:34:38,75537436-0203-2,401482985086000,401482985086000,CANT-260150-CAP,Получен,Покупатель отказался при вручении: товар не подошел,2026-03-19 16:56:00,2026-03-24 12:22:44,"1,00","8 482,00",Нет,,,,
2026-03-25 5:34:38,75537436-0203-2,401482985086000,401482985086000,CANT-260150-CAP,Получен,Покупатель отказался при вручении: товар не подошел,2026-03-19 16:56:00,2026-03-24 12:22:44,"1,00","8 482,00",Нет,,,,
2026-03-25 5:34:38,39956897-0246-1,ii9105012353,450989691712000,CANT-265200-LAT,Получен,Покупатель отказался при вручении: товар не подошел,2026-03-19 17:31:48,2026-03-24 12:22:44,"1,00","10 496,00",Да,,,,
2026-03-25 5:34:38,0143573103-0075-2,501499286534000,501499286534000,ADR-240400(Shamp),Получен,Покупатель отказался при вручении: товар не подошел,2026-03-19 18:26:38,2026-03-24 12:22:44,"1,00","3 094,00",Нет,,,,
2026-03-25 5:34:38,0143573103-0075-2,501499286534000,501499286534000,ADR-250400(Shamp),Получен,Покупатель отказался при вручении: товар не подошел,2026-03-19 18:26:38,2026-03-24 12:22:44,"1,00","3 094,00",Нет,,,,
2026-03-25 5:34:38,33789924-1635-1,701491956364000,701491956364000,CANT-250200-PUDR,Получен,Покупатель отказался при вручении: товар не подошел,2026-03-19 18:53:44,2026-03-24 12:22:44,"1,00","11 390,00",Нет,,,,
2026-03-25 5:34:38,30744801-0763-2,501496993131000,501496993131000,ADR-220350V(Milk),Получен,Покупатель отказался при вручении: товар не подошел,2026-03-19 19:43:55,2026-03-24 12:22:44,"1,00","3 388,00",Нет,,,,
2026-03-25 5:34:38,13234672-0083-1,850994489478000,850994489478000,BELL-250150-SHAMP,Получен,Покупатель отменил заказ,2026-03-19 20:12:27,2026-03-24 12:22:44,"1,00","7 072,00",Нет,,,,
2026-03-25 5:34:38,13234672-0083-1,850994489478000,850994489478000,BELL-250150-SHAMP,Получен,Покупатель отменил заказ,2026-03-19 20:12:27,2026-03-24 12:22:44,"1,00","7 072,00",Нет,,,,
2026-03-25 5:34:38,10295539-0277-2,350993281310000,350993281310000,CALM-285300-MLK,Получен,Покупатель отменил заказ,2026-03-19 20:37:31,2026-03-24 12:22:44,"1,00","11 811,00",Нет,,,,
2026-03-25 5:34:38,10295539-0276-1,ii11815749087,901501185873000,CALM-285300-MLK,Получен,Покупатель передумал,2026-03-19 20:52:41,2026-03-24 12:22:44,"1,00","11 811,00",Да,,,,
2026-03-25 5:34:38,36668802-0298-1,701495587538000,701495587538000,BELL-265200-SHAMP,Получен,Не удалось доставить заказ,2026-03-20 10:10:56,2026-03-24 12:22:44,"1,00","9 680,00",Нет,,,,
2026-03-25 5:34:38,0155261009-0134-1,ii11805455384,950983790714000,ADR-230350(Shamp),Получен,Покупатель передумал,2026-03-20 11:28:38,2026-03-24 12:22:44,"1,00","2 807,00",Да,,,,
2026-03-25 5:34:38,0155261009-0135-1,550986088534000,550986088534000,ADR-230350(Shamp),Получен,Покупатель отказался при вручении: товар не подошел,2026-03-20 11:29:24,2026-03-24 12:22:44,"1,00","2 668,00",Нет,,,,
2026-03-25 5:34:38,16809941-0607-1,ii16000214137,601483508397000,CANT-260250-LAT,Получен,Упаковка и товар повреждены,2026-03-20 12:47:10,2026-03-24 12:22:44,"1,00","13 561,00",Да,"небольшие затяжки, убрали с помощью утюга",Михайлова С.,,"Упаковка и товар повреждены, Зацепка на шторе"
2026-03-25 5:34:38,92466058-0195-1,ii11439005520,901494369580000,CASA-275150-B,Получен,Покупатель передумал,2026-03-20 13:41:47,2026-03-24 12:22:44,"1,00","7 487,00",Да,,,,
2026-03-25 5:34:38,39442074-0350-1,301510304576000,301510304576000,CASA-255300-BLUE,Получен,Покупатель отказался при вручении: товар не подошел,2026-03-20 18:19:25,2026-03-24 12:22:44,"1,00","15 021,00",Нет,,,,
2026-03-25 5:34:38,39442074-0350-3,601507753168000,601507753168000,CASA-255250-BLUE,Получен,Покупатель отказался при вручении: товар не подошел,2026-03-20 18:19:25,2026-03-24 12:22:44,"1,00","13 295,00",Нет,,,,
2026-03-25 5:34:38,68087074-0758-1,501498618337000,501498618337000,ADR-250400,Получен,Покупатель отказался при вручении: товар не подошел,2026-03-20 18:24:31,2026-03-24 12:22:44,"1,00","3 094,00",Нет,,,,
2026-03-25 5:34:38,05488026-0955-1,ii11818920085,301511247320000,CASA-250250-B,Получен,Покупатель отказался при вручении: товар не подошел,2026-03-20 18:39:59,2026-03-24 12:22:44,"1,00","13 295,00",Да,,,,
2026-03-25 5:34:38,33496316-0357-3,ii11809712858,450967693000000,CANT-270150-CAP,Получен,Покупатель передумал,2026-03-21 13:22:55,2026-03-24 12:22:44,"1,00","8 482,00",Да,,,,
2026-03-25 5:34:38,20566621-0248-7,201721375288000,201721375288000,ADR-150500,Получен,Покупатель отказался при вручении: товар не подошел,2026-03-21 20:11:54,2026-03-24 12:22:44,"1,00","2 651,00",Нет,,,,
2026-03-25 5:34:38,64332192-1123-1,951004639662000,951004639662000,CANT-250150-OLIV,Получен,Покупатель отменил заказ,2026-03-22 15:31:38,2026-03-24 12:22:44,"1,00","8 652,00",Нет,,,,
2026-03-27 5:34:35,0119701919-0491-1,750937361946000,750937361946000,CANT-220150-CREAM,Получен,Покупатель не забрал заказ,2026-03-16 0:08:36,2026-03-26 14:16:35,"1,00","8 482,00",Нет,,,,
2026-03-27 5:34:35,0119701919-0491-1,750937361946000,750937361946000,CANT-220150-LGR,Получен,Покупатель не забрал заказ,2026-03-16 0:08:36,2026-03-26 14:16:35,"1,00","8 482,00",Нет,,,,
2026-03-27 5:34:35,40453145-0311-1,ii11835877483,650969915472000,CANT-230200-CAP,Получен,Покупатель передумал,2026-03-16 14:48:27,2026-03-26 14:16:35,"1,00","11 166,00",Да,,,,
2026-03-27 5:34:35,65805702-0092-3,401477845388000,401477845388000,CALM-260300-MLK,Получен,Покупатель отказался при вручении: товар не подошел,2026-03-17 13:10:30,2026-03-26 14:16:35,"1,00","11 579,00",Нет,,,,
2026-03-27 5:34:35,36801304-0742-1,350983528007000,350983528007000,CANT-240200-OLIV,Получен,Покупатель отказался при вручении: товар не подошел,2026-03-17 18:01:44,2026-03-26 14:16:35,"1,00","11 390,00",Нет,,,,
2026-03-27 5:34:35,41506896-2159-1,601494506033000,601494506033000,CANT-250200-PUDR,Получен,Покупатель отказался при вручении: товар не подошел,2026-03-17 20:23:29,2026-03-26 14:16:35,"1,00","11 390,00",Нет,,,,
2026-03-27 5:34:35,14682867-0158-1,ii15873637357,601488053509000,CANT-240150-CAP,Получен,Покупатель передумал,2026-03-18 8:00:41,2026-03-26 14:16:35,"1,00","8 482,00",Да,,,,
2026-03-27 5:34:35,09983354-0158-1,801480344769000,801480344769000,ADR-270600LR(Milk),Получен,Покупатель отказался при вручении: товар не подошел,2026-03-18 10:29:46,2026-03-26 14:16:35,"1,00","5 439,00",Нет,,,,
2026-03-27 5:34:35,14451827-2704-1,ii9112083822,750980518497000,ADR-245500,Получен,Покупатель передумал,2026-03-19 18:51:55,2026-03-26 14:16:35,"1,00","3 456,00",Да,,,,
2026-03-27 5:34:35,29986590-0432-2,501504668799000,501504668799000,CANT-265300-OLIV,Получен,Покупатель отказался при вручении: товар не подошел,2026-03-19 19:26:10,2026-03-26 14:16:35,"1,00","17 198,00",Нет,,,,
2026-03-27 5:34:35,13234672-0078-1,ii11836682972,550983624066000,BELL-250150-SHAMP,Получен,Покупатель отказался при вручении: товар не подошел,2026-03-19 19:58:35,2026-03-26 14:16:35,"1,00","7 072,00",Да,,,,
2026-03-27 5:34:35,13234672-0078-1,ii11836682973,550983624066000,BELL-250150-SHAMP,Получен,Покупатель отказался при вручении: товар не подошел,2026-03-19 19:58:35,2026-03-26 14:16:35,"1,00","7 072,00",Да,,,,
2026-03-27 5:34:35,76732304-0179-1,ii15988272418,801479990203000,BIAN-250200-BLUE,Получен,Покупатель передумал,2026-03-20 13:16:17,2026-03-26 14:16:35,"1,00","9 816,00",Да,,,,
2026-03-27 5:34:35,32261894-0218-1,450990923162000,450990923162000,CANT-240200-MILK,Получен,Покупатель отказался при вручении: товар не подошел,2026-03-20 15:16:02,2026-03-26 14:16:35,"1,00","11 390,00",Нет,,,,
2026-03-27 5:34:35,14910668-1169-1,ii11827083924,301507086068000,ADR-255500,Получен,Покупатель передумал,2026-03-20 18:17:54,2026-03-26 14:16:35,"1,00","3 637,00",Да,,,,
2026-03-27 5:34:35,36637193-0614-2,ii11863111253,650970855685000,ADR-320290(Shamp),Получен,Покупатель передумал,2026-03-20 19:50:17,2026-03-26 14:16:35,"1,00","2 589,00",Да,,,,
2026-03-27 5:34:35,26045398-0343-1,701491120083000,701491120083000,CANT-270250-LAT,Получен,Покупатель отказался при вручении: товар не подошел,2026-03-21 11:45:24,2026-03-26 14:16:35,"1,00","13 833,00",Нет,,,,
2026-03-27 5:34:35,26045398-0344-1,350982548007000,350982548007000,CANT-270250-CAP,Получен,Покупатель отказался при вручении: товар не подошел,2026-03-21 11:45:24,2026-03-26 14:16:35,"1,00","15 314,00",Нет,,,,
2026-03-27 5:34:35,26045398-0344-3,550979028460000,550979028460000,CANT-270250-CAP,Получен,Покупатель отказался при вручении: товар не подошел,2026-03-21 11:45:24,2026-03-26 14:16:35,"1,00","15 314,00",Нет,,,,
2026-03-27 5:34:35,26045398-0343-3,801489652044000,801489652044000,CANT-270250-LAT,Получен,Покупатель отказался при вручении: товар не подошел,2026-03-21 11:45:24,2026-03-26 14:16:35,"1,00","13 833,00",Нет,,,,
2026-03-27 5:34:35,29536813-0296-1,750981674986000,750981674986000,CANT-260150-MILK,Получен,Покупатель отказался при вручении: товар не подошел,2026-03-21 11:45:40,2026-03-26 14:16:35,"1,00","8 652,00",Нет,,,,
2026-03-27 5:34:35,35502411-0404-1,ii11441409034,401482488973000,CASA-275200-CAP,Получен,Покупатель передумал,2026-03-21 13:44:27,2026-03-26 14:16:35,"1,00","10 296,00",Да,,,,
2026-03-27 5:34:35,48343020-0284-1,601503534481000,601503534481000,CANT-260200-BLUE,Получен,Покупатель отказался при вручении: товар не подошел,2026-03-21 14:02:27,2026-03-26 14:16:35,"1,00","11 390,00",Нет,,,,
2026-03-27 5:34:35,36562464-0183-1,901509440072000,901509440072000,FEST-275250-BIR,Получен,Покупатель отменил заказ,2026-03-21 16:46:30,2026-03-26 14:16:35,"1,00","11 820,00",Нет,,,,
2026-03-27 5:34:35,43735308-0409-1,ii11437696044,301511094672000,ADR-285500LR(Milk),Получен,Покупатель отказался при вручении: товар не подошел,2026-03-21 17:26:12,2026-03-26 14:16:35,"1,00","4 640,00",Да,,,,
2026-03-27 5:34:35,13369618-0822-3,ii11807820687,501494401572000,CANT-240250-B,Получен,Покупатель передумал,2026-03-21 19:08:16,2026-03-26 14:16:35,"1,00","13 833,00",Да,,,,
2026-03-27 5:34:35,35154047-0486-2,ii11808919552,301460941657000,BIAN-265250-MLK,Получен,Покупатель передумал,2026-03-21 19:25:27,2026-03-26 14:16:35,"1,00","11 635,00",Да,,,,
2026-03-27 5:34:35,57877927-0382-1,750970640983000,750970640983000,CASA-265200-LGR,Получен,Покупатель отказался при вручении: товар не подошел,2026-03-21 20:40:50,2026-03-26 14:16:35,"1,00","10 163,00",Нет,,,,
2026-03-27 5:34:35,45210798-0284-1,ii11847978353,201726828884000,ADR-255100V(Milk),Получен,Покупатель передумал,2026-03-21 21:05:41,2026-03-26 14:16:35,"1,00","1 566,00",Да,,,,
2026-03-27 5:34:35,36866795-0353-1,ii5358007710,501501972034000,ADR-290600V(Milk),Получен,Покупатель передумал,2026-03-22 10:18:07,2026-03-26 14:16:35,"1,00","5 397,00",Да,,,,
2026-03-27 5:34:35,04042198-0547-1,501502248563000,501502248563000,CANT-250150-PUDR,Получен,Покупатель отказался при вручении: товар не подошел,2026-03-22 11:08:15,2026-03-26 14:16:35,"1,00","8 652,00",Нет,,,,
2026-03-27 5:34:35,31121675-0215-1,ii11875147860,801494334966000,CANT-265300-CAP,Получен,Покупатель передумал,2026-03-22 11:18:34,2026-03-26 14:16:35,"1,00","17 198,00",Да,,,,
2026-03-27 5:34:35,31121675-0215-3,ii11875147861,901497990453000,CANT-265300-CAP,Получен,Покупатель передумал,2026-03-22 11:18:34,2026-03-26 14:16:35,"1,00","17 198,00",Да,,,,
2026-03-27 5:34:35,85631311-0163-4,ii15862307577,950993341309000,CANT-240150-LAT,Получен,Покупатель передумал,2026-03-22 17:51:00,2026-03-26 14:16:35,"1,00","7 905,00",Да,,,,
2026-03-27 5:34:35,13047265-0651-1,ii11439770436,350988467749000,ADR-310290(Shamp),Получен,"Товар поврежден, но упаковка цела",2026-03-23 10:57:50,2026-03-26 14:16:35,"1,00","2 589,00",Да,,,,
2026-03-27 5:34:35,08223616-1595-1,650998401505000,650998401505000,CANT-255200-OLIV,Получен,Покупатель отказался при вручении: товар не подошел,2026-03-23 12:04:43,2026-03-26 14:16:35,"1,00","11 390,00",Нет,,,,
2026-03-27 5:34:35,93491862-0513-2,751000811699000,751000811699000,ADR-320250L,Получен,Покупатель отменил заказ,2026-03-23 15:55:38,2026-03-26 14:16:35,"1,00","2 626,00",Нет,,,,
2026-03-27 5:34:35,93491862-0513-2,751000811699000,751000811699000,ADR-320250L,Получен,Покупатель отменил заказ,2026-03-23 15:55:38,2026-03-26 14:16:35,"1,00","2 626,00",Нет,,,,
2026-03-27 5:34:35,93491862-0513-2,751000811699000,751000811699000,ADR-320250L,Получен,Покупатель отменил заказ,2026-03-23 15:55:38,2026-03-26 14:16:35,"1,00","2 626,00",Нет,,,,
2026-03-27 5:34:35,93491862-0513-2,751000811699000,751000811699000,ADR-320250L,Получен,Покупатель отменил заказ,2026-03-23 15:55:38,2026-03-26 14:16:35,"1,00","2 626,00",Нет,,,,
2026-03-27 5:34:35,93491862-0513-2,751000811699000,751000811699000,ADR-320250L,Получен,Покупатель отменил заказ,2026-03-23 15:55:38,2026-03-26 14:16:35,"1,00","2 626,00",Нет,,,,
2026-03-31 5:34:35,0174469570-0035-1,850989595309000,850989595309000,CANT-230300-OLIV,Получен,Покупатель отказался при вручении: неполная комплектация,2026-03-20 16:41:51,2026-03-30 11:14:17,"1,00","17 198,00",Нет,,,,
2026-03-31 5:34:35,84992587-0510-1,250980576073000,250980576073000,ADR-230300(Shamp),Получен,Покупатель отказался при вручении: товар не подошел,2026-03-20 18:20:09,2026-03-30 11:14:17,"1,00","2 564,00",Нет,,,,
2026-03-31 5:34:35,57650363-0089-1,ii11832662069,501450647202000,ADR-290400LR(Grey),Получен,Покупатель передумал,2026-03-21 11:25:58,2026-03-30 11:14:17,"1,00","3 723,00",Да,,,,
2026-03-31 5:34:35,17185012-0253-1,801499881706000,801499881706000,CALM-265250-GREEN,Получен,Покупатель отказался при вручении: товар не подошел,2026-03-21 12:35:12,2026-03-30 11:14:17,"1,00","9 781,00",Нет,,,,
2026-03-31 5:34:35,08192501-0222-1,ii11441390521,701502547884000,CANT-230150-GR,Получен,Покупатель отказался при вручении: товар не подошел,2026-03-21 12:53:03,2026-03-30 11:14:17,"1,00","7 905,00",Да,,,,
2026-03-31 5:34:35,83556948-0390-1,ii11817198549,401487664111000,CANT-250150-OLIV,Получен,Покупатель передумал,2026-03-21 15:29:43,2026-03-30 11:14:17,"1,00","8 652,00",Да,,,,
2026-03-31 5:34:35,36562464-0179-1,ii11441241182,801478921826000,FEST-280250-CAP,Получен,Покупатель передумал,2026-03-21 16:24:51,2026-03-30 11:14:17,"1,00","11 588,00",Да,,,,
2026-03-31 5:34:35,14149748-0427-2,ii11840044945,250988656264000,FEST-250150-YEL,Получен,Покупатель отказался при вручении: товар не подошел,2026-03-22 18:14:11,2026-03-30 11:14:17,"1,00","7 398,00",Да,,,,
2026-03-31 5:34:35,14149748-0427-3,ii11840044946,450993592350000,FEST-250200-PUDR,Получен,Покупатель отказался при вручении: товар не подошел,2026-03-22 18:14:11,2026-03-30 11:14:17,"1,00","9 935,00",Да,,,,
2026-03-31 5:34:35,44421431-0533-1,801493025153000,801493025153000,ADR-250200LR(Milk),Получен,Покупатель отказался при вручении: товар не подошел,2026-03-23 14:34:50,2026-03-30 11:14:17,"1,00","2 370,00",Нет,,,,
2026-03-31 5:34:35,98225593-1334-1,ii11418944229,401485922524000,ADR-320200(Black),Получен,Покупатель передумал,2026-03-23 16:24:29,2026-03-30 11:14:17,"1,00","2 124,00",Да,,,,
2026-03-31 5:34:35,98225593-1334-1,ii11418944230,401485922524000,ADR-320200(Black),Получен,Покупатель передумал,2026-03-23 16:24:29,2026-03-30 11:14:17,"1,00","2 124,00",Да,,,,
2026-03-31 5:34:35,49896977-0921-1,ii15856058991,650979292271000,CANT-245150-B,Получен,Покупатель передумал,2026-03-23 18:21:04,2026-03-30 11:14:17,"1,00","7 905,00",Да,,,,
2026-03-31 5:34:35,32879882-1421-1,401490344884000,401490344884000,CALM-220150-MLK,Получен,Покупатель отказался при вручении: товар не подошел,2026-03-23 18:48:19,2026-03-30 11:14:17,"1,00","6 182,00",Нет,,,,
2026-03-31 5:34:35,22455927-0604-1,ii11434940994,201713720217000,CANT-270300-OLIV,Получен,Покупатель передумал,2026-03-23 19:48:29,2026-03-30 11:14:17,"1,00","17 198,00",Да,,,,
2026-03-31 5:34:35,79462958-0405-1,ii11810648871,501505055775000,CASA-290200-CAP,Получен,Покупатель передумал,2026-03-23 20:46:16,2026-03-30 11:14:17,"1,00","11 536,00",Да,,,,
2026-03-31 5:34:35,24948965-0394-1,201711540404000,201711540404000,ADR-275200V(Milk),Получен,Покупатель отказался при вручении: товар не подошел,2026-03-23 20:58:12,2026-03-30 11:14:17,"1,00","2 430,00",Нет,,,,
2026-03-31 5:34:35,45282922-0544-1,301509452665000,301509452665000,CANT-265250-SIL,Получен,Покупатель отказался при вручении: товар не подошел,2026-03-24 12:18:19,2026-03-30 11:14:17,"1,00","13 833,00",Нет,,,,
2026-03-31 5:34:35,95145089-0652-1,950999525199000,950999525199000,CANT-255200-OLIV,Получен,Не удалось доставить заказ,2026-03-24 12:36:39,2026-03-30 11:14:17,"1,00","11 390,00",Нет,,,,
2026-03-31 5:34:35,14149748-0427-2,ii11840044974,250988656264000,FEST-250200-YEL,Получен,Покупатель передумал,2026-03-24 13:05:31,2026-03-30 11:14:17,"1,00","9 935,00",Да,,,,
2026-03-31 5:34:35,0120579615-0134-1,ii11832735293,201731625478000,CANT-260250-OLIV,Получен,Покупатель передумал,2026-03-24 17:11:11,2026-03-30 11:14:17,"1,00","15 314,00",Да,,,,
2026-03-31 5:34:35,0157505736-0076-1,ii15874814037,301513932270000,CANT-255200-PUDR,Получен,Покупатель передумал,2026-03-24 18:07:31,2026-03-30 11:14:17,"1,00","11 390,00",Да,,,,
2026-03-31 5:34:35,0119149501-0003-3,201734171614000,201734171614000,CALM-255200-BR,Получен,Не удалось доставить заказ,2026-03-24 18:09:48,2026-03-30 11:14:17,"1,00","8 330,00",Нет,,,,
2026-03-31 5:34:35,73066704-0061-1,701512516609000,701512516609000,ADR-280200,Получен,Покупатель отказался при вручении: товар не подошел,2026-03-24 18:23:58,2026-03-30 11:14:17,"1,00","2 124,00",Нет,,,,
2026-03-31 5:34:35,71293019-0320-2,201731969817000,201731969817000,CASA-240200-OLIV,Получен,Покупатель отказался при вручении: товар не подошел,2026-03-24 18:42:05,2026-03-30 11:14:17,"1,00","10 163,00",Нет,,,,
2026-03-31 5:34:35,71293019-0320-2,201731969817000,201731969817000,CANT-240200-OLIV,Получен,Покупатель отказался при вручении: товар не подошел,2026-03-24 18:42:05,2026-03-30 11:14:17,"1,00","11 390,00",Нет,,,,
2026-03-31 5:34:35,80578598-0465-1,ii11828177618,201733781814000,CANT-255200-LGR,Получен,Покупатель передумал,2026-03-24 18:47:50,2026-03-30 11:14:17,"1,00","11 390,00",Да,,,,
2026-03-31 5:34:35,0153999293-0108-1,750991230584000,750991230584000,CANT-270200-PUDR,Получен,Покупатель отказался при вручении: товар не подошел,2026-03-24 19:09:06,2026-03-30 11:14:17,"1,00","11 390,00",Нет,,,,
2026-03-31 5:34:35,45790509-0210-1,501498878758000,501498878758000,ADR-230200V(Milk),Получен,Покупатель отменил заказ,2026-03-24 19:09:06,2026-03-30 11:14:17,"1,00","2 430,00",Нет,,,,
2026-03-31 5:34:35,13686338-0343-1,ii11812708718,701481743955000,ADR-260250L(Grey),Получен,Товар не работает / брак,2026-03-24 19:56:04,2026-03-30 11:14:17,"1,00","2 462,00",Да,затяжка небольшая,Павлова,,
2026-03-31 5:34:35,13686338-0343-1,ii11812708719,701481743955000,ADR-260250L(Grey),Получен,Товар не работает / брак,2026-03-24 19:56:04,2026-03-30 11:14:17,"1,00","2 462,00",Да,,,,
2026-03-31 5:34:35,05131917-1172-2,ii11436732706,301496113875000,CALM-280150-LAT,Получен,Покупатель передумал,2026-03-24 20:15:49,2026-03-30 11:14:17,"1,00","6 182,00",Да,,,,
2026-03-31 5:34:35,45006060-0465-1,650989574328000,650989574328000,CANT-250150-OLIV,Получен,Покупатель отказался при вручении: товар не подошел,2026-03-24 20:39:23,2026-03-30 11:14:17,"1,00","8 652,00",Нет,,,,
2026-03-31 5:34:35,50551837-0137-1,ii11807391608,650992868284000,CANT-260250-CAP,Получен,Покупатель передумал,2026-03-24 20:59:59,2026-03-30 11:14:17,"1,00","15 314,00",Да,,,,
2026-03-31 5:34:35,0120616668-0112-1,801518353941000,801518353941000,CANT-220200-MILK,Получен,Покупатель отменил заказ: нашел дешевле,2026-03-24 23:11:01,2026-03-30 11:14:17,"1,00","11 390,00",Нет,,,,
2026-03-31 5:34:35,0162618025-0089-1,ii11864279463,550992184006000,CANT-265150-CAP,Получен,Покупатель передумал,2026-03-25 8:30:16,2026-03-30 11:14:17,"1,00","8 652,00",Да,,,,
2026-03-31 5:34:35,28714647-0348-1,301510985255000,301510985255000,CANT-270200-BLUE,Получен,Покупатель отменил заказ,2026-03-25 9:59:33,2026-03-30 11:14:17,"1,00","11 390,00",Нет,,,,
2026-03-31 5:34:35,49307230-0218-1,550996467378000,550996467378000,ADR-140100,Получен,Покупатель отказался при вручении: товар не подошел,2026-03-25 12:09:49,2026-03-30 11:14:17,"1,00","1 212,00",Нет,,,,
2026-03-31 5:34:35,49307230-0217-6,951000756071000,951000756071000,ADR-120100,Получен,Покупатель отказался при вручении: товар не подошел,2026-03-25 12:09:49,2026-03-30 11:14:17,"1,00","1 212,00",Нет,,,,
2026-03-31 5:34:35,69935704-0434-1,501513960312000,501513960312000,CANT-255250-B,Получен,Покупатель отказался при вручении: товар не подошел,2026-03-25 15:44:32,2026-03-30 11:14:17,"1,00","13 833,00",Нет,,,,
2026-03-31 5:34:35,25382897-0183-1,901504595853000,901504595853000,ADR-255300,Получен,Покупатель отказался при вручении: товар не подошел,2026-03-25 17:33:39,2026-03-30 11:14:17,"1,00","2 609,00",Нет,,,,
2026-03-31 5:34:35,25382897-0183-1,901504595853000,901504595853000,ADR-255300,Получен,Покупатель отказался при вручении: товар не подошел,2026-03-25 17:33:39,2026-03-30 11:14:17,"1,00","2 609,00",Нет,,,,
2026-03-31 5:34:35,24155450-1408-1,651007113324000,651007113324000,ADR-220100L,Получен,Покупатель отменил заказ,2026-03-25 17:34:54,2026-03-30 11:14:17,"1,00","1 532,00",Нет,,,,
2026-03-31 5:34:35,24155450-1408-1,651007113324000,651007113324000,ADR-220100L,Получен,Покупатель отменил заказ,2026-03-25 17:34:54,2026-03-30 11:14:17,"1,00","1 532,00",Нет,,,,
2026-03-31 5:34:35,21935579-0325-3,ii11849527206,450959028411000,ADR-255150LR(Milk),Получен,Покупатель передумал,2026-03-25 18:29:55,2026-03-30 11:14:17,"1,00","2 042,00",Да,,,,
2026-03-31 5:34:35,21935579-0325-3,ii11849527205,450959028411000,ADR-255150LR(Milk),Получен,Покупатель передумал,2026-03-25 18:29:55,2026-03-30 11:14:17,"1,00","2 042,00",Да,,,,
2026-03-31 5:34:35,29986590-0432-5,850992808959000,850992808959000,CANT-265300-PUDR,Получен,Покупатель отказался при вручении: товар не подошел,2026-03-25 19:49:51,2026-03-30 11:14:17,"1,00","17 198,00",Нет,,,,
2026-03-31 5:34:35,95238773-0108-1,ii11803214006,250995913912000,CASA-265300-OLIV,Получен,Покупатель передумал,2026-03-25 21:56:23,2026-03-30 11:14:17,"1,00","15 021,00",Да,,,,
2026-03-31 5:34:35,10544948-0025-2,550990196926000,550990196926000,CANT-265150-CAP,Получен,Покупатель отменил заказ,2026-03-26 5:53:31,2026-03-30 11:14:17,"1,00","8 652,00",Нет,,,,
2026-03-31 5:34:35,35310752-0511-1,201737340970000,201737340970000,CANT-265300-MILK,Получен,Покупатель отказался при вручении: товар не подошел,2026-03-26 10:21:16,2026-03-30 11:14:17,"1,00","17 198,00",Нет,,,,
2026-03-31 5:34:35,13047265-0662-1,751001345995000,751001345995000,ADR-310290(Grey),Получен,Покупатель отказался при вручении: товар не подошел,2026-03-26 12:13:37,2026-03-30 11:14:17,"1,00","3 006,00",Нет,,,,
2026-03-31 5:34:35,01886927-0359-1,ii9104875904,550999445432000,ADR-260700LR,Получен,Покупатель передумал,2026-03-26 13:11:53,2026-03-30 11:14:17,"1,00","6 030,00",Да,,,,
2026-03-31 5:34:35,01886927-0359-1,ii9104875903,550999445432000,ADR-260700LR(Milk),Получен,Покупатель передумал,2026-03-26 13:11:53,2026-03-30 11:14:17,"1,00","6 068,00",Да,,,,
2026-03-31 5:34:35,49959663-0493-1,550987407991000,550987407991000,FEST-260300-CAP,Получен,Покупатель отказался при вручении: товар не подошел,2026-03-26 16:36:25,2026-03-30 11:14:17,"1,00","15 083,00",Нет,,,,
2026-03-31 5:34:35,0101680648-0147-1,650991944441000,650991944441000,CANT-265250-B,Получен,Покупатель отказался при вручении: товар не подошел,2026-03-26 19:12:41,2026-03-30 11:14:17,"1,00","13 833,00",Нет,,,,
2026-03-31 5:34:35,41663498-0736-3,ii11836740376,301518740720000,CANT-230200-SIL,Получен,Покупатель отказался при вручении: товар не подошел,2026-03-26 19:15:12,2026-03-30 11:14:17,"1,00","10 496,00",Да,,,,
2026-03-31 5:34:35,90881596-0106-1,301514456991000,301514456991000,CALM-230200-GR,Получен,Покупатель отказался при вручении: товар не подошел,2026-03-26 19:23:15,2026-03-30 11:14:17,"1,00","8 330,00",Нет,,,,
2026-03-31 5:34:35,0205578739-0173-1,901514072690000,901514072690000,ADR-280300V(Milk),Получен,Покупатель отменил заказ,2026-03-27 13:52:26,2026-03-30 11:14:17,"1,00","2 915,00",Нет,,,,
2026-03-31 5:34:35,0172870816-0364-1,601532270122000,601532270122000,CALM-265200-GR,Получен,Покупатель отменил заказ,2026-03-28 15:36:48,2026-03-30 11:14:17,"1,00","8 330,00",Нет,,,,
2026-04-02 5:34:33,35775446-0069-1,250964013690000,250964013690000,STEL-230200CAP,Получен,Покупатель отказался при вручении: товар не подошел,2026-03-21 7:51:10,2026-04-01 13:48:35,"1,00","9 797,00",Нет,,,,
2026-04-02 5:34:33,0205193887-0031-1,701494278365000,701494278365000,CANT-255300-B,Получен,Покупатель отказался при вручении: товар не подошел,2026-03-21 12:12:40,2026-04-01 13:48:35,"1,00","15 857,00",Нет,,,,
2026-04-02 5:34:33,0119635359-0145-1,ii15870598883,601500943990000,CALM-255200-LAT,Получен,Покупатель передумал,2026-03-24 16:41:57,2026-04-01 13:48:35,"1,00","8 330,00",Да,,,,
2026-04-02 5:34:33,0105126508-0241-1,ii15882788414,901493597335000,ADR-270350L(Shamp),Получен,Покупатель передумал,2026-03-25 11:58:07,2026-04-01 13:48:35,"1,00","3 013,00",Да,,,,
2026-04-02 5:34:33,49944422-0359-1,#70#0021918174,750969948062000,CANT-240150-LGR,Получен,Покупатель передумал,2026-03-25 12:04:40,2026-04-01 13:48:35,"1,00","8 482,00",Да,,,,
2026-04-02 5:34:33,59283860-0139-1,801510324612000,801510324612000,CANT-270300-GR,Получен,Покупатель отказался при вручении: товар не подошел,2026-03-25 17:46:02,2026-04-01 13:48:35,"1,00","15 857,00",Нет,,,,
2026-04-02 5:34:33,59283860-0139-3,851001961642000,851001961642000,CANT-270300-LGR,Получен,Покупатель отказался при вручении: товар не подошел,2026-03-25 17:46:02,2026-04-01 13:48:35,"1,00","17 198,00",Нет,,,,
2026-04-02 5:34:33,02432380-1144-3,501512826806000,501512826806000,CANT-265200-LAT,Получен,Покупатель отказался при вручении: товар не подошел,2026-03-25 19:15:20,2026-04-01 13:48:35,"1,00","10 496,00",Нет,,,,
2026-04-02 5:34:33,34332399-0216-1,351011871153000,351011871153000,CANT-250200-OLIV,Получен,Покупатель отменил заказ,2026-03-25 22:26:28,2026-04-01 13:48:35,"1,00","11 390,00",Нет,,,,
2026-04-02 5:34:33,49896122-0052-1,750987565226000,750987565226000,CANT-255250-OLIV,Получен,Покупатель отказался при вручении: товар не подошел,2026-03-26 5:52:30,2026-04-01 13:48:35,"1,00","15 314,00",Нет,,,,
2026-04-02 5:34:33,49896122-0054-1,850992058382000,850992058382000,CALM-255250-GREEN,Получен,Покупатель отказался при вручении: товар не подошел,2026-03-26 5:52:30,2026-04-01 13:48:35,"1,00","9 781,00",Нет,,,,
2026-04-02 5:34:33,0147208118-0199-1,901501532189000,901501532189000,CANT-240150-OLIV,Получен,Покупатель отказался при вручении: товар не подошел,2026-03-26 8:14:24,2026-04-01 13:48:35,"1,00","8 652,00",Нет,,,,
2026-04-02 5:34:33,51293379-0754-1,201734902748000,201734902748000,ADR-265200(Shamp),Получен,Покупатель отказался при вручении: недоволен качеством товара,2026-03-26 17:16:32,2026-04-01 13:48:35,"1,00","2 027,00",Нет,,,,
2026-04-02 5:34:33,25390041-0131-1,ii11873404479,801504874599000,CASA-275300-B,Получен,Упаковка и товар повреждены,2026-03-26 17:47:29,2026-04-01 13:48:35,"1,00","15 021,00",Да,,,,
2026-04-02 5:34:33,55463266-0416-1,501516416306000,501516416306000,CASA-275200-GR,Получен,Покупатель отказался при вручении: товар не подошел,2026-03-26 19:20:14,2026-04-01 13:48:35,"1,00","10 163,00",Нет,,,,
2026-04-02 5:34:33,0124283893-1098-1,ii11812882931,451000621063000,CALM-255300-LAT,Получен,Покупатель передумал,2026-03-26 20:43:45,2026-04-01 13:48:35,"1,00","11 811,00",Да,,,,
2026-04-02 5:34:33,83556948-0398-1,ii11817198624,401501575398000,CANT-250200-PUDR,Получен,Покупатель передумал,2026-03-27 10:30:51,2026-04-01 13:48:35,"1,00","11 390,00",Да,,,,
2026-04-02 5:34:33,40184601-1139-1,ii9089836639,501516086414000,ADR-140100L,Получен,Покупатель передумал,2026-03-27 16:41:55,2026-04-01 13:48:35,"1,00","1 292,00",Да,,,,
2026-04-02 5:34:33,40184601-1139-1,ii9089836640,501516086414000,ADR-140100L,Получен,Покупатель передумал,2026-03-27 16:41:55,2026-04-01 13:48:35,"1,00","1 292,00",Да,,,,
2026-04-02 5:34:33,57020538-0230-1,ii11805382836,701512285987000,ADR-250200(Shamp),Получен,Покупатель отказался при вручении: товар не подошел,2026-03-27 16:57:48,2026-04-01 13:48:35,"1,00","2 027,00",Да,,,,
2026-04-02 5:34:33,57020538-0230-1,ii11805382835,701512285987000,ADR-250200(Shamp),Получен,Покупатель отказался при вручении: товар не подошел,2026-03-27 16:57:48,2026-04-01 13:48:35,"1,00","2 027,00",Да,,,,
2026-04-02 5:34:33,0125255660-0067-3,501518442703000,501518442703000,CANT-260150-LGR,Получен,Покупатель отказался при вручении: товар не подошел,2026-03-27 17:31:24,2026-04-01 13:48:35,"1,00","8 652,00",Нет,,,,
2026-04-02 5:34:33,34332399-0213-1,ii11862545139,401495258254000,CANT-250200-OLIV,Получен,Покупатель передумал,2026-03-27 18:37:57,2026-04-01 13:48:35,"1,00","11 390,00",Да,,,,
2026-04-02 5:34:33,01886927-0364-3,651004277154000,651004277154000,CASA-260300-SIL,Получен,Покупатель отказался при вручении: товар не подошел,2026-03-27 19:24:33,2026-04-01 13:48:35,"1,00","15 021,00",Нет,,,Одна штора была грязная и без пакета ,
2026-04-02 5:34:33,01886927-0364-1,351008996788000,351008996788000,CASA-260300-MLK,Получен,Покупатель отказался при вручении: товар не подошел,2026-03-27 19:24:33,2026-04-01 13:48:35,"1,00","15 021,00",Нет,,,,
2026-04-02 5:34:33,0118623502-0120-1,ii11845359424,450961106215000,CALM-265300-GREEN,Получен,Покупатель передумал,2026-03-27 20:01:24,2026-04-01 13:48:35,"1,00","11 579,00",Да,,,,
2026-04-02 5:34:33,51684845-0349-1,ii11813076689,451009011721000,ADR-275350V(Grey),Получен,Покупатель отказался при вручении: товар не подошел,2026-03-27 20:02:41,2026-04-01 13:48:35,"1,00","3 444,00",Да,,,,
2026-04-02 5:34:33,51684845-0349-1,ii11813076688,451009011721000,ADR-275350V(Grey),Получен,Покупатель отказался при вручении: товар не подошел,2026-03-27 20:02:41,2026-04-01 13:48:35,"1,00","3 444,00",Да,,,,
2026-04-02 5:34:33,16809941-0627-1,951003247337000,951003247337000,CANT-260200-MILK,Получен,Покупатель отменил заказ: нашел дешевле,2026-03-28 11:08:28,2026-04-01 13:48:35,"1,00","11 390,00",Нет,,,,
2026-04-02 5:34:33,18166651-0132-3,801518440261000,801518440261000,CANT-240300-MILK,Получен,Покупатель отказался при вручении: товар не подошел,2026-03-28 12:11:20,2026-04-01 13:48:35,"1,00","17 198,00",Нет,,,,
2026-04-02 5:34:33,58591770-0965-1,ii9094665465,351005034209000,ADR-285250V(Milk),Получен,Покупатель передумал,2026-03-28 13:50:26,2026-04-01 13:48:35,"1,00","2 724,00",Да,,,,
2026-04-02 5:34:33,58591770-0965-1,ii9094665466,351005034209000,ADR-285300V(Milk),Получен,Покупатель передумал,2026-03-28 13:50:26,2026-04-01 13:48:35,"1,00","2 915,00",Да,,,,
2026-04-02 5:34:33,07847031-0466-2,451011235928000,451011235928000,CALM-280250-GREEN,Получен,Покупатель отказался при вручении: товар не подошел,2026-03-28 14:02:53,2026-04-01 13:48:35,"1,00","9 781,00",Нет,,,,
2026-04-02 5:34:33,32762787-0540-1,901528270523000,901528270523000,CANT-245150-CREAM,Получен,Покупатель отменил заказ,2026-03-28 15:10:37,2026-04-01 13:48:35,"1,00","8 388,00",Нет,,,,
2026-04-02 5:34:33,09348056-0650-1,401518624134000,401518624134000,STEL-260200GR,Получен,Покупатель отказался при вручении: товар не подошел,2026-03-28 17:34:41,2026-04-01 13:48:35,"1,00","9 993,00",Нет,,,,
2026-04-02 5:34:33,18110938-1068-1,751003682760000,751003682760000,CANT-265150-GR,Получен,Покупатель отказался при вручении: товар не подошел,2026-03-28 18:32:12,2026-04-01 13:48:35,"1,00","7 905,00",Нет,,,,
2026-04-02 5:34:33,14571326-0375-1,850998308794000,850998308794000,CANT-250300-MILK,Получен,Покупатель отказался при вручении: товар не подошел,2026-03-28 19:02:05,2026-04-01 13:48:35,"1,00","17 198,00",Нет,,,,
2026-04-02 5:34:33,14571326-0375-3,750994655653000,750994655653000,CANT-250300-PUDR,Получен,Покупатель отказался при вручении: товар не подошел,2026-03-28 19:02:05,2026-04-01 13:48:35,"1,00","17 198,00",Нет,,,,
2026-04-02 5:34:33,05677578-1027-1,751012445363000,751012445363000,ADR-280300LR(Grey),Получен,Покупатель отменил заказ,2026-03-28 21:06:37,2026-04-01 13:48:35,"1,00","3 210,00",Нет,,,,
2026-04-02 5:34:33,05677578-1027-1,751012445363000,751012445363000,ADR-280300LR(Grey),Получен,Покупатель отменил заказ,2026-03-28 21:06:37,2026-04-01 13:48:35,"1,00","3 210,00",Нет,,,,
2026-04-02 5:34:33,05677578-1027-1,751012445363000,751012445363000,ADR-280300LR(Grey),Получен,Покупатель отменил заказ,2026-03-28 21:06:37,2026-04-01 13:48:35,"1,00","3 210,00",Нет,,,,
2026-04-02 5:34:33,05677578-1027-1,751012445363000,751012445363000,ADR-280300LR(Grey),Получен,Покупатель отменил заказ,2026-03-28 21:06:37,2026-04-01 13:48:35,"1,00","3 210,00",Нет,,,,
2026-04-02 5:34:33,04769837-0524-1,ii9068809193,951014152650000,ADR-260150L(Grey),Получен,Покупатель передумал,2026-03-29 17:19:39,2026-04-01 13:48:35,"1,00","1 908,00",Да,,,,
2026-04-02 5:34:33,04769837-0524-1,ii9068809194,951014152650000,ADR-260150L(Shamp),Получен,Покупатель передумал,2026-03-29 17:19:39,2026-04-01 13:48:35,"1,00","1 902,00",Да,,,,
2026-04-02 5:34:33,30557354-0336-1,751009022957000,751009022957000,ADR-255300V(Milk),Получен,Покупатель отказался при вручении: товар не подошел,2026-03-29 18:35:22,2026-04-01 13:48:35,"1,00","2 915,00",Нет,,,,
2026-04-04 5:34:32,49900452-0171-1,450948840424000,450948840424000,CANT-270150-OLIV,Получен,Покупатель не забрал заказ,2026-03-23 19:00:56,2026-04-03 11:58:26,"1,00","8 482,00",Нет,,,,
2026-04-04 5:34:32,49900452-0171-1,450948840424000,450948840424000,CANT-270150-OLIV,Получен,Покупатель не забрал заказ,2026-03-23 19:00:56,2026-04-03 11:58:26,"1,00","8 482,00",Нет,,,,
2026-04-04 5:34:32,82077156-0229-1,450995641260000,450995641260000,CANT-230150-LAT,Получен,Не удалось доставить заказ,2026-03-24 5:00:27,2026-04-03 11:58:26,"1,00","7 905,00",Нет,,,,
2026-04-04 5:34:32,82077156-0229-1,450995641260000,450995641260000,CANT-230250-LAT,Получен,Не удалось доставить заказ,2026-03-24 5:00:27,2026-04-03 11:58:26,"1,00","13 833,00",Нет,,,,
,,,,,,,,,,,,,,,
2026-04-04 5:34:32,0151486997-0017-1,550968751255000,550968751255000,CALM-230300-LGR,Получен,Покупатель отказался при вручении: товар не подошел,2026-03-26 14:25:58,2026-04-03 11:58:26,"1,00","11 579,00",Нет,,,,
2026-04-04 5:34:32,0246860543-0002-1,650978181625000,650978181625000,ADR-150600(Grey),Получен,Покупатель отказался при вручении: товар не подошел,2026-03-26 18:04:44,2026-04-03 11:58:26,"1,00","2 861,00",Нет,,,,
2026-04-04 5:34:32,41743029-0283-1,351009025963000,351009025963000,CANT-240200-LAT,Получен,Не удалось доставить заказ,2026-03-27 6:49:42,2026-04-03 11:58:26,"1,00","10 496,00",Нет,,,,
2026-04-04 5:34:32,38128588-0485-3,ii9100132778,201732849308000,CANT-265250-OLIV,Получен,Покупатель передумал,2026-03-27 11:33:42,2026-04-03 11:58:26,"1,00","15 314,00",Да,,,,
2026-04-04 5:34:32,0129709243-0088-1,601514834499000,601514834499000,CANT-255200-CAP,Получен,Покупатель отказался при вручении: товар не подошел,2026-03-28 9:19:55,2026-04-03 11:58:26,"1,00","11 390,00",Нет,,,,
2026-04-04 5:34:32,46546303-0179-1,250998700123000,250998700123000,CASA-250300-B,Получен,Покупатель отказался при вручении: товар не подошел,2026-03-28 12:20:40,2026-04-03 11:58:26,"1,00","15 021,00",Нет,,,,
2026-04-04 5:34:32,0157505736-0083-1,451011665165000,451011665165000,STEL-255200CAP,Получен,Покупатель отменил заказ,2026-03-28 15:02:48,2026-04-03 11:58:26,"1,00","9 993,00",Нет,,,,
2026-04-04 5:34:32,57926573-0330-1,ii11439170009,501521664894000,CANT-245200-PUDR,Получен,Покупатель отказался при вручении: товар не подошел,2026-03-28 16:46:04,2026-04-03 11:58:26,"1,00","11 390,00",Да,,,,
2026-04-04 5:34:32,46991072-0558-1,ii11843824809,801490603788000,ADR-255600(Shamp),Получен,Покупатель передумал,2026-03-28 18:39:17,2026-04-03 11:58:26,"1,00","4 236,00",Да,,,,
2026-04-04 5:34:32,82827194-0078-4,351003737938000,351003737938000,ADR-255500LR,Получен,Покупатель отказался при вручении: товар не подошел,2026-03-28 20:41:10,2026-04-03 11:58:26,"1,00","4 610,00",Нет,,,,
2026-04-04 5:34:32,49896977-0932-1,ii15856058928,201735992386000,CANT-245150-BLUE,Получен,Покупатель передумал,2026-03-29 9:48:17,2026-04-03 11:58:26,"1,00","8 652,00",Да,,,,
2026-04-04 5:34:32,30016389-0688-1,751008111863000,751008111863000,CASA-270300-PUDR,Получен,Покупатель отказался при вручении: товар не подошел,2026-03-29 10:38:25,2026-04-03 11:58:26,"1,00","15 021,00",Нет,,,,
2026-04-04 5:34:32,47680002-0276-1,ii11845675960,551004729255000,ADR-220300L(Shamp),Получен,Покупатель передумал,2026-03-29 12:36:08,2026-04-03 11:58:26,"1,00","2 724,00",Да,,,,
2026-04-04 5:34:32,05442125-0470-1,ii11844674856,401510115788000,CANT-265200-OLIV,Получен,Покупатель передумал,2026-03-29 13:15:55,2026-04-03 11:58:26,"1,00","11 390,00",Да,,,,
2026-04-04 5:34:32,0129181566-0106-1,ii15857208316,451007658985000,CANT-250150-GR,Получен,Покупатель передумал,2026-03-29 14:46:50,2026-04-03 11:58:26,"1,00","7 905,00",Да,,,,
2026-04-04 5:34:32,57756739-0204-3,551008073391000,551008073391000,CANT-270250-LAT,Получен,Покупатель отказался при вручении: товар не подошел,2026-03-29 15:53:48,2026-04-03 11:58:26,"1,00","13 833,00",Нет,,,,
2026-04-04 5:34:32,14451827-2720-1,ii6044681706,250991306948000,ADR-245500,Получен,Покупатель передумал,2026-03-29 16:11:15,2026-04-03 11:58:26,"1,00","3 456,00",Да,,,,
2026-04-04 5:34:32,26264310-1364-1,ii15995827305,651009913721000,ADR-250700LR(Milk),Получен,Покупатель передумал,2026-03-29 17:50:30,2026-04-03 11:58:26,"1,00","6 068,00",Да,,,,
2026-04-04 5:34:32,26264310-1364-1,ii15995827306,651009913721000,ADR-245700LR(Milk),Получен,Покупатель передумал,2026-03-29 17:50:30,2026-04-03 11:58:26,"1,00","6 068,00",Да,,,,
2026-04-04 5:34:32,36123797-0173-1,ii11848542437,550994244546000,CASA-275150-CAP,Получен,Покупатель отказался при вручении: товар не подошел,2026-03-29 18:04:21,2026-04-03 11:58:26,"1,00","7 885,00",Да,,,,
2026-04-04 5:34:32,14910668-1181-1,751008271866000,751008271866000,ADR-255600,Получен,Покупатель отменил заказ: нашел дешевле,2026-03-29 18:16:57,2026-04-03 11:58:26,"1,00","4 412,00",Нет,,,,
2026-04-04 5:34:32,0101500769-0179-1,651010496260000,651010496260000,CANT-250250-LAT,Получен,Покупатель отказался при вручении: товар не подошел,2026-03-29 19:04:16,2026-04-03 11:58:26,"1,00","13 833,00",Нет,,,,
2026-04-04 5:34:32,0103046767-0917-3,201737097103000,201737097103000,CANT-255250-PUDR,Получен,Покупатель отказался при вручении: товар не подошел,2026-03-29 20:17:17,2026-04-03 11:58:26,"1,00","11 390,00",Нет,,,,
2026-04-04 5:34:32,86374557-0512-1,401518584818000,401518584818000,CANT-255200-OLIV,Получен,Покупатель отказался при вручении: товар не подошел,2026-03-30 11:00:03,2026-04-03 11:58:26,"1,00","11 390,00",Нет,,,,
2026-04-04 5:34:32,03915268-0156-1,501530411907000,501530411907000,ADR-265700(Shamp),Получен,Покупатель отказался при вручении: товар не подошел,2026-03-30 12:10:48,2026-04-03 11:58:26,"1,00","4 742,00",Нет,,,,
2026-04-04 5:34:32,65607730-0127-1,751005549006000,751005549006000,ADR-150500,Получен,Покупатель отказался при вручении: товар не подошел,2026-03-30 12:23:08,2026-04-03 11:58:26,"1,00","2 651,00",Нет,,,,
2026-04-04 5:34:32,09989990-0097-1,701515210550000,701515210550000,CANT-240300-CAP,Получен,Покупатель отказался при вручении: товар не подошел,2026-03-30 12:44:19,2026-04-03 11:58:26,"1,00","17 198,00",Нет,,,,
2026-04-04 5:34:32,09989990-0097-3,801513902118000,801513902118000,CANT-240300-LAT,Получен,Покупатель отказался при вручении: товар не подошел,2026-03-30 12:44:19,2026-04-03 11:58:26,"1,00","15 857,00",Нет,,,,
2026-04-04 5:34:32,04613376-1348-4,ii15987735704,951017229594000,ADR-310290V(Grey),Получен,Покупатель отказался при вручении: товар не подошел,2026-03-30 13:07:46,2026-04-03 11:58:26,"1,00","3 027,00",Да,,,,
2026-04-04 5:34:32,04613376-1348-4,ii15987735705,951017229594000,ADR-310290V(Grey),Получен,Покупатель отказался при вручении: товар не подошел,2026-03-30 13:07:46,2026-04-03 11:58:26,"1,00","3 027,00",Да,,,,
2026-04-04 5:34:32,79054933-0583-2,ii11802423527,501524301167000,ADR-250200V(Milk),Получен,Покупатель отказался при вручении: товар не подошел,2026-03-30 13:15:50,2026-04-03 11:58:26,"1,00","2 430,00",Да,,,,
2026-04-04 5:34:32,79054933-0583-2,ii11802423529,501524301167000,ADR-250200V(Milk),Получен,Покупатель отказался при вручении: товар не подошел,2026-03-30 13:15:50,2026-04-03 11:58:26,"1,00","2 430,00",Да,,,,
2026-04-04 5:34:32,26216103-1063-1,ii15999097287,251009629293000,ADR-310200V,Получен,Покупатель передумал,2026-03-30 13:45:18,2026-04-03 11:58:26,"1,00","2 724,00",Да,,,,
2026-04-04 5:34:32,26216103-1063-1,ii15999097286,251009629293000,ADR-310200V,Получен,Покупатель передумал,2026-03-30 13:45:18,2026-04-03 11:58:26,"1,00","2 724,00",Да,,,,
2026-04-04 5:34:32,0138920789-0132-1,ii11809647288,401505682308000,CANT-260300-LAT,Получен,Покупатель передумал,2026-03-30 15:10:24,2026-04-03 11:58:26,"1,00","15 857,00",Да,,,,
2026-04-04 5:34:32,66013004-0070-3,501530892586000,501530892586000,STEL-245300GR,Получен,Покупатель отказался при вручении: товар не подошел,2026-03-30 16:50:07,2026-04-03 11:58:26,"1,00","14 574,00",Нет,,,,
2026-04-04 5:34:32,66013004-0070-1,401526218184000,401526218184000,STEL-245250GR,Получен,Покупатель отказался при вручении: товар не подошел,2026-03-30 16:50:07,2026-04-03 11:58:26,"1,00","12 018,00",Нет,,,,
2026-04-04 5:34:32,16828355-0248-1,601524918294000,601524918294000,CANT-270250-OLIV,Получен,Покупатель отказался при вручении: товар не подошел,2026-03-30 18:51:13,2026-04-03 11:58:26,"1,00","15 314,00",Нет,,,,
2026-04-04 5:34:32,28232009-0385-1,ii11838290626,951010526061000,ADR-260250,Получен,Покупатель передумал,2026-03-30 18:54:47,2026-04-03 11:58:26,"1,00","2 318,00",Да,,,,
2026-04-04 5:34:32,55275422-0259-2,ii11874098903,351001194025000,ADR-250200V,Получен,Покупатель передумал,2026-03-30 20:25:12,2026-04-03 11:58:26,"1,00","2 200,00",Да,,,,
2026-04-04 5:34:32,55275422-0259-2,ii11874098904,351001194025000,ADR-250200V,Получен,Покупатель передумал,2026-03-30 20:25:12,2026-04-03 11:58:26,"1,00","2 200,00",Да,,,,
2026-04-04 5:34:32,38107806-0114-1,451020498949000,451020498949000,CANT-255150-PUDR,Получен,Покупатель отменил заказ: нашел дешевле,2026-03-31 13:03:41,2026-04-03 11:58:26,"1,00","8 652,00",Нет,,,,
2026-04-04 5:34:32,05367040-0844-1,351029966166000,351029966166000,CALM-265150-LGR,Получен,Покупатель отменил заказ,2026-04-01 13:34:06,2026-04-03 11:58:26,"1,00","6 182,00",Нет,,,,
2026-04-04 5:34:32,36384090-1127-1,501539920123000,501539920123000,ADR-150150LR(Grey),Получен,Покупатель отменил заказ,2026-04-01 16:04:08,2026-04-03 11:58:26,"1,00","1 638,00",Нет,,,,
2026-04-05 15:37:22,23845105-1119-1,ii15763276193,751006475357000,CANT-245200-MILK,[Fbo] Статус неизвестен,Покупатель отменил заказ,2026-03-25 10:45:13,2026-03-26 12:52:28,"1,00","11 390,00",Нет,,,,
2026-04-05 15:37:22,88707551-1455-1,650974017038000,650974017038000,ADR-245350V(Grey),[Fbs] Статус неизвестен,Покупатель отказался при вручении: товар не подошел,2026-03-25 11:49:48,,"1,00","3 444,00",Нет,,,,
2026-04-05 15:37:22,88707551-1455-1,650974017038000,650974017038000,ADR-245350V(Grey),[Fbs] Статус неизвестен,Покупатель отказался при вручении: товар не подошел,2026-03-25 11:49:48,,"1,00","3 444,00",Нет,,,,
2026-04-05 15:37:22,53139885-0311-1,ii15874241709,250964484546000,ADR-240300LR,[Fbs] Статус неизвестен,Покупатель отказался при вручении: товар не подошел,2026-03-27 12:47:35,,"1,00","3 077,00",Да,,,,
2026-04-05 15:37:22,53139885-0311-1,ii15874241708,250964484546000,ADR-240300LR,[Fbs] Статус неизвестен,Покупатель отказался при вручении: товар не подошел,2026-03-27 12:47:35,,"1,00","3 077,00",Да,,,,
2026-04-05 15:37:22,12516339-0639-1,750998352338000,750998352338000,CANT-260200-BLUE,[Fbs] Статус неизвестен,Покупатель отказался при вручении: товар не подошел,2026-03-28 9:58:36,,"1,00","11 390,00",Нет,,,,
2026-04-05 15:37:22,12516339-0642-1,701512279617000,701512279617000,CASA-260200-BLUE,[Fbs] Статус неизвестен,Покупатель отказался при вручении: товар не подошел,2026-03-28 9:58:36,,"1,00","10 163,00",Нет,,,,
2026-04-05 15:37:22,56670711-0377-1,ii11438889900,350988617400000,STEL-245150CAP,[Fbs] Статус неизвестен,Покупатель передумал,2026-03-28 12:15:37,,"1,00","7 729,00",Да,,,,
2026-04-05 15:37:22,0118837340-0224-1,ii11866674835,450980535874000,ADR-230250(Shamp),[Fbs] Статус неизвестен,Покупатель получил не те товары,2026-03-28 14:17:15,,"1,00","2 302,00",Да,соответствует размеру и цвету,,,пришел не тот цвет
2026-04-05 15:37:22,0118837340-0223-1,ii11866674836,350983336300000,ADR-230250(Shamp),[Fbs] Статус неизвестен,Покупатель получил не те товары,2026-03-28 14:17:15,,"1,00","2 302,00",Да,соответствует размеру и цвету,,,пришел не тот цвет
2026-04-05 15:37:22,45218575-0216-4,250997102918000,250997102918000,CANT-270200-LGR,[Fbs] Статус неизвестен,Покупатель отказался при вручении: товар не подошел,2026-03-28 14:59:02,,"1,00","11 390,00",Нет,,,,
2026-04-05 15:37:22,45218575-0216-7,451002436468000,451002436468000,CANT-270200-OLIV,[Fbs] Статус неизвестен,Покупатель отказался при вручении: товар не подошел,2026-03-28 14:59:02,,"1,00","11 390,00",Нет,,,,
2026-04-05 15:37:22,30531743-0467-3,ii15749748213,701524869770000,CANT-270150-OLIV,[Fbo] Статус неизвестен,Покупатель отменил заказ: перенос сроков доставки,2026-03-29 10:00:23,2026-04-03 2:01:09,"1,00","8 652,00",Нет,,,,
2026-04-05 15:37:22,51761817-0649-1,ii11835266832,501487182227000,ADR-285200(Shamp),[Fbs] Статус неизвестен,Покупатель передумал,2026-03-29 12:38:27,,"1,00","2 043,00",Да,,,,
2026-04-05 15:37:22,51761817-0649-1,ii11835266831,501487182227000,ADR-285200(Shamp),[Fbs] Статус неизвестен,Покупатель передумал,2026-03-29 12:38:27,,"1,00","2 043,00",Да,,,,
2026-04-05 15:37:22,0204913656-0052-1,301530399397000,301530399397000,ADR-120150,[Fbs] Статус неизвестен,Покупатель отказался при вручении: товар не подошел,2026-03-29 13:59:48,,"1,00","1 503,00",Нет,,,,
2026-04-05 15:37:22,74117700-0065-2,551010573887000,551010573887000,CASA-230200-B,[Fbs] Статус неизвестен,Покупатель отказался при вручении: товар не подошел,2026-03-29 18:30:33,,"1,00","10 163,00",Нет,,,,
2026-04-05 15:37:22,13929742-0134-1,301535148423000,301535148423000,CANT-255250-CAP,[Fbs] Статус неизвестен,Покупатель отменил заказ,2026-03-29 18:31:20,,"1,00","15 314,00",Нет,,,,
2026-04-05 15:37:22,38105542-0619-1,ii15990077324,301530108450000,CANT-260250-SIL,[Fbs] Статус неизвестен,Покупатель передумал,2026-03-29 21:39:39,,"1,00","13 833,00",Да,,,,
2026-04-05 15:37:22,0147208118-0200-1,ii11856731821,550987213576000,CANT-245250-OLIV,[Fbs] Статус неизвестен,Покупатель передумал,2026-03-30 10:13:49,,"1,00","15 314,00",Да,,,,
2026-04-05 15:37:22,83545324-1652-1,951016437482000,951016437482000,CANT-250150-OLIV,[Fbs] Статус неизвестен,Покупатель отказался при вручении: товар не подошел,2026-03-30 18:21:21,,"1,00","8 652,00",Нет,,,,
2026-04-05 15:37:22,05677578-1028-1,ii11826695037,501528005634000,ADR-280400LR(Grey),[Fbs] Статус неизвестен,Покупатель передумал,2026-03-30 19:57:22,,"1,00","3 798,00",Да,,,,
2026-04-05 15:37:22,0153979505-0087-1,251003611794000,251003611794000,ADR-300150(Black),[Fbs] Статус неизвестен,Покупатель отказался при вручении: товар не подошел,2026-03-31 8:35:11,,"1,00","2 130,00",Нет,,,,
2026-04-05 15:37:22,83082463-0070-1,ii9108163324,450975186997000,ADR-245200V(Grey),[Fbs] Статус неизвестен,Покупатель передумал,2026-03-31 10:17:59,,"1,00","2 465,00",Да,,,,
2026-04-05 15:37:22,70630781-0694-1,ii11844728525,901504913624000,CANT-245250-B,[Fbs] Статус неизвестен,Покупатель передумал,2026-03-31 12:18:14,,"1,00","13 833,00",Да,,,,
2026-04-05 15:37:22,84358391-0318-1,251008238522000,251008238522000,ADR-120150(Shamp),[Fbs] Статус неизвестен,Покупатель отказался при вручении: товар не подошел,2026-03-31 13:10:29,,"1,00","1 421,00",Нет,,,,
2026-04-05 15:37:22,84358391-0318-1,251008238522000,251008238522000,ADR-120150(Shamp),[Fbs] Статус неизвестен,Покупатель отказался при вручении: товар не подошел,2026-03-31 13:10:29,,"1,00","1 421,00",Нет,,,,
2026-04-05 15:37:22,33976815-0920-1,801515047149000,801515047149000,ADR-285600V(Grey),[Fbs] Статус неизвестен,Покупатель отменил заказ,2026-03-31 15:14:35,,"1,00","5 164,00",Нет,,,,
2026-04-05 15:37:22,09348056-0654-1,751015746683000,751015746683000,CANT-260200-SIL,[Fbs] Статус неизвестен,Покупатель отказался при вручении: товар не подошел,2026-03-31 16:52:55,,"1,00","10 496,00",Нет,,,,
2026-04-05 15:37:22,09348056-0654-1,751015746683000,751015746683000,CANT-260200-LGR,[Fbs] Статус неизвестен,Покупатель отказался при вручении: товар не подошел,2026-03-31 16:52:55,,"1,00","11 390,00",Нет,,,,
2026-04-05 15:37:22,09348056-0653-1,801528895650000,801528895650000,STEL-260200LGR,[Fbs] Статус неизвестен,Покупатель отказался при вручении: товар не подошел,2026-03-31 16:52:55,,"1,00","9 993,00",Нет,,,,
2026-04-05 15:37:22,0138582707-0297-3,ii11830388774,701522378214000,CANT-240300-OLIV,[Fbs] Статус неизвестен,Покупатель передумал,2026-03-31 18:39:34,,"1,00","17 198,00",Да,,,,
2026-04-05 15:37:22,47021345-0208-3,201749340369000,201749340369000,CASA-280300-OLIV,[Fbs] Статус неизвестен,Покупатель отказался при вручении: товар не подошел,2026-03-31 20:02:15,,"1,00","15 021,00",Нет,,,,
2026-04-05 15:37:22,47021345-0208-1,201749141065000,201749141065000,CASA-280250-B,[Fbs] Статус неизвестен,Покупатель отказался при вручении: товар не подошел,2026-03-31 20:02:15,,"1,00","13 295,00",Нет,,,,
2026-04-05 15:37:22,88258417-0300-1,ii15764349897,701536035189000,CANT-270150-OLIV,[Fbo] Статус неизвестен,Покупатель отменил заказ: нашел дешевле,2026-03-31 22:59:25,2026-04-04 13:47:23,"1,00","8 652,00",Нет,,,,
2026-04-05 15:37:22,55078486-0040-1,251012007170000,251012007170000,CANT-270300-OLIV,[Fbs] Статус неизвестен,Покупатель отказался при вручении: товар не подошел,2026-04-01 9:03:12,,"1,00","17 198,00",Нет,,,,
2026-04-05 15:37:22,49680092-0174-5,401492136164000,401492136164000,CANT-240250-MILK,[Fbs] Статус неизвестен,Покупатель отказался при вручении: товар не подошел,2026-04-01 9:51:47,,"1,00","15 314,00",Нет,,,,
2026-04-05 15:37:22,49680092-0174-1,350985796568000,350985796568000,CANT-240250-MILK,[Fbs] Статус неизвестен,Покупатель отказался при вручении: товар не подошел,2026-04-01 9:51:47,,"1,00","15 314,00",Нет,,,,
2026-04-05 15:37:22,49680092-0174-3,401492136152000,401492136152000,CANT-240250-MILK,[Fbs] Статус неизвестен,Покупатель отказался при вручении: товар не подошел,2026-04-01 9:51:47,,"1,00","15 314,00",Нет,,,,
2026-04-05 15:37:22,0123945963-0985-1,901521471001000,901521471001000,CANT-250250-LAT,[Fbs] Статус неизвестен,Покупатель отказался при вручении: товар не подошел,2026-04-01 12:11:33,,"1,00","13 833,00",Нет,,,,
2026-04-05 15:37:22,43735104-0506-1,351019297537000,351019297537000,STEL-260300CAP,[Fbs] Статус неизвестен,Покупатель отказался при вручении: товар не подошел,2026-04-01 13:24:06,,"1,00","14 574,00",Нет,,,,
2026-04-05 15:37:22,31394456-0097-1,950999625875000,950999625875000,CANT-260300-LGR,[Fbs] Статус неизвестен,Покупатель отказался при вручении: товар не подошел,2026-04-01 13:31:51,,"1,00","17 198,00",Нет,,,,
2026-04-05 15:37:22,65641861-0229-1,ii11849772315,851020291156000,ADR-265600V(Milk),[Fbs] Статус неизвестен,Покупатель отказался при вручении: товар не подошел,2026-04-01 14:42:24,,"1,00","5 397,00",Да,,,,
2026-04-05 15:37:22,65641861-0229-1,ii11849772314,851020291156000,CANT-265300-CAP,[Fbs] Статус неизвестен,Покупатель отказался при вручении: товар не подошел,2026-04-01 14:42:24,,"1,00","17 198,00",Да,,,,
2026-04-05 15:37:22,65641861-0227-1,401526316199000,401526316199000,CANT-260250-CAP,[Fbs] Статус неизвестен,Покупатель отказался при вручении: товар не подошел,2026-04-01 14:42:24,,"1,00","15 314,00",Нет,,,,
2026-04-05 15:37:22,0149213460-0148-1,ii11828114977,851005008923000,CANT-255300-CAP,[Fbs] Статус неизвестен,Покупатель передумал,2026-04-01 15:29:29,,"1,00","17 198,00",Да,,,,
2026-04-05 15:37:22,77523118-0317-1,651017247377000,651017247377000,ADR-265150(Grey),[Fbs] Статус неизвестен,Покупатель отказался при вручении: товар не подошел,2026-04-01 16:53:20,,"1,00","1 813,00",Нет,,,,
2026-04-05 15:37:22,67861119-0189-1,ii11834682428,801517002591000,CANT-260200-OLIV,[Fbs] Статус неизвестен,Покупатель передумал,2026-04-01 17:26:12,,"1,00","11 390,00",Да,,,,
2026-04-05 15:37:22,04745431-0719-1,601530169552000,601530169552000,ADR-310200(Shamp),[Fbs] Статус неизвестен,Покупатель отказался при вручении: товар не подошел,2026-04-01 17:38:04,,"1,00","2 124,00",Нет,,,,
2026-04-05 15:37:22,04745431-0719-1,601530169552000,601530169552000,ADR-310290(Shamp),[Fbs] Статус неизвестен,Покупатель отказался при вручении: товар не подошел,2026-04-01 17:38:04,,"1,00","2 589,00",Нет,,,,
2026-04-05 15:37:22,04745431-0719-1,601530169552000,601530169552000,ADR-310290(Shamp),[Fbs] Статус неизвестен,Покупатель отказался при вручении: товар не подошел,2026-04-01 17:38:04,,"1,00","2 589,00",Нет,,,,
2026-04-05 15:37:22,50408864-2565-1,ii11827952137,201721908141000,ADR-120150L,[Fbs] Статус неизвестен,Покупатель передумал,2026-04-01 17:38:23,,"1,00","1 446,00",Да,,,,
2026-04-05 15:37:22,45222535-0041-1,ii11813336504,601534822250000,CANT-255150-PUDR,[Fbs] Статус неизвестен,Упаковка и товар повреждены,2026-04-01 18:15:35,,"1,00","8 652,00",Да,,,,
2026-04-05 15:37:22,15936597-1200-1,ii11850329909,401530568123000,CANT-230200-PUDR,[Fbs] Статус неизвестен,Покупатель отказался при вручении: товар не подошел,2026-04-01 18:18:38,,"1,00","11 390,00",Да,,,,
2026-04-05 15:37:22,15936597-1200-1,ii11850329910,401530568123000,CASA-230200-OLIV,[Fbs] Статус неизвестен,Покупатель отказался при вручении: товар не подошел,2026-04-01 18:18:38,,"1,00","10 163,00",Да,,,,
2026-04-05 15:37:22,31156058-0997-1,ii11844776077,801521885677000,CANT-260200-SIL,[Fbs] Статус неизвестен,Покупатель передумал,2026-04-01 18:20:26,,"1,00","10 496,00",Да,,,,
2026-04-05 15:37:22,04636489-1154-3,801524391313000,801524391313000,CANT-260150-OLIV,[Fbs] Статус неизвестен,Покупатель отказался при вручении: товар не подошел,2026-04-01 19:04:36,,"1,00","8 652,00",Нет,,,,
2026-04-05 15:37:22,51494859-0179-1,350998959548000,350998959548000,CASA-270300-LGR,[Fbs] Статус неизвестен,Покупатель отменил заказ,2026-04-01 19:37:26,,"1,00","15 021,00",Нет,,,,
2026-04-05 15:37:22,51494859-0179-5,750993616943000,750993616943000,CASA-265300-LGR,[Fbs] Статус неизвестен,Покупатель отменил заказ,2026-04-01 19:37:43,,"1,00","15 021,00",Нет,,,,
2026-04-05 15:37:22,0123472199-0232-1,301529920110000,301529920110000,ADR-245500(Grey),[Fbs] Статус неизвестен,Покупатель отказался при вручении: товар не подошел,2026-04-02 5:41:07,,"1,00","3 637,00",Нет,,,,
2026-04-05 15:37:22,0123945963-0984-1,ii11835247628,351011353903000,CANT-250250-CAP,[Fbs] Статус неизвестен,Покупатель передумал,2026-04-02 7:35:55,,"1,00","15 314,00",Да,,,,
2026-04-05 15:37:22,32028332-0750-1,701540211815000,701540211815000,CASA-275150-SIL,[Fbs] Статус неизвестен,Покупатель отменил заказ,2026-04-02 10:26:13,,"1,00","7 487,00",Нет,,,,
2026-04-05 15:37:22,32028332-0750-1,701540211815000,701540211815000,CASA-275150-SIL,[Fbs] Статус неизвестен,Покупатель отменил заказ,2026-04-02 10:26:13,,"1,00","7 487,00",Нет,,,,
2026-04-05 15:37:22,60898402-0046-5,450995038406000,450995038406000,CALM-280200-BR,[Fbs] Статус неизвестен,Покупатель отказался при вручении: товар не подошел,2026-04-02 10:30:14,,"1,00","8 330,00",Нет,,,,
2026-04-05 15:37:22,19645124-0275-1,#70#0015039070,251007927653000,ADR-310290(Shamp),[Fbs] Статус неизвестен,Покупатель передумал,2026-04-02 10:34:02,,"1,00","2 589,00",Да,,,,
2026-04-05 15:37:22,52021283-0297-1,ii11436631568,451001007853000,CANT-240150-OLIV,[Fbs] Статус неизвестен,Покупатель передумал,2026-04-02 11:25:56,,"1,00","8 652,00",Да,,,,
2026-04-05 15:37:22,31729058-0190-3,301528997311000,301528997311000,CANT-255200-MILK,[Fbs] Статус неизвестен,Покупатель отказался при вручении: товар не подошел,2026-04-02 12:20:15,,"1,00","11 390,00",Нет,,,,
2026-04-05 15:37:22,05696095-0643-2,ii11812034404,801508754703000,CANT-245150-LAT,[Fbs] Статус неизвестен,Покупатель передумал,2026-04-02 12:28:35,,"1,00","7 905,00",Да,,,,
2026-04-05 15:37:22,98863524-0023-1,ii11441726091,301528952975000,FEST-260150-BLACK,[Fbs] Статус неизвестен,Покупатель передумал,2026-04-02 13:42:11,,"1,00","7 398,00",Да,,,,
2026-04-05 15:37:22,44775886-0622-2,601538313108000,601538313108000,CANT-245200-OLIV,[Fbs] Статус неизвестен,Покупатель отказался при вручении: товар не подошел,2026-04-02 13:46:32,,"1,00","11 390,00",Нет,,,,
2026-04-05 15:37:22,32028332-0749-1,ii11422459324,601523410497000,CASA-275200-LGR,[Fbs] Статус неизвестен,Покупатель передумал,2026-04-02 15:51:38,,"1,00","10 163,00",Да,,,,
2026-04-05 15:37:22,32028332-0749-3,ii11422459325,951012171791000,CASA-275200-GR,[Fbs] Статус неизвестен,Покупатель передумал,2026-04-02 15:51:38,,"1,00","10 163,00",Да,,,,
2026-04-05 15:37:22,35108667-0477-1,750998800956000,750998800956000,CANT-260200-MILK,[Fbs] Статус неизвестен,Покупатель отказался при вручении: товар не подошел,2026-04-02 16:23:11,,"1,00","11 390,00",Нет,,,,
2026-04-05 15:37:22,20823041-0816-4,ii9108410829,701530122549000,CASA-240200-VEN,[Fbs] Статус неизвестен,Покупатель передумал,2026-04-02 17:27:07,,"1,00","10 163,00",Да,,,,
2026-04-05 15:37:22,32762787-0579-1,651027536420000,651027536420000,CANT-245150-BLUE,[Fbs] Статус неизвестен,Покупатель отменил заказ,2026-04-02 17:33:33,,"1,00","8 652,00",Нет,,,,
2026-04-05 15:37:22,32762787-0557-1,601539874091000,601539874091000,CANT-245150-LGR,[Fbs] Статус неизвестен,Покупатель отменил заказ,2026-04-02 17:34:46,,"1,00","8 652,00",Нет,,,,
,,,,,,,,,,,,,,,
2026-04-05 15:37:22,82827194-0085-1,ii11857156033,951025113928000,CANT-260200-LAT,[Fbs] Статус неизвестен,Покупатель отказался при вручении: товар не подошел,2026-04-02 18:35:54,,"1,00","10 496,00",Да,,,,
2026-04-05 15:37:22,82827194-0084-1,801531294972000,801531294972000,CANT-255200-CAP,[Fbs] Статус неизвестен,Покупатель отказался при вручении: товар не подошел,2026-04-02 18:35:55,,"1,00","11 390,00",Нет,,,,
2026-04-05 15:37:22,82827194-0084-5,901534652647000,901534652647000,CANT-255200-MILK,[Fbs] Статус неизвестен,Покупатель отказался при вручении: товар не подошел,2026-04-02 18:35:55,,"1,00","11 390,00",Нет,,,,
2026-04-05 15:37:22,82827194-0084-3,901534652643000,901534652643000,CANT-255200-LAT,[Fbs] Статус неизвестен,Покупатель отказался при вручении: товар не подошел,2026-04-02 18:35:55,,"1,00","10 496,00",Нет,,,,
2026-04-05 15:37:22,49545367-0538-3,501534105445000,501534105445000,CALM-285150-BLUE,[Fbs] Статус неизвестен,Покупатель отказался при вручении: товар не подошел,2026-04-02 20:18:54,,"1,00","6 182,00",Нет,,,,
2026-04-05 15:37:22,35695109-0351-1,650987325677000,650987325677000,CANT-250250-PUDR,[Fbs] Статус неизвестен,Покупатель не забрал заказ,2026-04-03 0:01:20,,"1,00","11 390,00",Нет,,,,
2026-04-05 15:37:22,38107806-0118-1,751027367196000,751027367196000,ADR-220350,[Fbs] Статус неизвестен,Покупатель отменил заказ: нашел дешевле,2026-04-03 7:45:21,,"1,00","2 899,00",Нет,,,,
2026-04-05 15:37:22,0120616668-0113-1,ii15851362997,901522457493000,CANT-220200-MILK,[Fbs] Статус неизвестен,Покупатель передумал,2026-04-03 9:14:41,,"1,00","11 390,00",Да,,,,
2026-04-05 15:37:22,47774785-0090-1,651029476236000,651001867243000,CANT-270300-OLIV,[Fbs] Статус неизвестен,Покупатель передумал,2026-04-03 9:49:06,,"1,00","17 198,00",Да,,,,
2026-04-05 15:37:22,0128870572-0119-1,551018278075000,551018278075000,ADR-265400L,[Fbs] Статус неизвестен,Покупатель отказался при вручении: товар не подошел,2026-04-03 9:59:49,,"1,00","3 361,00",Нет,,,,
2026-04-05 15:37:22,32762787-0583-3,451030578459000,451030578459000,CANT-245300-MILK,[Fbs] Статус неизвестен,Покупатель отменил заказ: нашел дешевле,2026-04-03 10:02:53,,"1,00","17 198,00",Нет,,,,
2026-04-05 15:37:22,03792111-1010-1,251018754595000,251018754595000,CALM-260300-MLK,[Fbs] Статус неизвестен,Покупатель отказался при вручении: товар не подошел,2026-04-03 13:24:40,,"1,00","11 811,00",Нет,,,,
2026-04-05 15:37:22,03792111-1010-3,251020328644000,251020328644000,CALM-270200-LAT,[Fbs] Статус неизвестен,Покупатель отказался при вручении: товар не подошел,2026-04-03 13:24:40,,"1,00","8 330,00",Нет,,,,
2026-04-05 15:37:22,0150911361-0330-3,251020298375000,251020298375000,CANT-255200-OLIV,[Fbs] Статус неизвестен,Покупатель отказался при вручении: товар не подошел,2026-04-03 14:21:13,,"1,00","11 390,00",Нет,,,,
2026-04-05 15:37:22,0150911361-0330-5,251020298376000,251020298376000,CANT-255200-CAP,[Fbs] Статус неизвестен,Покупатель отказался при вручении: товар не подошел,2026-04-03 14:21:13,,"1,00","11 390,00",Нет,,,,
2026-04-05 15:37:22,60528682-0137-1,ii11811098792,451009691319000,CANT-270150-LGR,[Fbs] Статус неизвестен,Покупатель передумал,2026-04-03 14:24:32,,"1,00","8 652,00",Да,,,,
2026-04-05 15:37:22,60528682-0137-1,ii11811098797,451009691319000,CANT-270200-OLIV,[Fbs] Статус неизвестен,Товар не работает / брак,2026-04-03 14:24:32,,"1,00","11 390,00",Да,,,,
2026-04-05 15:37:22,72967679-0271-2,901531112042000,901531112042000,ADR-240100ALL,[Fbs] Статус неизвестен,Покупатель отказался при вручении: товар не подошел,2026-04-03 14:35:53,,"1,00","1 575,00",Нет,,,,
2026-04-05 15:37:22,89866614-1696-1,901543510232000,901543510232000,CASA-275200-GR,[Fbs] Статус неизвестен,Покупатель отменил заказ,2026-04-03 15:33:02,,"1,00","10 163,00",Нет,,,,
2026-04-05 15:37:22,32377569-1047-3,701545537139000,701545537139000,CASA-265200-PUDR,[Fbs] Статус неизвестен,Покупатель отменил заказ,2026-04-03 16:06:41,,"1,00","10 163,00",Нет,,,,
2026-04-05 15:37:22,65391054-0898-2,801531614266000,801531614266000,CANT-255150-CAP,[Fbs] Статус неизвестен,Покупатель отказался при вручении: товар не подошел,2026-04-03 16:30:59,,"1,00","8 652,00",Нет,,,,
2026-04-05 15:37:22,80874264-0180-1,601535138193000,601535138193000,CASA-265200-PUDR,[Fbs] Статус неизвестен,Покупатель отказался при вручении: товар не подошел,2026-04-03 16:47:31,,"1,00","10 163,00",Нет,,,,
2026-04-05 15:37:22,0101500769-0180-1,ii11823690479,651010504412000,CANT-250250-CAP,[Fbs] Статус неизвестен,Покупатель передумал,2026-04-03 17:24:55,,"1,00","15 314,00",Да,,,,
2026-04-05 15:37:22,41556552-0150-3,751020193691000,751020193691000,CALM-275300-LAT,[Fbs] Статус неизвестен,Покупатель отказался при вручении: товар не подошел,2026-04-03 17:29:55,,"1,00","11 811,00",Нет,,,,
2026-04-05 15:37:22,0175717816-0143-1,ii11440225031,201753427877000,CANT-255200-SIL,[Fbs] Статус неизвестен,Покупатель передумал,2026-04-03 17:41:15,,"1,00","10 496,00",Да,,,,
2026-04-05 15:37:22,57873418-0279-1,ii5522237079,751015059013000,CANT-265250-PUDR,[Fbs] Статус неизвестен,Покупатель передумал,2026-04-03 17:49:04,,"1,00","11 390,00",Да,,,,
2026-04-05 15:37:22,49995994-0548-2,ii9067679880,301542811031000,ADR-270700L(Grey),[Fbs] Статус неизвестен,Покупатель отказался при вручении: товар не подошел,2026-04-03 18:44:02,,"1,00","5 750,00",Да,,,,
2026-04-05 15:37:22,04743228-0976-1,501534884480000,501534884480000,CANT-255200-OLIV,[Fbs] Статус неизвестен,Покупатель отказался при вручении: товар не подошел,2026-04-03 19:37:31,,"1,00","11 390,00",Нет,,,,
2026-04-05 15:37:22,74739760-0038-2,301537277639000,301537277639000,CALM-275300-MLK,[Fbs] Статус неизвестен,Покупатель отказался при вручении: товар не подошел,2026-04-03 20:07:15,,"1,00","11 811,00",Нет,,,,
2026-04-05 15:37:22,34080323-0370-1,701539148174000,701539148174000,CANT-250200-CAP,[Fbs] Статус неизвестен,Покупатель отказался при вручении: товар не подошел,2026-04-03 20:13:33,,"1,00","11 390,00",Нет,,,,
2026-04-05 15:37:22,0106328873-0391-1,ii15764350255,451026221599000,CANT-270150-OLIV,[Fbo] Статус неизвестен,Покупатель отказался при вручении: товар не подошел,2026-04-03 20:40:53,2026-04-05 12:15:00,"1,00","8 652,00",Нет,,,,
2026-04-05 15:37:22,20747253-0308-1,ii7127143425,751022978856000,CANT-270150-MILK,[Fbs] Статус неизвестен,Покупатель отказался при вручении: товар не подошел,2026-04-03 21:00:36,,"1,00","8 652,00",Да,,,,
2026-04-05 15:37:22,20747253-0308-1,ii7127143426,751022978856000,CANT-270150-B,[Fbs] Статус неизвестен,Покупатель отказался при вручении: товар не подошел,2026-04-03 21:00:36,,"1,00","7 905,00",Да,,,,
2026-04-05 15:37:22,87445235-0994-1,951029999840000,951029999840000,CALM-285250-BR,[Fbs] Статус неизвестен,Покупатель отменил заказ,2026-04-04 7:24:41,,"1,00","9 781,00",Нет,,,,
2026-04-05 15:37:22,0170689490-0376-1,451002208992000,451002208992000,CANT-245300-MILK,[Fbs] Статус неизвестен,Покупатель отказался при вручении: товар не подошел,2026-04-04 9:00:18,,"1,00","17 198,00",Нет,,,,
2026-04-05 15:37:22,28831380-0359-1,ii15842304488,301536871457000,ADR-285250,[Fbs] Статус неизвестен,Покупатель отказался при вручении: товар не подошел,2026-04-04 9:25:37,,"1,00","2 512,00",Да,,,,
2026-04-05 15:37:22,28831380-0359-1,ii15842304489,301536871457000,ADR-285250,[Fbs] Статус неизвестен,Покупатель отказался при вручении: товар не подошел,2026-04-04 9:25:37,,"1,00","2 512,00",Да,,,,
2026-04-05 15:37:22,66003166-0611-1,951026867308000,951026867308000,CANT-255200-OLIV,[Fbs] Статус неизвестен,Покупатель отказался при вручении: товар не подошел,2026-04-04 10:18:32,,"1,00","11 390,00",Нет,,,,
2026-04-05 15:37:22,35321624-0392-1,ii11814868731,401524722299000,ADR-275400(Grey),[Fbs] Статус неизвестен,Покупатель передумал,2026-04-04 10:45:30,,"1,00","3 094,00",Да,,,,
2026-04-05 15:37:22,19681947-0989-1,551031018059000,551031018059000,ADR-265600(Shamp),[Fbs] Статус неизвестен,Покупатель отменил заказ: нашел дешевле,2026-04-04 12:50:22,,"1,00","4 236,00",Нет,,,,
2026-04-05 15:37:22,0146288500-0183-1,551025442440000,551025442440000,ADR-220250LR(Grey),[Fbs] Статус неизвестен,Не удалось доставить заказ,2026-04-04 13:37:47,,"1,00","2 842,00",Нет,,,,
2026-04-05 15:37:22,0124311195-0399-3,ii11837683694,801530361007000,CALM-275150-LAT,[Fbs] Статус неизвестен,Покупатель передумал,2026-04-04 13:55:21,,"1,00","6 182,00",Да,,,,
2026-04-05 15:37:22,65641861-0230-3,ii11849772406,751025455646000,ADR-265400V(Milk),[Fbs] Статус неизвестен,Покупатель отказался при вручении: товар не подошел,2026-04-04 14:25:48,,"1,00","3 856,00",Да,,,,
2026-04-05 15:37:22,52532494-0043-1,351037800423000,351037800423000,CALM-285150-GREEN,[Fbs] Статус неизвестен,Покупатель отменил заказ,2026-04-04 14:47:55,,"1,00","6 182,00",Нет,,,,
2026-04-05 15:37:22,19681947-0940-2,ii11835693848,301505816278000,ADR-260500(Shamp),[Fbs] Статус неизвестен,Покупатель передумал,2026-04-04 15:07:20,,"1,00","3 637,00",Да,,,,
2026-04-05 15:37:22,48944686-0871-1,901531186983000,901531186983000,ADR-255250L(Shamp),[Fbs] Статус неизвестен,Покупатель отказался при вручении: товар не подошел,2026-04-04 15:09:25,,"1,00","2 547,00",Нет,,,,
2026-04-05 15:37:22,35958508-0198-1,651025372927000,651025372927000,CALM-270300-LAT,[Fbs] Статус неизвестен,Покупатель отказался при вручении: товар не подошел,2026-04-04 15:45:44,,"1,00","11 325,00",Нет,,,,
2026-04-05 15:37:22,45237810-0279-4,ii11803743878,201765091776000,ADR-260400LR,[Fbs] Статус неизвестен,Покупатель отказался при вручении: товар не подошел,2026-04-04 17:11:40,,"1,00","3 717,00",Да,,,,
2026-04-05 15:37:22,45237810-0279-4,ii11803743879,201765091776000,ADR-260400LR,[Fbs] Статус неизвестен,Покупатель отказался при вручении: товар не подошел,2026-04-04 17:11:40,,"1,00","3 717,00",Да,,,,
2026-04-05 15:37:22,55141286-0806-3,751022693821000,751022693821000,FEST-285300-CAP,[Fbs] Статус неизвестен,Покупатель отказался при вручении: товар не подошел,2026-04-04 18:18:19,,"1,00","15 083,00",Нет,,,,
2026-04-05 15:37:22,0142779114-0203-1,250985685909000,250985685909000,ADR-275350(Grey),[Fbs] Статус неизвестен,Покупатель отказался при вручении: товар не подошел,2026-04-04 19:17:40,,"1,00","2 899,00",Нет,,,,
2026-04-05 15:37:22,46935361-2219-1,401519153490000,401519153490000,CANT-270150-MILK,[Fbs] Статус неизвестен,Покупатель отказался при вручении: товар не подошел,2026-04-04 19:41:38,,"1,00","8 652,00",Нет,,,,
2026-04-05 15:37:22,00415470-1681-5,251018804459000,251018804459000,ADR-150300V,[Fbs] Статус неизвестен,Покупатель отказался при вручении: товар не подошел,2026-04-04 19:59:24,,"1,00","2 075,00",Нет,,,,
2026-04-05 15:37:22,63028987-0175-1,#70#0021730241,551031173602000,ADR-255400(Shamp),[Fbs] Статус неизвестен,Покупатель отказался при вручении: товар не подошел,2026-04-04 20:00:27,,"1,00","3 094,00",Да,,,,
2026-04-05 15:37:22,63028987-0175-1,#70#0021730240,551031173602000,ADR-255400(Shamp),[Fbs] Статус неизвестен,Покупатель отказался при вручении: товар не подошел,2026-04-04 20:00:27,,"1,00","3 094,00",Да,,,,
2026-04-05 15:37:22,44385339-0387-1,ii11826461355,951032685847000,CANT-265300-PUDR,[Fbs] Статус неизвестен,Покупатель передумал,2026-04-04 21:25:50,,"1,00","17 198,00",Да,,,,
2026-04-05 15:37:22,44385339-0387-3,ii11826461354,851030636178000,CANT-260300-MILK,[Fbs] Статус неизвестен,Покупатель передумал,2026-04-04 21:25:50,,"1,00","17 198,00",Да,,,,
2026-04-05 15:37:22,81665111-0580-1,ii4811235520,501513022896000,CANT-240200-OLIV,[Fbs] Статус неизвестен,Покупатель передумал,2026-04-05 6:34:28,,"1,00","11 390,00",Да,,,,
2026-04-05 15:37:22,55078486-0042-2,851029745397000,851029745397000,CANT-265200-OLIV,[Fbs] Статус неизвестен,Покупатель отказался при вручении: товар не подошел,2026-04-05 11:13:35,,"1,00","11 390,00",Нет,,,,
2026-04-05 15:37:22,36468238-0112-1,551008068409000,551008068409000,ADR-280300V(Milk),[Fbs] Статус неизвестен,Покупатель отказался при вручении: товар не подошел,2026-04-05 12:16:40,,"1,00","2 915,00",Нет,,,,
2026-04-05 15:37:22,10159339-0499-2,ii11837468099,801533202604000,ADR-290200V(Grey),[Fbs] Статус неизвестен,Покупатель отказался при вручении: неполная комплектация,2026-04-05 12:38:39,,"1,00","2 465,00",Да,,,,
2026-04-05 15:37:22,10159339-0499-2,ii11837468101,801533202604000,ADR-290250V,[Fbs] Статус неизвестен,Покупатель отказался при вручении: неполная комплектация,2026-04-05 12:38:39,,"1,00","2 604,00",Да,,,,
2026-04-05 15:37:22,10159339-0499-2,ii11837468100,801533202604000,ADR-290200V(Grey),[Fbs] Статус неизвестен,Покупатель отказался при вручении: неполная комплектация,2026-04-05 12:38:39,,"1,00","2 465,00",Да,,,,
2026-04-05 15:37:22,50379001-0571-5,ii11848010942,401519788630000,ADR-255450(Shamp),[Fbs] Статус неизвестен,Покупатель передумал,2026-04-05 12:57:23,,"1,00","3 385,00",Да,,,,
2026-04-05 15:37:22,08978746-0845-1,ii7077807063,901534970856000,CALM-245200-MLK,[Fbs] Статус неизвестен,Покупатель отказался при вручении: товар не подошел,2026-04-05 13:27:12,,"1,00","8 330,00",Да,,,,
2026-04-05 15:37:22,08978746-0845-1,ii7077807064,901534970856000,CALM-245200-LAT,[Fbs] Статус неизвестен,Покупатель отказался при вручении: товар не подошел,2026-04-05 13:27:12,,"1,00","8 330,00",Да,,,,
2026-04-05 15:37:22,32899763-0031-1,ii11844214887,350996642304000,CASA-275300-B,[Fbs] Статус неизвестен,Покупатель передумал,2026-04-05 14:34:00,,"1,00","15 021,00",Да,,,,
2026-04-05 15:37:22,32899763-0031-3,ii11844214890,301511671475000,CASA-275200-B,[Fbs] Статус неизвестен,Покупатель передумал,2026-04-05 14:34:00,,"1,00","10 163,00",Да,,,,
2026-04-05 15:37:22,40017293-0651-2,,251011791987000,ADR-275200LR(Milk),[Fbs] Статус неизвестен,Покупатель передумал,2026-04-05 14:42:39,,"1,00","2 494,00",Да,,,,
2026-04-05 15:37:22,40017293-0651-2,,251011791987000,ADR-275200LR(Milk),[Fbs] Статус неизвестен,Покупатель передумал,2026-04-05 14:42:39,,"1,00","2 494,00",Да,,,,
2026-04-05 15:37:22,74471626-0273-1,351001077195000,351001077195000,ADR-150300(Shamp),[Fbs] Статус неизвестен,Покупатель отказался при вручении: товар не подошел,2026-04-05 14:43:11,,"1,00","1 953,00",Нет,,,,
2026-04-05 15:37:22,74471626-0274-1,951003280890000,951003280890000,ADR-150300(Shamp),[Fbs] Статус неизвестен,Покупатель отказался при вручении: товар не подошел,2026-04-05 14:43:11,,"1,00","1 953,00",Нет,,,,
2026-04-05 15:37:22,0167667611-0727-1,901543652756000,901543652756000,ADR-275600(Shamp),[Fbs] Статус неизвестен,Покупатель отказался при вручении: недоволен качеством товара,2026-04-05 15:25:42,,"1,00","4 236,00",Нет,,,,
2026-04-05 15:37:22,0167667611-0726-1,951034264661000,951034264661000,ADR-275600(Shamp),[Fbs] Статус неизвестен,Покупатель отказался при вручении: товар не подошел,2026-04-05 15:25:42,,"1,00","4 236,00",Нет,,,,
2026-04-05 15:41:05,0167667611-0732-1,501543850461000,501543850461000,ADR-275600(Shamp),[Fbs] Статус неизвестен,Покупатель отказался при вручении: товар не подошел,2026-04-05 15:25:42,,"1,00","4 236,00",Нет,,,,
2026-04-05 15:41:05,11627751-0213-1,801511935143000,801511935143000,STEL-245250CAP,[Fbs] Статус неизвестен,Покупатель отказался при вручении: товар не подошел,2026-04-05 15:28:33,,"1,00","12 018,00",Нет,,,,
2026-04-18 18:06:36,0114514760-0514-1,ii11804986152,401504796829000,CANT-270150-GR,[Fbs] Статус неизвестен,Покупатель передумал,2026-04-06 18:17:51,,"1,00","7 905,00",Да,,,,
2026-04-18 18:06:36,0114514760-0513-1,ii11804986151,301513740846000,CANT-270150-OLIV,[Fbs] Статус неизвестен,Покупатель передумал,2026-04-06 18:17:51,,"1,00","8 652,00",Да,,,,
2026-04-18 18:06:36,22674119-0112-1,ii5514349265,701536554756000,CANT-240250-LAT,[Fbs] Статус неизвестен,Покупатель передумал,2026-04-06 19:13:13,2026-04-15 15:04:44,"1,00","13 833,00",Да,,,,
2026-04-18 18:06:36,49896977-0937-1,ii15856058844,901530925552000,CANT-250150-PUDR,[Fbs] Статус неизвестен,Покупатель передумал,2026-04-06 19:15:01,2026-04-13 11:37:57,"1,00","8 652,00",Да,,,,
2026-04-18 18:06:36,33158146-0538-1,ii15840257926,951017632123000,CANT-240150-OLIV,[Fbs] Статус неизвестен,Покупатель передумал,2026-04-06 19:19:03,2026-04-13 11:37:57,"1,00","8 652,00",Да,,,,
2026-04-18 18:06:36,44080787-0312-1,ii11412631317,651032205278000,ADR-150400L(Shamp),[Fbs] Статус неизвестен,Покупатель отказался при вручении: товар не подошел,2026-04-06 19:25:10,2026-04-10 11:20:59,"1,00","2 460,00",Нет,,,,
2026-04-18 18:06:36,71437530-0112-6,401532049692000,401532049692000,CANT-260200-BLUE,[Fbs] Статус неизвестен,Покупатель отказался при вручении: товар не подошел,2026-04-06 19:58:05,2026-04-15 15:04:44,"1,00","11 390,00",Нет,,,,
2026-04-18 18:06:36,50955975-0391-2,501545214825000,501545214825000,CALM-280300-GR,[Fbs] Статус неизвестен,Покупатель отказался при вручении: товар не подошел,2026-04-06 20:26:03,2026-04-13 11:37:57,"1,00","11 811,00",Нет,,,,
2026-04-18 18:06:36,97897053-0695-1,ii11436026356,250998683106000,CANT-260250-CAP,[Fbs] Статус неизвестен,Покупатель отказался при вручении: товар не подошел,2026-04-06 20:29:01,2026-04-10 11:20:59,"1,00","15 314,00",Нет,,,,
2026-04-18 18:06:36,97897053-0694-1,ii11436026355,301521450084000,CANT-260250-OLIV,[Fbs] Статус неизвестен,Покупатель отказался при вручении: товар не подошел,2026-04-06 20:29:01,2026-04-10 11:20:59,"1,00","15 314,00",Нет,,,,
2026-04-18 18:06:36,12813814-0401-1,551031868911000,551031868911000,CANT-265300-OLIV,[Fbs] Статус неизвестен,Покупатель отказался при вручении: товар не подошел,2026-04-06 20:48:10,2026-04-13 11:37:57,"1,00","17 198,00",Нет,,,,
2026-04-18 18:06:36,0156678899-0422-1,201732966033000,201732966033000,CANT-240200-MILK,[Fbs] Статус неизвестен,Покупатель не забрал заказ,2026-04-07 0:09:34,2026-04-13 11:37:57,"1,00","11 390,00",Нет,,,,
2026-04-18 18:06:36,20823041-0817-1,951031348029000,951031348029000,CASA-240200-BL,[Fbs] Статус неизвестен,Покупатель отменил заказ,2026-04-07 11:46:59,2026-04-10 11:20:59,"1,00","10 163,00",Нет,,,,
2026-04-18 18:06:36,87565312-0229-1,501551173450000,501551173450000,CANT-270250-LAT,[Fbs] Статус неизвестен,Покупатель отменил заказ,2026-04-07 12:09:30,2026-04-13 11:37:57,"1,00","13 833,00",Нет,,,,
2026-04-18 18:06:36,71172492-0424-1,ii15859908752,301535884347000,CANT-245250-MILK,[Fbs] Статус неизвестен,Покупатель передумал,2026-04-07 13:09:53,2026-04-13 11:37:57,"1,00","15 314,00",Да,,,,
2026-04-18 18:06:36,45879142-0171-1,ii11802462363,951029106280000,ADR-250600LR(Grey),[Fbs] Статус неизвестен,Покупатель передумал,2026-04-07 14:27:11,2026-04-13 11:37:57,"1,00","5 303,00",Да,,,,
2026-04-18 18:06:36,28714647-0351-1,ii11821410817,801520539909000,CANT-270200-BLUE,[Fbs] Статус неизвестен,Покупатель передумал,2026-04-07 15:04:24,2026-04-13 11:37:57,"1,00","11 390,00",Да,,,,
2026-04-18 18:06:36,19645124-0288-1,#70#0015039016,351038065528000,ADR-310250,[Fbs] Статус неизвестен,Покупатель передумал,2026-04-07 15:24:23,2026-04-13 11:37:57,"1,00","2 910,00",Да,,,,
2026-04-18 18:06:36,62034016-0555-1,ii6060322652,551033567788000,CASA-230150-OLIV,[Fbs] Статус неизвестен,Покупатель отказался при вручении: товар не подошел,2026-04-07 16:16:33,2026-04-13 11:37:57,"1,00","7 487,00",Да,,,,
2026-04-18 18:06:36,32089420-0927-1,ii11848250187,301549387833000,ADR-140250ALL,[Fbs] Статус неизвестен,Покупатель передумал,2026-04-07 17:01:56,,"1,00","2 535,00",Да,,,,
2026-04-18 18:06:36,32089420-0927-1,ii11848250188,301549387833000,ADR-140250ALL,[Fbs] Статус неизвестен,Покупатель передумал,2026-04-07 17:01:56,2026-04-15 15:04:44,"1,00","2 535,00",Да,,,,
2026-04-18 18:06:36,0160756704-0127-1,951038629034000,951038629034000,FEST-265200-CAP,[Fbs] Статус неизвестен,Покупатель отказался при вручении: товар не подошел,2026-04-07 17:46:39,2026-04-13 11:37:57,"1,00","9 935,00",Нет,,,,
2026-04-18 18:06:36,0139150705-0123-2,ii11856063889,451030828028000,CASA-280200-OLIV,[Fbs] Статус неизвестен,Покупатель отказался при вручении: товар не подошел,2026-04-07 17:51:17,2026-04-13 11:37:57,"1,00","10 163,00",Нет,,,,
2026-04-18 18:06:36,39052795-0643-1,901545652042000,901545652042000,CANT-260200-PUDR,[Fbs] Статус неизвестен,Покупатель отменил заказ,2026-04-07 18:21:21,2026-04-13 11:37:57,"1,00","11 390,00",Нет,,,,
2026-04-18 18:06:36,51769250-0293-1,951034122249000,951034122249000,CANT-250300-MILK,[Fbs] Статус неизвестен,Покупатель отказался при вручении: товар не подошел,2026-04-07 18:28:57,2026-04-13 11:37:57,"1,00","17 198,00",Нет,,,,
2026-04-18 18:06:36,85174557-0051-1,201766374529000,201766374529000,CALM-245300-LAT,[Fbs] Статус неизвестен,Покупатель отказался при вручении: товар не подошел,2026-04-07 18:40:01,2026-04-13 11:37:57,"1,00","11 811,00",Нет,,,,
2026-04-18 18:06:36,86320198-0147-1,ii11808072374,901542525888000,CASA-260250-PUDR,[Fbs] Статус неизвестен,Покупатель передумал,2026-04-07 19:51:10,2026-04-13 11:37:57,"1,00","13 295,00",Да,,,,
2026-04-18 18:06:36,92443166-0042-1,851028742018000,851028742018000,ADR-290400V(Milk),[Fbs] Статус неизвестен,Покупатель отказался при вручении: товар не подошел,2026-04-07 20:03:15,2026-04-13 11:37:57,"1,00","3 856,00",Нет,,,,
2026-04-18 18:06:36,92443166-0042-1,851028742018000,851028742018000,ADR-290400V(Milk),[Fbs] Статус неизвестен,Покупатель отказался при вручении: товар не подошел,2026-04-07 20:03:15,2026-04-13 11:37:57,"1,00","3 856,00",Нет,,,,
2026-04-18 18:06:36,0156678899-0424-1,ii11438676635,250995680548000,CANT-240200-OLIV,[Fbs] Статус неизвестен,Покупатель не забрал заказ,2026-04-08 0:14:38,2026-04-13 11:37:57,"1,00","11 390,00",Нет,,,,
2026-04-18 18:06:36,19681947-0992-1,751037100955000,751037100955000,ADR-260600(Shamp),[Fbs] Статус неизвестен,Покупатель отменил заказ,2026-04-08 9:03:35,2026-04-13 11:37:57,"1,00","4 236,00",Нет,,,,
2026-04-18 18:06:36,51057573-0042-1,ii11810666595,601515686354000,CASA-265200-B,[Fbs] Статус неизвестен,Покупатель передумал,2026-04-08 10:00:21,2026-04-15 15:04:44,"1,00","10 163,00",Да,,,,
2026-04-18 18:06:36,0113482973-0321-1,ii15886638168,651010548525000,CASA-275150-SIL,[Fbs] Статус неизвестен,Покупатель передумал,2026-04-08 11:07:58,,"1,00","7 487,00",Да,,,,
2026-04-18 18:06:36,0113482973-0321-1,ii15886638167,651010548525000,CASA-275150-SIL,[Fbs] Статус неизвестен,Покупатель передумал,2026-04-08 11:07:58,,"1,00","7 487,00",Да,,,,
2026-04-18 18:06:36,18110938-1082-3,851018401595000,851018401595000,ADR-265200(Black),[Fbs] Статус неизвестен,Покупатель отказался при вручении: товар не подошел,2026-04-08 13:31:52,2026-04-13 11:37:57,"1,00","2 027,00",Нет,,,,
2026-04-18 18:06:36,18110938-1082-3,851018401595000,851018401595000,ADR-265200(Black),[Fbs] Статус неизвестен,Покупатель отказался при вручении: товар не подошел,2026-04-08 13:31:52,2026-04-13 11:37:57,"1,00","2 027,00",Нет,,,,
2026-04-18 18:06:36,16713174-0165-2,ii11869132294,401532492909000,CASA-280300-GR,[Fbs] Статус неизвестен,Покупатель отказался при вручении: товар не подошел,2026-04-08 16:01:55,2026-04-15 15:04:44,"1,00","15 021,00",Нет,,,,
2026-04-18 18:06:36,50245892-0221-1,601530098954000,601530098954000,CANT-250200-LAT,[Fbs] Статус неизвестен,Покупатель отказался при вручении: товар не подошел,2026-04-08 16:35:49,2026-04-15 15:04:44,"1,00","10 496,00",Нет,,,,
2026-04-18 18:06:36,12258669-0560-6,751026414089000,751026414089000,ADR-230300(Shamp),[Fbs] Статус неизвестен,Покупатель отказался при вручении: товар не подошел,2026-04-08 17:41:11,2026-04-13 11:37:57,"1,00","2 564,00",Нет,,,,
2026-04-18 18:06:36,12258669-0560-6,751026414089000,751026414089000,ADR-230300(Shamp),[Fbs] Статус неизвестен,Покупатель отказался при вручении: товар не подошел,2026-04-08 17:41:11,2026-04-13 11:37:57,"1,00","2 564,00",Нет,,,,
2026-04-18 18:06:36,12258669-0560-6,751026414089000,751026414089000,ADR-220300(Shamp),[Fbs] Статус неизвестен,Покупатель отказался при вручении: товар не подошел,2026-04-08 17:41:11,2026-04-13 11:37:57,"1,00","2 564,00",Нет,,,,
2026-04-18 18:06:36,12258669-0560-6,751026414089000,751026414089000,ADR-220300(Shamp),[Fbs] Статус неизвестен,Покупатель отказался при вручении: товар не подошел,2026-04-08 17:41:11,2026-04-13 11:37:57,"1,00","2 564,00",Нет,,,,
2026-04-18 18:06:36,96742825-0349-1,ii11845852916,351045766838000,CANT-255150-LGR,[Fbs] Статус неизвестен,Покупатель отказался при вручении: товар не подошел,2026-04-08 17:52:45,2026-04-13 11:37:57,"1,00","8 652,00",Нет,,,,
2026-04-18 18:06:36,17855650-0421-1,351038609748000,351038609748000,CANT-260250-SIL,[Fbs] Статус неизвестен,Покупатель отказался при вручении: товар не подошел,2026-04-08 19:04:10,2026-04-13 11:37:57,"1,00","13 833,00",Нет,,,,
2026-04-18 18:06:36,50129479-0327-1,ii11803491195,801549049415000,CANT-260150-PUDR,[Fbs] Статус неизвестен,Покупатель отказался при вручении: товар не подошел,2026-04-08 19:09:11,2026-04-13 11:37:57,"1,00","8 652,00",Нет,,,,
2026-04-18 18:06:36,74822766-0442-1,ii11845689543,351022149572000,CANT-255150-LGR,[Fbs] Статус неизвестен,Покупатель отказался при вручении: товар не подошел,2026-04-08 20:18:03,2026-04-13 11:37:57,"1,00","8 652,00",Нет,,,,
2026-04-18 18:06:36,0138941533-0121-1,ii11812421637,651011612353000,CALM-285250-GR,[Fbs] Статус неизвестен,Покупатель отказался при вручении: товар не подошел,2026-04-08 20:33:26,2026-04-15 15:04:44,"1,00","9 781,00",Нет,,,,
2026-04-18 18:06:36,33910294-0073-1,601557638858000,601557638858000,ADR-150300V(Milk),[Fbs] Статус неизвестен,Покупатель отменил заказ,2026-04-08 20:49:02,2026-04-13 11:37:57,"1,00","2 218,00",Нет,,,,
2026-04-18 18:06:36,57175892-0074-1,ii11858023380,801525370145000,ADR-265100V(Milk),[Fbs] Статус неизвестен,Покупатель передумал,2026-04-09 5:21:34,2026-04-15 15:04:44,"1,00","1 647,00",Да,,,,
2026-04-18 18:06:36,39324660-2230-5,351040401331000,351040401331000,CANT-260200-BLUE,[Fbs] Статус неизвестен,Покупатель отменил заказ,2026-04-09 8:20:33,2026-04-15 15:04:44,"1,00","11 390,00",Нет,,,,
2026-04-18 18:06:36,39324660-2230-3,351040401324000,351040401324000,CANT-260200-BLUE,[Fbs] Статус неизвестен,Покупатель отменил заказ,2026-04-09 8:20:46,2026-04-15 15:04:44,"1,00","11 390,00",Нет,,,,
2026-04-18 18:06:36,39324660-2230-1,801546210755000,801546210755000,CANT-260150-BLUE,[Fbs] Статус неизвестен,Покупатель отменил заказ,2026-04-09 8:20:46,2026-04-17 12:03:36,"1,00","8 652,00",Нет,,,,
2026-04-18 18:06:36,39324660-2230-1,801546210755000,801546210755000,CANT-260150-BLUE,[Fbs] Статус неизвестен,Покупатель отменил заказ,2026-04-09 8:20:46,2026-04-17 12:03:36,"1,00","8 652,00",Нет,,,,
2026-04-18 18:06:36,39324660-2230-7,351040401332000,351040401332000,CANT-260150-BLUE,[Fbs] Статус неизвестен,Покупатель отменил заказ,2026-04-09 8:20:47,2026-04-15 15:04:44,"1,00","8 652,00",Нет,,,,
2026-04-18 18:06:36,39324660-2231-1,751032611414000,751032611414000,CANT-260150-GR,[Fbs] Статус неизвестен,Покупатель отменил заказ,2026-04-09 8:30:51,2026-04-15 15:04:44,"1,00","7 905,00",Нет,,,,
2026-04-18 18:06:36,39324660-2231-1,751032611414000,751032611414000,CANT-260150-GR,[Fbs] Статус неизвестен,Покупатель отменил заказ,2026-04-09 8:30:51,2026-04-15 15:04:44,"1,00","7 905,00",Нет,,,,
2026-04-18 18:06:36,39324660-2231-1,751032611414000,751032611414000,CANT-260200-GR,[Fbs] Статус неизвестен,Покупатель отменил заказ,2026-04-09 8:30:51,2026-04-15 15:04:44,"1,00","10 496,00",Нет,,,,
2026-04-18 18:06:36,39324660-2231-3,801547875662000,801547875662000,CANT-260200-GR,[Fbs] Статус неизвестен,Покупатель отменил заказ,2026-04-09 8:30:52,2026-04-17 12:03:36,"1,00","10 496,00",Нет,,,,
2026-04-18 18:06:36,39324660-2231-5,801547875663000,801547875663000,CANT-260150-GR,[Fbs] Статус неизвестен,Покупатель отменил заказ,2026-04-09 8:31:07,2026-04-17 12:03:36,"1,00","7 905,00",Нет,,,,
2026-04-18 18:06:36,67813131-0666-1,ii14935170987,301546947565000,CANT-245250-MILK,[Fbo] Статус неизвестен,Покупатель отказался при вручении: товар не подошел,2026-04-09 12:33:14,2026-04-12 5:24:33,"1,00","15 314,00",Нет,,,,
2026-04-18 18:06:36,20004983-1113-1,ii11807655549,651040774445000,ADR-250400V(Milk),[Fbs] Статус неизвестен,Покупатель отказался при вручении: товар не подошел,2026-04-09 15:07:24,2026-04-13 11:37:57,"1,00","3 856,00",Нет,,,,
2026-04-18 18:06:36,46181556-0389-1,ii16114126707,351032473513000,ADR-255300,[Fbo] Статус неизвестен,Покупатель отказался при вручении: товар не подошел,2026-04-09 15:30:24,2026-04-13 22:22:23,"1,00","2 609,00",Нет,,,,
2026-04-18 18:06:36,62034016-0555-1,ii6060322662,551033567788000,CANT-230150-OLIV,[Fbs] Статус неизвестен,Покупатель передумал,2026-04-09 15:31:23,2026-04-15 15:04:44,"1,00","9 036,00",Да,,,,
2026-04-18 18:06:36,62034016-0556-1,ii6060322661,551033582598000,CANT-230150-CAP,[Fbs] Статус неизвестен,Покупатель передумал,2026-04-09 15:31:23,2026-04-15 15:04:44,"1,00","8 652,00",Да,,,,
2026-04-18 18:06:36,34712301-0490-1,ii11427206148,851035259652000,ADR-140400,[Fbs] Статус неизвестен,Покупатель передумал,2026-04-09 15:33:10,2026-04-13 11:37:57,"1,00","2 182,00",Да,,,,
2026-04-18 18:06:36,31825889-0137-2,ii15764350255,751040465614000,CANT-270150-OLIV,[Fbo] Статус неизвестен,Покупатель отказался при вручении: товар не подошел,2026-04-09 17:53:23,2026-04-11 15:12:06,"1,00","8 684,00",Нет,,,,
2026-04-18 18:06:36,38225502-0615-1,451038666970000,451038666970000,ADR-250350ALL,[Fbs] Статус неизвестен,Покупатель отменил заказ: нашел дешевле,2026-04-09 17:57:40,2026-04-15 15:04:44,"1,00","3 120,00",Нет,,,,
2026-04-18 18:06:36,38225502-0615-1,451038666970000,451038666970000,ADR-250350ALL,[Fbs] Статус неизвестен,Покупатель отменил заказ: нашел дешевле,2026-04-09 17:57:40,2026-04-15 15:04:44,"1,00","3 120,00",Нет,,,,
2026-04-18 18:06:36,40201557-0300-1,ii9080778722,401541142814000,ADR-240250L,[Fbs] Статус неизвестен,Покупатель отказался при вручении: товар не подошел,2026-04-09 18:42:45,2026-04-15 15:04:44,"1,00","2 426,00",Нет,,,,
2026-04-18 18:06:36,31825889-0137-5,ii15764349897,751040465617000,CANT-270150-OLIV,[Fbo] Статус неизвестен,Покупатель отменил заказ,2026-04-09 19:04:11,2026-04-13 8:41:44,"1,00","8 684,00",Нет,,,,
2026-04-18 18:06:36,46935361-2238-1,ii11803334366,551035570041000,CANT-270150-MILK,[Fbs] Статус неизвестен,Покупатель отказался при вручении: товар не подошел,2026-04-09 19:06:28,2026-04-15 15:04:44,"1,00","8 652,00",Да,,,,
2026-04-18 18:06:36,06337756-0141-1,ii11854196511,401548591084000,CALM-245300-LAT,[Fbs] Статус неизвестен,Покупатель передумал,2026-04-09 19:11:17,2026-04-13 11:37:57,"1,00","11 811,00",Да,,,,
2026-04-18 18:06:36,57057225-0181-1,ii15999594493,951044644724000,CASA-265150-PUDR,[Fbs] Статус неизвестен,Покупатель отказался при вручении: товар не подошел,2026-04-09 19:12:39,2026-04-15 15:04:44,"1,00","7 487,00",Нет,,,,
2026-04-18 18:06:36,74739760-0038-3,ii11850929872,901534177607000,CALM-275300-LAT,[Fbs] Статус неизвестен,Покупатель передумал,2026-04-09 19:29:11,2026-04-15 15:04:44,"1,00","11 811,00",Да,,,,
2026-04-18 18:06:36,42058420-0632-1,ii10296854313,751036564589000,ADR-240250(Shamp),[Fbs] Статус неизвестен,Покупатель передумал,2026-04-09 19:34:29,2026-04-15 15:04:44,"1,00","2 302,00",Да,,,,
2026-04-18 18:06:36,46935361-2219-2,ii15749748215,401519153491000,CANT-270150-OLIV,[Fbo] Статус неизвестен,Покупатель передумал,2026-04-09 19:34:49,2026-04-11 19:01:24,"1,00","8 652,00",Да,,,,
2026-04-18 18:06:36,40189301-0502-5,ii15999150441,251023545752000,CASA-255250-BL,[Fbs] Статус неизвестен,Покупатель передумал,2026-04-09 20:09:14,2026-04-13 11:37:57,"1,00","13 295,00",Да,,,,
2026-04-18 18:06:36,07746916-0277-1,801557041421000,801557041421000,CALM-285150-MLK,[Fbs] Статус неизвестен,Покупатель отменил заказ,2026-04-09 21:37:38,2026-04-13 11:37:57,"1,00","6 182,00",Нет,,,,
2026-04-18 18:06:36,07746916-0277-1,801557041421000,801557041421000,CALM-285150-MLK,[Fbs] Статус неизвестен,Покупатель отменил заказ,2026-04-09 21:37:38,2026-04-13 11:37:57,"1,00","6 182,00",Нет,,,,
2026-04-18 18:06:36,07746916-0277-3,801557092966000,801557092966000,CALM-285250-MLK,[Fbs] Статус неизвестен,Покупатель отменил заказ,2026-04-09 21:37:38,2026-04-13 11:37:57,"1,00","9 781,00",Нет,,,,
2026-04-18 18:06:36,55141286-0806-1,ii9104871024,751022440043000,FEST-285250-VEN,[Fbs] Статус неизвестен,Покупатель передумал,2026-04-10 8:44:51,2026-04-17 12:03:36,"1,00","11 820,00",Да,,,,
2026-04-18 18:06:36,46804194-0596-1,ii11871054453,551032388374000,CASA-295200-CAP,[Fbs] Статус неизвестен,Покупатель отменил заказ,2026-04-10 9:19:39,,"1,00","11 536,00",Нет,,,,
2026-04-18 18:06:36,0160730210-0197-1,ii11868258584,851022465133000,ADR-240600LR(Milk),[Fbs] Статус неизвестен,Покупатель отказался при вручении: товар не подошел,2026-04-10 9:40:25,,"1,00","5 548,00",Нет,,,,
2026-04-18 18:06:36,28153305-0532-5,651034992622000,651034992622000,CALM-270250-LAT,[Fbs] Статус неизвестен,Покупатель отказался при вручении: товар не подошел,2026-04-10 9:54:26,2026-04-13 11:37:57,"1,00","9 781,00",Нет,,,,
2026-04-18 18:06:36,28153305-0532-2,801547850181000,801547850181000,CALM-270250-LAT,[Fbs] Статус неизвестен,Покупатель отказался при вручении: товар не подошел,2026-04-10 9:54:26,2026-04-13 11:37:57,"1,00","9 781,00",Нет,,,,
2026-04-18 18:06:36,30879729-0033-1,401544903735000,401544903735000,CANT-270200-PUDR,[Fbs] Статус неизвестен,Покупатель отказался при вручении: товар не подошел,2026-04-10 10:54:28,2026-04-15 15:04:44,"1,00","11 390,00",Нет,,,,
2026-04-18 18:06:36,42362007-0117-1,ii15847311839,901537232826000,CANT-240250-OLIV,[Fbs] Статус неизвестен,Покупатель отказался при вручении: товар не подошел,2026-04-10 10:55:59,2026-04-15 15:04:44,"1,00","15 314,00",Нет,,,,
2026-04-18 18:06:36,42362007-0116-1,ii15847311840,401532649569000,CANT-240250-MILK,[Fbs] Статус неизвестен,Покупатель отказался при вручении: товар не подошел,2026-04-10 10:55:59,2026-04-15 15:04:44,"1,00","15 314,00",Нет,,,,
2026-04-18 18:06:36,42362007-0114-1,ii15847311841,701535633337000,CASA-240250-MLK,[Fbs] Статус неизвестен,Покупатель отказался при вручении: товар не подошел,2026-04-10 10:55:59,2026-04-15 15:04:44,"1,00","13 295,00",Нет,,,,
2026-04-18 18:06:36,78950587-0299-3,901541821913000,901541821913000,CANT-255150-MILK,[Fbs] Статус неизвестен,Покупатель отказался при вручении: товар не подошел,2026-04-10 12:43:21,2026-04-15 15:04:44,"1,00","8 652,00",Нет,,,,
2026-04-18 18:06:36,78950587-0299-3,901541821913000,901541821913000,CANT-255150-OLIV,[Fbs] Статус неизвестен,Покупатель отказался при вручении: товар не подошел,2026-04-10 12:43:21,2026-04-15 15:04:44,"1,00","8 652,00",Нет,,,,
2026-04-18 18:06:36,95177371-0081-1,ii11845817270,651022828455000,ADR-270150L(Shamp),[Fbs] Статус неизвестен,Покупатель передумал,2026-04-10 13:23:31,2026-04-15 15:04:44,"1,00","1 902,00",Да,,,,
2026-04-18 18:06:36,84994942-1450-1,701545013419000,701545013419000,CANT-245150-LAT,[Fbs] Статус неизвестен,Покупатель отказался при вручении: товар не подошел,2026-04-10 15:13:27,2026-04-15 15:04:44,"1,00","7 905,00",Нет,,,,
2026-04-18 18:06:36,0128802197-0074-1,ii11826241690,601552464893000,CANT-240200-OLIV,[Fbs] Статус неизвестен,Покупатель отказался при вручении: товар не подошел,2026-04-10 16:45:05,2026-04-15 15:04:44,"1,00","12 115,00",Нет,,,,
2026-04-18 18:06:36,0125003550-0253-1,ii15857102200,451037439521000,CANT-250300-PUDR,[Fbs] Статус неизвестен,Покупатель отказался при вручении: товар не подошел,2026-04-10 16:45:06,2026-04-15 15:04:44,"1,00","17 198,00",Нет,,,,
2026-04-18 18:06:36,0125003550-0252-1,ii15857102201,751034932229000,CANT-250300-LAT,[Fbs] Статус неизвестен,Покупатель отказался при вручении: товар не подошел,2026-04-10 16:45:06,2026-04-15 15:04:44,"1,00","15 857,00",Нет,,,,
2026-04-18 18:06:36,85174557-0052-1,351046883753000,351046883753000,CANT-245300-MILK,[Fbs] Статус неизвестен,Покупатель отказался при вручении: товар не подошел,2026-04-10 18:07:11,2026-04-15 15:04:44,"1,00","17 198,00",Нет,,,,
2026-04-18 18:06:36,27923131-0337-1,ii15989013897,201771140049000,CASA-270150-MLK,[Fbs] Статус неизвестен,Покупатель передумал,2026-04-10 18:17:12,2026-04-13 11:37:57,"1,00","7 487,00",Да,,,,
2026-04-18 18:06:36,34635102-0052-7,ii9072129180,801547882977000,CANT-265150-MILK,[Fbs] Статус неизвестен,Покупатель отказался при вручении: товар не подошел,2026-04-10 18:44:47,2026-04-17 12:03:36,"1,00","8 652,00",Нет,,,,
2026-04-18 18:06:36,34635102-0052-2,ii9072129181,851038155023000,CANT-265150-LAT,[Fbs] Статус неизвестен,Покупатель отказался при вручении: товар не подошел,2026-04-10 18:44:49,2026-04-15 15:04:44,"1,00","7 905,00",Да,,,,
2026-04-18 18:06:36,0131527180-0357-1,901557127754000,901557127754000,DONN-255150-SHAMP,[Fbs] Статус неизвестен,Покупатель отказался при вручении: товар не подошел,2026-04-10 20:33:58,2026-04-15 15:04:44,"1,00","7 194,00",Нет,,,,
2026-04-18 18:06:36,0131527180-0359-1,201777221904000,201777221904000,DONN-255150-B,[Fbs] Статус неизвестен,Покупатель отказался при вручении: товар не подошел,2026-04-10 20:33:58,2026-04-15 15:04:44,"1,00","7 194,00",Нет,,,,
2026-04-18 18:06:36,0131527180-0360-1,501557045042000,501557045042000,DONN-255150-SHAMP,[Fbs] Статус неизвестен,Покупатель отказался при вручении: товар не подошел,2026-04-10 20:33:58,2026-04-15 15:04:44,"1,00","7 194,00",Нет,,,,
2026-04-18 18:06:36,84627509-0200-3,ii11806891383,851041051518000,CALM-240200-BLUE,[Fbs] Статус неизвестен,Покупатель отказался при вручении: товар не подошел,2026-04-10 20:36:31,2026-04-15 15:04:44,"1,00","8 330,00",Нет,,,,
2026-04-18 18:06:36,0133075516-0061-1,301525304911000,301525304911000,FEST-255150-PUDR,[Fbs] Статус неизвестен,Покупатель не забрал заказ,2026-04-11 0:06:24,2026-04-15 15:04:44,"1,00","7 398,00",Нет,,,,
2026-04-18 18:06:36,44732348-0127-1,ii11839045735,701539317913000,CANT-265150-CAP,[Fbs] Статус неизвестен,Покупатель получил не те товары,2026-04-11 10:34:25,2026-04-15 15:04:44,"1,00","8 652,00",Да,,,,
2026-04-18 18:06:36,44732348-0138-3,ii11839045736,301562740294000,CANT-270150-LAT,[Fbs] Статус неизвестен,Покупатель получил не те товары,2026-04-11 10:34:25,2026-04-15 15:04:44,"1,00","7 905,00",Да,размер и цвет совпадает,,,
2026-04-18 18:06:36,55141286-0822-1,301554851481000,301554851481000,CASA-285200-CAP,[Fbs] Статус неизвестен,Покупатель отказался при вручении: товар не подошел,2026-04-11 11:07:24,2026-04-17 12:03:36,"1,00","10 502,00",Нет,,,,
2026-04-18 18:06:36,08032288-0811-1,ii11841238992,201776719565000,ADR-260500V(Milk),[Fbs] Статус неизвестен,Покупатель отказался при вручении: товар не подошел,2026-04-11 14:09:34,2026-04-15 15:04:44,"1,00","4 516,00",Нет,,,,
2026-04-18 18:06:36,92088347-0512-3,ii11841844596,451046898794000,CASA-265200-PUDR,[Fbs] Статус неизвестен,Покупатель отказался при вручении: товар не подошел,2026-04-11 14:49:22,2026-04-15 15:04:44,"1,00","10 163,00",Нет,,,,
2026-04-18 18:06:36,66489264-0278-1,701553365511000,701553365511000,CALM-255300-LAT,[Fbs] Статус неизвестен,Покупатель отказался при вручении: товар не подошел,2026-04-11 15:56:25,2026-04-15 15:04:44,"1,00","11 811,00",Нет,,,,
2026-04-18 18:06:36,22674119-0116-3,ii11806305770,251035065891000,CANT-245200-OLIV,[Fbs] Статус неизвестен,Покупатель отказался при вручении: товар не подошел,2026-04-11 16:16:40,2026-04-17 12:03:36,"1,00","12 115,00",Нет,,,,
2026-04-18 18:06:36,33095098-0520-1,ii11848044159,851041594792000,ADR-255250ALL,[Fbs] Статус неизвестен,Покупатель передумал,2026-04-11 16:31:38,2026-04-15 15:04:44,"1,00","2 535,00",Да,,,,
2026-04-18 18:06:36,33095098-0520-1,ii11848044158,851041594792000,ADR-255250ALL,[Fbs] Статус неизвестен,Покупатель передумал,2026-04-11 16:31:38,2026-04-15 15:04:44,"1,00","2 535,00",Да,,,,
2026-04-18 18:06:36,77355414-0036-2,ii11409415736,701560249018000,CANT-250300-OLIV,[Fbs] Статус неизвестен,Покупатель отказался при вручении: товар не подошел,2026-04-11 16:49:35,2026-04-15 15:04:44,"1,00","17 265,00",Нет,,,,
2026-04-18 18:06:36,42966165-0120-1,951042294945000,951042294945000,CANT-260150-OLIV,[Fbs] Статус неизвестен,Покупатель отказался при вручении: товар не подошел,2026-04-11 18:16:45,2026-04-17 12:03:36,"1,00","8 684,00",Нет,,,,
2026-04-18 18:06:36,0107265601-0171-1,ii11824566932,851044654055000,CASA-250200-OLIV,[Fbs] Статус неизвестен,Покупатель отказался при вручении: товар не подошел,2026-04-11 19:02:55,2026-04-17 12:03:36,"1,00","10 163,00",Нет,,,,
2026-04-18 18:06:36,18466131-0691-1,ii11825185870,651045588051000,ADR-290150V,[Fbs] Статус неизвестен,Покупатель передумал,2026-04-11 19:47:35,2026-04-15 15:04:44,"1,00","1 854,00",Да,,,,
2026-04-18 18:06:36,18466131-0691-1,ii11825185871,651045588051000,ADR-290150V,[Fbs] Статус неизвестен,Покупатель передумал,2026-04-11 19:47:35,2026-04-15 15:04:44,"1,00","1 854,00",Да,,,,
2026-04-18 18:06:36,34552929-0400-1,701563426563000,701563426563000,CANT-270200-LGR,[Fbs] Статус неизвестен,Покупатель отменил заказ,2026-04-11 22:25:08,2026-04-17 12:03:36,"1,00","11 433,00",Нет,,,,
2026-04-18 18:06:36,0202615958-0042-1,201769799764000,201769799764000,CASA-310300-CAP,[Fbs] Статус неизвестен,Покупатель отменил заказ,2026-04-12 4:12:18,,"1,00","17 163,00",Нет,,,,
2026-04-18 18:06:36,68438472-0966-1,351053555055000,351053555055000,CASA-280250-CAP,[Fbs] Статус неизвестен,Покупатель отменил заказ: не устроил срок доставки,2026-04-12 4:35:59,2026-04-15 15:04:44,"1,00","14 388,00",Нет,,,,
2026-04-18 18:06:36,68438472-0966-3,401558613914000,401558613914000,CASA-280300-CAP,[Fbs] Статус неизвестен,Покупатель отменил заказ: не устроил срок доставки,2026-04-12 4:36:00,2026-04-15 15:04:44,"1,00","16 118,00",Нет,,,,
2026-04-18 18:06:36,40394584-0320-1,ii15997539761,801554593961000,CANT-240200-MILK,[Fbs] Статус неизвестен,Покупатель передумал,2026-04-12 10:44:45,2026-04-15 15:04:44,"1,00","11 390,00",Да,,,,
2026-04-18 18:06:36,23845105-1120-1,ii15997162976,701522295430000,CANT-245200-MILK,[Fbs] Статус неизвестен,Покупатель передумал,2026-04-12 11:03:08,2026-04-15 15:04:44,"1,00","11 390,00",Да,,,,
2026-04-18 18:06:36,40801243-0181-4,901561549820000,901561549820000,CASA-295200-CAP,[Fbs] Статус неизвестен,Покупатель отказался при вручении: товар не подошел,2026-04-12 12:13:54,,"1,00","11 536,00",Нет,,,,
2026-04-18 18:06:36,40801243-0181-7,351051787090000,351051787090000,CASA-295200-CAP,[Fbs] Статус неизвестен,Покупатель отказался при вручении: товар не подошел,2026-04-12 12:13:54,2026-04-17 12:03:36,"1,00","11 536,00",Нет,,,,
2026-04-18 18:06:36,79283342-0339-1,ii15872969551,651035079749000,ADR-265600(Shamp),[Fbs] Статус неизвестен,Покупатель передумал,2026-04-12 12:29:16,,"1,00","4 236,00",Да,,,,
2026-04-18 18:06:36,17178618-0761-2,351056440304000,351056440304000,CALM-275250-LGR,[Fbs] Статус неизвестен,Покупатель отменил заказ: нашел дешевле,2026-04-12 15:11:10,2026-04-15 15:04:44,"1,00","10 271,00",Нет,,,,
2026-04-18 18:06:36,17193704-0173-1,ii9105194149,251005628214000,CANT-265150-OLIV,[Fbs] Статус неизвестен,Покупатель передумал,2026-04-12 16:30:58,2026-04-17 12:03:36,"1,00","8 652,00",Да,,,,
2026-04-18 18:06:36,85632591-0276-1,ii15850210883,451042182020000,ADR-265600LR,[Fbs] Статус неизвестен,Покупатель отказался при вручении: товар не подошел,2026-04-12 16:44:09,2026-04-17 12:03:36,"1,00","5 513,00",Да,,,,
2026-04-18 18:06:36,10958626-0281-1,ii15997418234,701560841874000,CASA-265150-PUDR,[Fbs] Статус неизвестен,Покупатель отказался при вручении: товар не подошел,2026-04-12 17:01:19,,"1,00","7 487,00",Да,,,,
2026-04-18 18:06:36,40093936-0056-1,501556337326000,501556337326000,CASA-290300-CAP,[Fbs] Статус неизвестен,Покупатель отказался при вручении: товар не подошел,2026-04-12 18:44:27,2026-04-17 12:03:36,"1,00","16 009,00",Нет,,,,
2026-04-18 18:06:36,02245320-0556-1,ii15996334792,501561754926000,CASA-240200-OLIV,[Fbs] Статус неизвестен,Покупатель передумал,2026-04-12 19:11:32,2026-04-17 12:03:36,"1,00","10 163,00",Да,,,,
2026-04-18 18:06:36,92088347-0512-1,ii11841844616,551047267168000,CASA-265200-SIL,[Fbs] Статус неизвестен,Покупатель передумал,2026-04-12 20:05:15,2026-04-15 15:04:44,"1,00","10 163,00",Да,,,,
2026-04-18 18:06:36,06162540-0703-1,351009169785000,351009169785000,CANT-265300-OLIV,[Fbs] Статус неизвестен,Покупатель не забрал заказ,2026-04-12 22:01:35,2026-04-15 15:04:44,"1,00","17 198,00",Нет,,,,
2026-04-18 18:06:36,21330145-0991-1,401536165572000,401536165572000,CANT-255250-OLIV,[Fbs] Статус неизвестен,Покупатель отказался при вручении: товар не подошел,2026-04-13 9:28:11,,"1,00","15 314,00",Нет,,,,
2026-04-18 18:06:36,44272477-0166-1,751051425532000,751051425532000,ADR-290200V(Grey),[Fbs] Статус неизвестен,Покупатель отменил заказ,2026-04-13 11:31:37,,"1,00","2 589,00",Нет,,,,
2026-04-18 18:06:36,44272477-0166-1,751051425532000,751051425532000,ADR-290200V(Grey),[Fbs] Статус неизвестен,Покупатель отменил заказ,2026-04-13 11:31:37,,"1,00","2 589,00",Нет,,,,
2026-04-18 18:06:36,44272477-0166-1,751051425532000,751051425532000,ADR-290100V(Grey),[Fbs] Статус неизвестен,Покупатель отменил заказ,2026-04-13 11:31:37,,"1,00","1 754,00",Нет,,,,
2026-04-18 18:06:36,44272477-0166-1,751051425532000,751051425532000,ADR-290100V(Grey),[Fbs] Статус неизвестен,Покупатель отменил заказ,2026-04-13 11:31:37,,"1,00","1 754,00",Нет,,,,
2026-04-18 18:06:36,45282922-0553-1,751051562123000,751051562123000,ADR-265200L,[Fbs] Статус неизвестен,Покупатель отказался при вручении: товар не подошел,2026-04-13 14:21:31,2026-04-17 12:03:36,"1,00","2 258,00",Нет,,,,
2026-04-18 18:06:36,45282922-0553-1,751051562123000,751051562123000,ADR-265200L,[Fbs] Статус неизвестен,Покупатель отказался при вручении: товар не подошел,2026-04-13 14:21:31,2026-04-17 12:03:36,"1,00","2 258,00",Нет,,,,
2026-04-18 18:06:36,33158146-0538-1,ii15840257851,951017632123000,CANT-240150-OLIV,[Fbs] Статус неизвестен,Покупатель передумал,2026-04-13 14:44:41,,"1,00","8 652,00",Да,,,,
2026-04-18 18:06:36,0240172239-0044-1,ii11831249406,201766441120000,ADR-230250(Shamp),[Fbs] Статус неизвестен,Покупатель передумал,2026-04-13 16:22:34,,"1,00","2 302,00",Да,,,,
2026-04-18 18:06:36,0240172239-0054-1,701558451779000,701558451779000,ADR-210250,[Fbs] Статус неизвестен,Покупатель отказался при вручении: товар не подошел,2026-04-13 16:35:14,,"1,00","2 318,00",Нет,,,,
2026-04-18 18:06:36,0176340677-0337-3,ii9113306911,251029946686000,CANT-250300-B,[Fbs] Статус неизвестен,Покупатель отказался при вручении: товар не подошел,2026-04-13 17:07:45,,"1,00","15 857,00",Нет,,,,
2026-04-18 18:06:36,0176340677-0337-1,ii9113306912,651032147843000,CANT-250300-MILK,[Fbs] Статус неизвестен,Покупатель отказался при вручении: товар не подошел,2026-04-13 17:07:45,,"1,00","17 198,00",Нет,,,,
2026-04-18 18:06:36,0162462627-0780-1,#70#0018854506,801557607361000,CALM-245200-GR,[Fbs] Статус неизвестен,Покупатель передумал,2026-04-13 18:27:18,,"1,00","8 330,00",Да,,,,
2026-04-18 18:06:36,25008919-0212-1,ii11815104576,851049786128000,CANT-245200-CAP,[Fbs] Статус неизвестен,Покупатель отказался при вручении: товар не подошел,2026-04-13 19:35:14,,"1,00","11 390,00",Нет,,,,
2026-04-18 18:06:36,0126983302-0068-1,ii9080164477,801556753797000,CANT-220300-MILK,[Fbs] Статус неизвестен,Покупатель передумал,2026-04-13 20:34:09,2026-04-17 12:03:36,"1,00","17 198,00",Да,,,,
2026-04-18 18:06:36,0102638648-0100-1,ii11836683123,451035289613000,ADR-250150(Shamp),[Fbs] Статус неизвестен,Покупатель отказался при вручении: товар не подошел,2026-04-13 20:44:19,,"1,00","1 793,00",Да,,,,
2026-04-18 18:06:36,0102638648-0100-1,ii11836683125,451035289613000,ADR-250450(Shamp),[Fbs] Статус неизвестен,Покупатель отказался при вручении: товар не подошел,2026-04-13 20:44:19,,"1,00","3 385,00",Да,,,,
2026-04-18 18:06:36,44214837-0227-3,301562112820000,301562112820000,CANT-270200-OLIV,[Fbs] Статус неизвестен,Покупатель отказался при вручении: товар не подошел,2026-04-13 20:48:23,,"1,00","12 115,00",Нет,,,,
2026-04-18 18:06:36,69617928-0248-1,ii11810974567,501546459595000,CANT-265250-PUDR,[Fbs] Статус неизвестен,Покупатель передумал,2026-04-13 21:11:09,2026-04-17 12:03:36,"1,00","11 390,00",Да,,,,
2026-04-18 18:06:36,69617928-0248-3,ii11810974568,801543644627000,CANT-265250-PUDR,[Fbs] Статус неизвестен,Покупатель передумал,2026-04-13 21:11:09,,"1,00","11 390,00",Да,,,,
2026-04-18 18:06:36,67248357-0768-7,ii15880943614,601551647247000,CASA-255200-GR,[Fbs] Статус неизвестен,Покупатель отказался при вручении: товар не подошел,2026-04-14 9:59:11,,"1,00","10 163,00",Нет,,,,
2026-04-18 18:06:36,67248357-0768-1,ii15880943613,601551313348000,CASA-255200-LGR,[Fbs] Статус неизвестен,Покупатель отказался при вручении: товар не подошел,2026-04-14 9:59:11,,"1,00","10 163,00",Нет,,,,
2026-04-18 18:06:36,67248357-0768-3,ii15880943611,601551647245000,CANT-255200-LGR,[Fbs] Статус неизвестен,Покупатель отказался при вручении: товар не подошел,2026-04-14 9:59:11,,"1,00","11 390,00",Нет,,,,
2026-04-18 18:06:36,67248357-0768-5,ii15880943612,601551647246000,CANT-255200-GR,[Fbs] Статус неизвестен,Покупатель отказался при вручении: товар не подошел,2026-04-14 9:59:11,,"1,00","10 496,00",Нет,,,,
2026-04-18 18:06:36,39104180-0352-1,ii15857267891,401545825798000,CALM-265150-LAT,[Fbs] Статус неизвестен,Покупатель отказался при вручении: товар не подошел,2026-04-14 16:34:45,,"1,00","6 182,00",Нет,,,,
2026-04-18 18:06:36,42690343-0065-1,ii16000138669,351055859247000,CANT-260150-OLIV,[Fbs] Статус неизвестен,Покупатель отказался при вручении: товар не подошел,2026-04-14 17:16:44,2026-04-17 12:03:36,"1,00","8 684,00",Нет,,,,
2026-04-18 18:06:36,24235211-0834-1,ii11828879401,301556141487000,CANT-260200-OLIV,[Fbs] Статус неизвестен,Покупатель отказался при вручении: товар не подошел,2026-04-14 17:21:03,,"1,00","12 115,00",Нет,,,,
2026-04-18 18:06:36,33785808-0096-3,ii11854606443,401551780421000,CANT-255300-MILK,[Fbs] Статус неизвестен,Покупатель передумал,2026-04-14 17:33:40,,"1,00","17 198,00",Да,,,,
2026-04-18 18:06:36,0125255660-0082-17,651039861148000,651039861148000,CANT-260150-GR,[Fbs] Статус неизвестен,Не удалось доставить заказ,2026-04-14 20:27:09,,"1,00","7 905,00",Нет,,,,
2026-04-18 18:06:36,61223283-1241-1,551047284546000,551047284546000,CANT-250200-OLIV,[Fbs] Статус неизвестен,Покупатель отменил заказ,2026-04-14 21:49:17,,"1,00","11 433,00",Нет,,,,
2026-04-18 18:06:36,61223283-1247-1,951052067006000,951052067006000,CANT-250200-LAT,[Fbs] Статус неизвестен,Покупатель отменил заказ: не устроил срок доставки,2026-04-15 1:46:32,,"1,00","10 496,00",Нет,,,,
2026-04-18 18:06:36,18549412-0640-2,301551580757000,301551580757000,STEL-240150GR,[Fbs] Статус неизвестен,Покупатель отказался при вручении: товар не подошел,2026-04-15 10:49:23,2026-04-17 12:03:36,"1,00","7 729,00",Нет,,,,
2026-04-18 18:06:36,18549412-0640-2,301551580757000,301551580757000,STEL-240150GR,[Fbs] Статус неизвестен,Покупатель отказался при вручении: товар не подошел,2026-04-15 10:49:23,2026-04-17 12:03:36,"1,00","7 729,00",Нет,,,,
2026-04-18 18:06:36,46247767-1264-1,ii11831257844,301564956525000,CANT-265200-OLIV,[Fbs] Статус неизвестен,Покупатель отказался при вручении: товар не подошел,2026-04-15 13:06:20,,"1,00","11 433,00",Нет,,,,
2026-04-18 18:06:36,0118140235-0559-1,ii15885197069,251026726392000,CASA-280200-OLIV,[Fbs] Статус неизвестен,Покупатель отказался при вручении: товар не подошел,2026-04-15 13:16:26,,"1,00","10 163,00",Нет,,,,
2026-04-18 18:06:36,75280613-0547-2,ii9110248271,851036540564000,CALM-265150-GR,[Fbs] Статус неизвестен,Покупатель передумал,2026-04-15 13:30:07,,"1,00","6 182,00",Да,,,,
2026-04-18 18:06:36,57293168-0243-1,201773994283000,201773994283000,STEL-265150GR,[Fbs] Статус неизвестен,Покупатель отказался при вручении: товар не подошел,2026-04-15 13:47:37,,"1,00","7 729,00",Нет,,,,
2026-04-18 18:06:36,57293168-0243-1,201773994283000,201773994283000,STEL-265150GR,[Fbs] Статус неизвестен,Покупатель отказался при вручении: товар не подошел,2026-04-15 13:47:37,,"1,00","7 729,00",Нет,,,,
2026-04-18 18:06:36,57293168-0243-1,201773994283000,201773994283000,STEL-265150GR,[Fbs] Статус неизвестен,Покупатель отказался при вручении: товар не подошел,2026-04-15 13:47:37,,"1,00","7 729,00",Нет,,,,
2026-04-18 18:06:36,02245320-0566-1,ii15996334841,401565041929000,CASA-240300-MLK,[Fbs] Статус неизвестен,Покупатель передумал,2026-04-15 14:28:33,,"1,00","15 773,00",Да,,,,
2026-04-18 18:06:36,0112299372-0113-1,ii15849869956,701545043142000,ADR-290350(Shamp),[Fbs] Статус неизвестен,Покупатель отказался при вручении: товар не подошел,2026-04-15 15:48:28,,"1,00","2 807,00",Да,,,,
2026-04-18 18:06:36,0112299372-0113-1,ii15849869957,701545043142000,ADR-290350(Shamp),[Fbs] Статус неизвестен,Покупатель отказался при вручении: товар не подошел,2026-04-15 15:48:28,,"1,00","2 807,00",Да,118,,,
2026-04-18 18:06:36,23531654-0394-3,ii9115078213,901520072902000,ADR-100100(Shamp),[Fbs] Статус неизвестен,Покупатель передумал,2026-04-15 16:42:13,,"1,00","1 212,00",Да,,,,
2026-04-18 18:06:36,23531654-0394-3,ii9115078214,901520072902000,ADR-100100L(Shamp),[Fbs] Статус неизвестен,Покупатель передумал,2026-04-15 16:42:13,,"1,00","1 319,00",Да,,,,
2026-04-18 18:06:36,22674119-0116-2,ii11806305838,851041883816000,CANT-245200-CAP,[Fbs] Статус неизвестен,Покупатель передумал,2026-04-15 17:11:25,,"1,00","11 390,00",Да,,,,
2026-04-18 18:06:36,43900819-0416-1,ii11438956769,751044838195000,CASA-255200-B,[Fbs] Статус неизвестен,Покупатель передумал,2026-04-15 17:36:46,,"1,00","10 163,00",Да,,,,
2026-04-18 18:06:36,21638257-0663-1,ii11826361153,751029555542000,ADR-265400V(Milk),[Fbs] Статус неизвестен,Покупатель передумал,2026-04-15 19:49:58,,"1,00","3 856,00",Да,,,,
2026-04-18 18:06:36,21638257-0663-1,ii11826361151,751029555542000,ADR-265400V(Grey),[Fbs] Статус неизвестен,Покупатель передумал,2026-04-15 19:49:58,,"1,00","3 915,00",Да,,,,
2026-04-18 18:06:36,36491974-0347-1,ii4807561075,951052157312000,ADR-285500LR(Milk),[Fbs] Статус неизвестен,Покупатель отказался при вручении: товар не подошел,2026-04-15 21:00:36,,"1,00","4 640,00",Да,,,,
2026-04-18 18:06:36,36491974-0347-7,ii4807561069,751045375317000,ADR-285600(Shamp),[Fbs] Статус неизвестен,Покупатель отказался при вручении: товар не подошел,2026-04-15 21:00:36,,"1,00","4 236,00",Да,,,,
2026-04-18 18:06:36,36491974-0347-1,ii4807561076,951052157312000,ADR-285500LR(Milk),[Fbs] Статус неизвестен,Покупатель отказался при вручении: товар не подошел,2026-04-15 21:00:36,,"1,00","4 640,00",Да,,,,
2026-04-18 18:06:36,36491974-0347-1,ii4807561079,951052157312000,ADR-285600V(Milk),[Fbs] Статус неизвестен,Покупатель отказался при вручении: товар не подошел,2026-04-15 21:00:36,,"1,00","5 397,00",Да,,,,
2026-04-18 18:06:36,36491974-0347-1,ii4807561080,951052157312000,ADR-285600V(Milk),[Fbs] Статус неизвестен,Покупатель отказался при вручении: товар не подошел,2026-04-15 21:00:36,,"1,00","5 397,00",Да,,,,
2026-04-18 18:06:36,36491974-0347-7,ii4807561081,751045375317000,ADR-285600(Shamp),[Fbs] Статус неизвестен,Покупатель отказался при вручении: товар не подошел,2026-04-15 21:00:36,,"1,00","4 236,00",Да,,,,
2026-04-18 18:06:36,33023908-0045-1,551058073425000,551058073425000,ADR-270400V(Milk),[Fbs] Статус неизвестен,Покупатель отменил заказ: нашел дешевле,2026-04-15 22:31:49,,"1,00","4 049,00",Нет,,,,
2026-04-18 18:06:36,33023908-0045-1,551058073425000,551058073425000,ADR-270200V(Milk),[Fbs] Статус неизвестен,Покупатель отменил заказ: нашел дешевле,2026-04-15 22:31:49,,"1,00","2 552,00",Нет,,,,
2026-04-18 18:06:36,33023908-0045-1,551058073425000,551058073425000,ADR-270200V(Milk),[Fbs] Статус неизвестен,Покупатель отменил заказ: нашел дешевле,2026-04-15 22:31:49,,"1,00","2 552,00",Нет,,,,
2026-04-18 18:06:36,33023908-0045-1,551058073425000,551058073425000,ADR-270200V(Milk),[Fbs] Статус неизвестен,Покупатель отменил заказ: нашел дешевле,2026-04-15 22:31:49,,"1,00","2 552,00",Нет,,,,
2026-04-18 18:06:36,33023908-0045-1,551058073425000,551058073425000,ADR-270200V(Milk),[Fbs] Статус неизвестен,Покупатель отменил заказ: нашел дешевле,2026-04-15 22:31:49,,"1,00","2 552,00",Нет,,,,
2026-04-18 18:06:36,33023908-0045-1,551058073425000,551058073425000,ADR-270300V(Milk),[Fbs] Статус неизвестен,Покупатель отменил заказ: нашел дешевле,2026-04-15 22:31:49,,"1,00","2 923,00",Нет,,,,
2026-04-18 18:06:36,0147737075-0100-1,501536371570000,501536371570000,ADR-255300(Shamp),[Fbs] Статус неизвестен,Покупатель не забрал заказ,2026-04-16 0:01:56,,"1,00","2 564,00",Нет,,,,
2026-04-18 18:06:36,0147737075-0100-1,501536371570000,501536371570000,ADR-255300(Shamp),[Fbs] Статус неизвестен,Покупатель не забрал заказ,2026-04-16 0:01:56,,"1,00","2 564,00",Нет,,,,
2026-04-18 18:06:36,0147737075-0099-1,351026249754000,351026249754000,CALM-255150-GREEN,[Fbs] Статус неизвестен,Покупатель не забрал заказ,2026-04-16 0:04:02,,"1,00","6 182,00",Нет,,,,
2026-04-18 18:06:36,0147737075-0099-1,351026249754000,351026249754000,CALM-255150-GREEN,[Fbs] Статус неизвестен,Покупатель не забрал заказ,2026-04-16 0:04:02,,"1,00","6 182,00",Нет,,,,
2026-04-18 18:06:36,0176326964-0322-1,851051230241000,851051230241000,ADR-140300(Shamp),[Fbs] Статус неизвестен,Покупатель отказался при вручении: товар не подошел,2026-04-16 9:21:48,,"1,00","1 988,00",Нет,,,,
2026-04-18 18:06:36,30134834-1455-1,901561365015000,901561365015000,CALM-285150-LGR,[Fbs] Статус неизвестен,Покупатель отменил заказ: нашел дешевле,2026-04-16 10:56:39,,"1,00","6 182,00",Нет,,,,
2026-04-18 18:06:36,10159339-0513-1,ii11837468137,701550238259000,ADR-290200V(Grey),[Fbs] Статус неизвестен,Покупатель передумал,2026-04-16 11:35:10,,"1,00","2 465,00",Да,,,,
2026-04-18 18:06:36,10159339-0513-1,ii11837468135,701550238259000,ADR-290250V,[Fbs] Статус неизвестен,Покупатель передумал,2026-04-16 11:35:10,,"1,00","2 604,00",Да,,,,
2026-04-18 18:06:36,10159339-0513-1,ii11837468136,701550238259000,ADR-290200V(Grey),[Fbs] Статус неизвестен,Покупатель передумал,2026-04-16 11:35:10,,"1,00","2 465,00",Да,,,,
2026-04-18 18:06:36,0178164795-0145-2,ii11439511033,651051756005000,CALM-245150-VIOLET,[Fbs] Статус неизвестен,Покупатель передумал,2026-04-16 11:35:56,,"1,00","6 492,00",Да,,,,
2026-04-18 18:06:36,0178164795-0145-3,ii11439511034,751051512475000,CALM-245250-VIOLET,[Fbs] Статус неизвестен,Покупатель передумал,2026-04-16 11:35:56,,"1,00","10 271,00",Да,,,,
2026-04-18 18:06:36,0178164795-0145-2,ii11439511028,651051756005000,CALM-245150-VIOLET,[Fbs] Статус неизвестен,Покупатель передумал,2026-04-16 11:35:56,,"1,00","6 492,00",Да,,,,
2026-04-18 18:06:36,89354781-0177-2,ii6061163241,301562519157000,CANT-255200-LAT,[Fbs] Статус неизвестен,Товар поддельный,2026-04-16 11:38:56,,"1,00","10 496,00",Да,косая ткань,,,
2026-04-18 18:06:36,0118623502-0171-1,ii11845359647,201773433009000,FEST-265300-PUDR,[Fbs] Статус неизвестен,Покупатель отказался при вручении: товар не подошел,2026-04-16 12:20:01,,"1,00","15 083,00",Нет,,,,
2026-04-18 18:06:36,18830424-0165-1,501568370311000,501568370311000,ADR-255200LR(Milk),[Fbs] Статус неизвестен,Покупатель отказался при вручении: товар не подошел,2026-04-16 12:37:41,,"1,00","2 619,00",Нет,,,,
2026-04-18 18:06:36,18830424-0165-1,501568370311000,501568370311000,ADR-255200LR(Milk),[Fbs] Статус неизвестен,Покупатель отказался при вручении: товар не подошел,2026-04-16 12:37:41,,"1,00","2 619,00",Нет,,,,
2026-04-18 18:06:36,74296275-0075-1,ii11853473928,401547039968000,ADR-265200(Shamp),[Fbs] Статус неизвестен,Покупатель передумал,2026-04-16 13:40:17,,"1,00","2 027,00",Да,,,,
2026-04-18 18:06:36,74296275-0075-1,ii11853473925,401547039968000,ADR-265200(Shamp),[Fbs] Статус неизвестен,Покупатель передумал,2026-04-16 13:40:17,,"1,00","2 027,00",Да,,,,
2026-04-18 18:06:36,40056853-0161-1,ii11418597968,251047373420000,CASA-265200-MLK,[Fbs] Статус неизвестен,Покупатель отказался при вручении: товар не подошел,2026-04-16 14:19:20,,"1,00","10 672,00",Нет,,,,
2026-04-18 18:06:36,63337105-0093-1,ii15883743575,501550826004000,CANT-220200-MILK,[Fbs] Статус неизвестен,Покупатель передумал,2026-04-16 14:37:19,,"1,00","11 390,00",Да,,,,
2026-04-18 18:06:36,48737014-0964-1,ii15870996893,451049639556000,CANT-265150-CAP,[Fbs] Статус неизвестен,Покупатель отказался при вручении: товар не подошел,2026-04-16 14:43:35,,"1,00","8 684,00",Нет,,,,
2026-04-18 18:06:36,17152954-0367-1,ii11803635088,251051290903000,ADR-280400LR,[Fbs] Статус неизвестен,Покупатель отказался при вручении: товар не подошел,2026-04-16 15:22:41,,"1,00","3 903,00",Нет,,,,
2026-04-18 18:06:36,47158854-0660-1,401561968804000,401561968804000,ADR-270350(Shamp),[Fbs] Статус неизвестен,Покупатель отказался при вручении: товар не подошел,2026-04-16 16:33:50,,"1,00","2 807,00",Нет,,,,
2026-04-18 18:06:36,47158854-0661-1,451052587260000,451052587260000,ADR-270500(Shamp),[Fbs] Статус неизвестен,Покупатель отказался при вручении: товар не подошел,2026-04-16 16:33:50,,"1,00","3 735,00",Нет,,,,
2026-04-18 18:06:36,46093428-0114-1,ii15870794109,451049136845000,ADR-280450,[Fbs] Статус неизвестен,Покупатель передумал,2026-04-16 17:20:52,,"1,00","3 819,00",Да,,,,
2026-04-18 18:06:36,10958626-0281-1,ii15997418261,701560841874000,CASA-265150-MLK,[Fbs] Статус неизвестен,Покупатель передумал,2026-04-16 18:43:32,,"1,00","7 487,00",Да,,,,
2026-04-18 18:06:36,18793982-0104-1,ii11849149437,801542843666000,ADR-245400(Shamp),[Fbs] Статус неизвестен,Покупатель передумал,2026-04-16 21:52:32,,"1,00","3 094,00",Да,,,,
2026-04-18 18:06:36,0152087571-0008-1,551016571028000,551016571028000,CALM-260200-LAT,[Fbs] Статус неизвестен,Покупатель не забрал заказ,2026-04-16 22:01:04,,"1,00","8 330,00",Нет,,,,
522,16299590-0915-1,451059023408000,451059023408000,CASA-255200-B,[Fbs] Статус неизвестен,Покупатель отменил заказ,2026-04-17 11:35:24,,"1,00","10 672,00",Нет,,,,
2026-04-18 18:06:36,97925286-0467-1,451057292519000,451057292519000,CANT-270300-OLIV,[Fbs] Статус неизвестен,Покупатель отказался при вручении: товар не подошел,2026-04-17 13:18:46,,"1,00","17 265,00",Нет,,,,
2026-04-18 18:06:36,88939905-0239-1,ii9087395683,351061379968000,ADR-220250V(Milk),[Fbs] Статус неизвестен,Покупатель передумал,2026-04-17 13:47:36,,"1,00","2 861,00",Да,,,,
2026-04-18 18:06:36,88939905-0239-1,ii9087395682,351061379968000,ADR-220250V(Milk),[Fbs] Статус неизвестен,Покупатель передумал,2026-04-17 13:47:36,,"1,00","2 861,00",Да,,,,
2026-04-18 18:06:36,88939905-0239-1,ii9087395685,351061379968000,ADR-220250V(Milk),[Fbs] Статус неизвестен,Покупатель передумал,2026-04-17 13:47:36,,"1,00","2 861,00",Да,,,,
2026-04-18 18:06:36,88939905-0239-1,ii9087395684,351061379968000,ADR-220250V(Milk),[Fbs] Статус неизвестен,Покупатель передумал,2026-04-17 13:47:36,,"1,00","2 861,00",Да,,,,
2026-04-18 18:06:36,30976056-0356-1,ii11820444227,301577571720000,ADR-250100V(Milk),[Fbs] Статус неизвестен,Покупатель передумал,2026-04-17 13:55:10,,"1,00","1 650,00",Да,,,,
2026-04-18 18:06:36,30976056-0356-1,ii11820444228,301577571720000,ADR-250100V(Milk),[Fbs] Статус неизвестен,Покупатель передумал,2026-04-17 13:55:10,,"1,00","1 650,00",Да,,,,
2026-04-18 18:06:36,47251018-0253-1,ii11822496006,651055506532000,CALM-260300-LAT,[Fbs] Статус неизвестен,Покупатель передумал,2026-04-17 14:19:39,,"1,00","12 402,00",Да,,,,
2026-04-18 18:06:36,52295250-0351-2,ii11840541270,501554624022000,CANT-255200-OLIV,[Fbs] Статус неизвестен,Покупатель отказался при вручении: товар не подошел,2026-04-17 15:01:13,,"1,00","11 433,00",Нет,,,,
2026-04-18 18:06:36,52644106-0260-1,ii15865501897,201788289251000,CASA-270300-GR,[Fbs] Статус неизвестен,Покупатель отказался при вручении: товар не подошел,2026-04-17 16:00:50,,"1,00","15 650,00",Да,,,,
2026-04-18 18:06:36,33910294-0075-1,ii11803473587,551045457046000,ADR-150400V(Milk),[Fbs] Статус неизвестен,Покупатель отказался при вручении: товар не подошел,2026-04-17 16:31:49,,"1,00","2 662,00",Нет,,,,
2026-04-18 18:06:36,25767607-0326-1,551062633423000,551062633423000,CANT-255200-LGR,[Fbs] Статус неизвестен,Покупатель отказался при вручении: товар не подошел,2026-04-17 18:08:27,,"1,00","11 433,00",Нет,,,,
2026-04-18 18:06:36,52368050-0293-1,501576259157000,501576259157000,CANT-250200-OLIV,[Fbs] Статус неизвестен,Покупатель отказался при вручении: товар не подошел,2026-04-17 18:32:41,,"1,00","11 433,00",Нет,,,,
2026-04-18 18:06:36,44350152-0509-1,ii15859646454,651052474935000,DONN-265250-GREY,[Fbs] Статус неизвестен,Покупатель отказался при вручении: товар не подошел,2026-04-17 18:53:29,,"1,00","11 511,00",Да,,,,
2026-04-18 18:06:36,0104145962-0554-3,401554293729000,401554293729000,CANT-270250-CREAM,[Fbs] Статус неизвестен,Покупатель отказался при вручении: товар не подошел,2026-04-17 19:17:01,,"1,00","15 314,00",Нет,,,,
2026-04-18 18:06:36,0104145962-0554-1,301562907838000,301562907838000,CANT-270300-LAT,[Fbs] Статус неизвестен,Покупатель отказался при вручении: товар не подошел,2026-04-17 19:17:01,,"1,00","15 857,00",Нет,,,,
2026-04-18 18:06:36,0166077213-0672-3,ii15996924620,801566651181000,CANT-265150-OLIV,[Fbs] Статус неизвестен,Покупатель отказался при вручении: товар не подошел,2026-04-17 19:30:56,,"1,00","9 488,00",Нет,,,,
2026-04-18 18:06:36,46257595-1113-1,ii11812455928,401563758714000,CASA-275200-B,[Fbs] Статус неизвестен,Покупатель отказался при вручении: товар не подошел,2026-04-17 20:33:35,,"1,00","10 672,00",Да,,,,
2026-04-18 18:06:36,0175577942-0054-1,201792990901000,201792990901000,CANT-270300-BLUE,[Fbs] Статус неизвестен,Покупатель отказался при вручении: товар не подошел,2026-04-17 20:51:18,,"1,00","18 058,00",Нет,,,,
2026-04-18 18:06:36,16299590-0914-1,ii16000130441,751056259049000,CANT-260150-CREAM,[Fbs] Статус неизвестен,Покупатель передумал,2026-04-18 11:13:22,,"1,00","9 085,00",Да,,,,
2026-04-18 18:06:36,44272477-0163-2,ii15764350333,251038194412000,ADR-290300V(Grey),[Fbo] Статус неизвестен,Покупатель передумал,2026-04-18 11:36:33,,"1,00","3 157,00",Да,,,,
2026-04-18 18:06:36,33292924-0639-2,,751035362128000,ADR-240150LR(Milk),[Fbs] Статус неизвестен,Покупатель отказался при вручении: товар не подошел,2026-04-18 11:43:54,,"1,00","2 083,00",Да,,,,
2026-04-18 18:06:36,33292924-0639-2,,751035362128000,ADR-240150LR(Milk),[Fbs] Статус неизвестен,Покупатель отказался при вручении: товар не подошел,2026-04-18 11:43:54,,"1,00","2 083,00",Да,,,,
2026-04-18 18:06:36,52683586-1677-1,251055192067000,251055192067000,CANT-255200-WGR,[Fbs] Статус неизвестен,Покупатель отменил заказ,2026-04-18 11:54:35,,"1,00","11 021,00",Нет,,,,
2026-04-18 18:06:36,24594881-0289-3,ii11843195870,451051268539000,CASA-275250-BLUE,[Fbs] Статус неизвестен,Покупатель передумал,2026-04-18 12:41:35,,"1,00","13 960,00",Да,,,,
2026-04-18 18:06:36,52683586-1678-1,951063802299000,951063802299000,CANT-250250-SIL,[Fbs] Статус неизвестен,Покупатель отказался при вручении: товар не подошел,2026-04-18 15:04:32,,"1,00","14 525,00",Нет,,,,
2026-04-18 18:06:36,34552929-0403-1,ii11811923306,751051429246000,CANT-270150-WGR,[Fbs] Статус неизвестен,Покупатель отказался при вручении: товар не подошел,2026-04-18 16:19:51,,"1,00","8 301,00",Да,,,,
2026-04-18 18:06:36,34552929-0402-2,651050463297000,651050463297000,CANT-270150-MILK,[Fbs] Статус неизвестен,Покупатель отказался при вручении: товар не подошел,2026-04-18 16:19:52,,"1,00","9 085,00",Нет,,,,
2026-04-18 18:06:36,34796102-0333-1,951043661337000,951043661337000,CANT-250150-OLIV,[Fbs] Статус неизвестен,Покупатель отказался при вручении: товар не подошел,2026-04-18 16:54:37,,"1,00","8 684,00",Нет,,,,
2026-04-18 18:06:36,81254254-0309-1,,751036587125000,ADR-250300(Shamp),[Fbs] Статус неизвестен,Покупатель передумал,2026-04-18 17:55:56,,"1,00","2 609,00",Да,,,,
2026-04-18 19:06:33,74090542-0225-1,ii11813402911,401561282687000,ADR-260500(Shamp),[Fbs] Статус неизвестен,Покупатель передумал,2026-04-18 18:12:08,,"1,00","3 819,00",Да,,,,
2026-04-18 19:06:33,69586731-0767-1,751056615500000,751056615500000,CANT-230150-OLIV,[Fbs] Статус неизвестен,Покупатель отказался при вручении: товар не подошел,2026-04-18 18:14:26,,"1,00","9 488,00",Нет,,,,
2026-04-18 19:06:33,50507428-1866-1,851069421768000,851069421768000,CANT-230150-LAT,[Fbs] Статус неизвестен,Покупатель отменил заказ,2026-04-18 18:29:51,,"1,00","8 717,00",Нет,,,,
2026-04-18 19:06:33,27076538-0215-1,301577635925000,301577635925000,CASA-275300-B,[Fbs] Статус неизвестен,Покупатель отказался при вручении: товар не подошел,2026-04-18 18:31:37,,"1,00","15 773,00",Нет,,,,
2026-04-18 21:06:33,10893771-0457-3,,701575138964000,CALM-250300-LAT,[Fbs] Статус неизвестен,Покупатель передумал,2026-04-18 20:57:47,,"1,00","11 782,00",Да,,,,
2026-04-18 22:06:33,52368050-0295-1,501577319180000,501577319180000,CANT-250200-MILK,[Fbs] Статус неизвестен,Покупатель отказался при вручении: товар не подошел,2026-04-18 21:55:35,,"1,00","11 433,00",Нет,,,,
2026-04-18 23:06:32,0123435290-0185-1,801570539846000,801570539846000,ADR-245200(Shamp),[Fbs] Статус неизвестен,Покупатель отменил заказ,2026-04-18 22:56:47,,"1,00","2 129,00",Нет,,,,
2026-04-18 23:06:32,0123435290-0185-1,801570539846000,801570539846000,ADR-245500(Shamp),[Fbs] Статус неизвестен,Покупатель отменил заказ,2026-04-18 22:56:47,,"1,00","3 735,00",Нет,,,,
2026-04-19 10:06:32,37264363-0573-1,951058992863000,951058992863000,CASA-255200-B,[Fbs] Статус неизвестен,Покупатель отказался при вручении: товар не подошел,2026-04-19 9:44:31,,"1,00","10 672,00",Нет,,,,
2026-04-19 10:06:32,37264363-0574-1,701567700664000,701567700664000,CASA-255200-MLK,[Fbs] Статус неизвестен,Покупатель отказался при вручении: товар не подошел,2026-04-19 9:44:31,,"1,00","10 672,00",Нет,,,,
2026-04-19 12:06:33,61352556-0172-2,401572884450000,401572884450000,CANT-260250-PUDR,[Fbs] Статус неизвестен,Покупатель отказался при вручении: товар не подошел,2026-04-19 11:14:37,,"1,00","11 433,00",Нет,,,,
2026-04-19 12:06:33,0149465203-0054-1,351061544746000,351061544746000,CALM-245250-LAT,[Fbs] Статус неизвестен,Покупатель отказался при вручении: товар не подошел,2026-04-19 11:27:29,,"1,00","10 271,00",Нет,,,,
2026-04-19 13:06:34,69875468-0108-1,ii11870082614,701564794265000,ADR-265250LR(Milk),[Fbs] Статус неизвестен,Покупатель передумал,2026-04-19 12:28:29,,"1,00","2 806,00",Да,,,,
2026-04-19 13:06:34,69875468-0108-1,ii11870082615,701564794265000,ADR-265250LR(Milk),[Fbs] Статус неизвестен,Покупатель передумал,2026-04-19 12:28:29,,"1,00","2 806,00",Да,,,,
2026-04-19 13:06:34,38412233-1240-1,951069582456000,951069582456000,CANT-230150-CAP,[Fbs] Статус неизвестен,Покупатель отказался при вручении: товар не подошел,2026-04-19 12:46:47,,"1,00","8 631,00",Нет,,,,
2026-04-19 13:06:34,47251018-0253-5,ii11822496032,301576435825000,CALM-255300-MLK,[Fbs] Статус неизвестен,Покупатель передумал,2026-04-19 12:59:42,СПОР ОТКРЫТ,"1,00","12 402,00",Да,не наши шторы,,,
2026-04-19 14:06:33,44272477-0167-1,,501570631781000,ADR-290100V(Grey),[Fbs] Статус неизвестен,Покупатель передумал,2026-04-19 13:29:54,,"1,00","1 754,00",Да,,,,
2026-04-19 14:06:33,44272477-0167-1,,501570631781000,ADR-290250V(Grey),[Fbs] Статус неизвестен,Покупатель передумал,2026-04-19 13:29:54,,"1,00","2 905,00",Да,,,,
2026-04-19 14:06:33,44272477-0167-1,,501570631781000,ADR-290250V(Grey),[Fbs] Статус неизвестен,Покупатель передумал,2026-04-19 13:29:54,,"1,00","2 905,00",Да,,,,
2026-04-19 14:06:33,44272477-0167-1,,501570631781000,ADR-290100V(Grey),[Fbs] Статус неизвестен,Покупатель передумал,2026-04-19 13:29:54,,"1,00","1 754,00",Да,,,,
2026-04-19 14:06:33,56282919-0299-1,951057796985000,951057796985000,CASA-280250-MLK,[Fbs] Статус неизвестен,Покупатель отказался при вручении: товар не подошел,2026-04-19 14:03:00,,"1,00","13 960,00",Нет,,,,
2026-04-19 15:06:33,10278550-0254-1,401560968497000,401560968497000,CASA-240200-VEN,[Fbs] Статус неизвестен,Покупатель отказался при вручении: товар не подошел,2026-04-19 14:45:52,,"1,00","10 552,00",Нет,,,,
2026-04-19 15:06:33,10278550-0254-1,401560968497000,401560968497000,CASA-240200-BLUE,[Fbs] Статус неизвестен,Покупатель отказался при вручении: товар не подошел,2026-04-19 14:45:52,,"1,00","10 672,00",Нет,,,,
2026-04-19 16:06:34,47779356-0204-2,701565212320000,701565212320000,ADR-220200(Shamp),[Fbs] Статус неизвестен,Покупатель отказался при вручении: товар не подошел,2026-04-19 15:08:54,,"1,00","2 043,00",Нет,,,,
2026-04-19 16:06:34,02245320-0564-1,ii11427154882,301572859278000,CASA-240300-B,[Fbs] Статус неизвестен,Покупатель передумал,2026-04-19 15:17:44,,"1,00","15 773,00",Да,,,,
2026-04-19 16:06:34,53029911-0389-1,901568349130000,901568349130000,CASA-220150-B,[Fbs] Статус неизвестен,Покупатель отказался при вручении: товар не подошел,2026-04-19 15:17:45,,"1,00","7 862,00",Нет,,,,
2026-04-19 16:06:34,53029911-0389-1,901568349130000,901568349130000,CASA-220150-MLK,[Fbs] Статус неизвестен,Покупатель отказался при вручении: товар не подошел,2026-04-19 15:17:45,,"1,00","7 862,00",Нет,,,,
2026-04-19 16:06:34,53029911-0387-3,251045332970000,251045332970000,CASA-220150-VEN,[Fbs] Статус неизвестен,Покупатель отказался при вручении: товар не подошел,2026-04-19 15:17:45,,"1,00","7 862,00",Нет,,,,
2026-04-19 16:06:34,53029911-0387-3,251045332970000,251045332970000,CASA-220150-LGR,[Fbs] Статус неизвестен,Покупатель отказался при вручении: товар не подошел,2026-04-19 15:17:45,,"1,00","7 862,00",Нет,,,,
2026-04-19 16:06:34,53029911-0387-1,801561873992000,801561873992000,CASA-220150-SIL,[Fbs] Статус неизвестен,Покупатель отказался при вручении: товар не подошел,2026-04-19 15:17:45,,"1,00","7 862,00",Нет,,,,
2026-04-19 16:06:34,53029911-0387-1,801561873992000,801561873992000,CASA-220150-BLUE,[Fbs] Статус неизвестен,Покупатель отказался при вручении: товар не подошел,2026-04-19 15:17:45,,"1,00","7 862,00",Нет,,,,
2026-04-19 16:06:34,62298217-0966-1,851058625083000,851058625083000,CANT-250150-PUDR,[Fbs] Статус неизвестен,Покупатель отказался при вручении: товар не подошел,2026-04-19 15:44:07,,"1,00","9 085,00",Нет,,,,
2026-04-19 16:06:34,62298217-0967-1,751053964896000,751053964896000,CANT-270200-MILK,[Fbs] Статус неизвестен,Покупатель отказался при вручении: товар не подошел,2026-04-19 15:44:07,,"1,00","11 433,00",Нет,,,,
2026-04-19 17:06:34,41953821-0558-1,ii15749748215,751061767241000,CANT-270150-OLIV,[Fbo] Статус неизвестен,Покупатель отказался при вручении: товар не подошел,2026-04-19 16:20:40,,"1,00","8 684,00",Нет,,,,
2026-04-19 17:06:34,56699492-0082-1,ii5514258338,401569102650000,ADR-255250,[Fbs] Статус неизвестен,Покупатель передумал,2026-04-19 16:36:21,,"1,00","2 434,00",Да,,,,
2026-04-19 17:06:34,56699492-0082-1,ii5514258339,401569102650000,ADR-255150,[Fbs] Статус неизвестен,Покупатель передумал,2026-04-19 16:36:21,,"1,00","1 904,00",Да,,,,
2026-04-19 18:06:33,89082446-0231-1,501555604665000,501555604665000,ADR-140150,[Fbs] Статус неизвестен,Покупатель отказался при вручении: товар не подошел,2026-04-19 18:04:30,,"1,00","1 503,00",Нет,,,,
2026-04-19 20:06:32,12804853-0251-1,751041842935000,751041842935000,FEST-260250-BIR,[Fbs] Статус неизвестен,Покупатель отказался при вручении: товар не подошел,2026-04-19 19:31:10,,"1,00","11 820,00",Нет,,,,
2026-04-19 20:06:32,12804853-0250-2,651041676219000,651041676219000,FEST-265250-BIR,[Fbs] Статус неизвестен,Покупатель отказался при вручении: товар не подошел,2026-04-19 19:31:10,,"1,00","11 820,00",Нет,,,,
2026-04-19 21:06:33,52295250-0347-1,ii11840541330,751026087625000,CASA-255200-OLIV,[Fbs] Статус неизвестен,Покупатель передумал,2026-04-19 20:24:20,,"1,00","10 163,00",Да,,,,
2026-04-19 21:06:33,31355601-0513-1,801580081101000,801580081101000,CASA-255300-GR,[Fbs] Статус неизвестен,Покупатель отказался при вручении: товар не подошел,2026-04-19 20:32:55,,"1,00","15 650,00",Нет,,,,
2026-04-20 6:06:35,0223466932-0026-20,501565086727000,501565086727000,ADR-290300V(Milk),[Fbs] Статус неизвестен,Не удалось доставить заказ,2026-04-20 5:43:21,,"1,00","2 923,00",Нет,,,,
2026-04-20 6:06:35,0223466932-0026-20,501565086727000,501565086727000,ADR-290300V(Milk),[Fbs] Статус неизвестен,Не удалось доставить заказ,2026-04-20 5:43:21,,"1,00","2 923,00",Нет,,,,
2026-04-20 6:06:35,0223466932-0026-20,501565086727000,501565086727000,ADR-290300V(Milk),[Fbs] Статус неизвестен,Не удалось доставить заказ,2026-04-20 5:43:21,,"1,00","2 923,00",Нет,,,,
2026-04-20 7:06:32,64403574-0430-1,,251034591706000,ADR-290300(Shamp),[Fbs] Статус неизвестен,Покупатель передумал,2026-04-20 6:25:20,,"1,00","2 564,00",Да,,,,
2026-04-20 7:06:32,64403574-0430-1,,251034591706000,ADR-290300(Shamp),[Fbs] Статус неизвестен,Покупатель передумал,2026-04-20 6:31:38,,"1,00","2 564,00",Да,,,,
2026-04-20 11:06:34,15211139-0448-1,,851034505022000,CALM-265300-GR,[Fbs] Статус неизвестен,Покупатель передумал,2026-04-20 11:00:12,,"1,00","11 811,00",Да,,,,
2026-04-20 17:06:35,32765419-1118-1,901575300310000,901575300310000,ADR-290300V(Milk),[Fbs] Статус неизвестен,Покупатель отказался при вручении: товар не подошел,2026-04-20 16:47:35,,"1,00","2 923,00",Нет,,,,
2026-04-20 17:06:35,46814860-0104-3,801572228469000,801572228469000,ADR-265700L,[Fbs] Статус неизвестен,Покупатель отказался при вручении: товар не подошел,2026-04-20 17:02:46,,"1,00","5 448,00",Нет,,,,
2026-04-20 20:06:34,06915383-0252-2,,551068959624000,ADR-310290V(Grey),[Fbs] Статус неизвестен,Покупатель передумал,2026-04-20 19:41:24,,"1,00","3 036,00",Да,,,,
2026-04-20 21:06:33,0103550643-0802-1,901575423947000,901575423947000,CANT-240150-BLUE,[Fbs] Статус неизвестен,Покупатель отказался при вручении: товар не подошел,2026-04-20 20:24:51,,"1,00","8 684,00",Нет,,,,
2026-04-20 21:06:33,60079901-0253-5,401570861910000,401570861910000,FEST-285300-GR,[Fbs] Статус неизвестен,Покупатель отказался при вручении: товар не подошел,2026-04-20 20:57:59,,"1,00","15 838,00",Нет,,,,
2026-04-20 22:06:34,07190763-0622-2,,451055517690000,ADR-220300V(Milk),[Fbs] Статус неизвестен,Покупатель передумал,2026-04-20 21:41:56,,"1,00","2 923,00",Да,,,,
2026-04-21 3:06:32,65373543-0873-1,851058396961000,851058396961000,ADR-255300LR(Milk),[Fbs] Статус неизвестен,Покупатель отменил заказ,2026-04-21 2:36:51,,"1,00","3 494,00",Нет,,,,
2026-04-21 3:06:32,65373543-0873-1,851058396961000,851058396961000,ADR-255300LR(Milk),[Fbs] Статус неизвестен,Покупатель отменил заказ,2026-04-21 2:36:51,,"1,00","3 494,00",Нет,,,,
2026-04-21 10:06:32,0118623502-0170-1,ii31007377877,951043284462000,CASA-265300-OLIV,[Fbs] Статус неизвестен,Покупатель передумал,2026-04-21 9:39:11,,"1,00","15 021,00",Да,,,,
2026-04-21 13:06:36,33011780-0380-1,251032703316000,251032703316000,ADR-250500LR(Milk),[Fbs] Статус неизвестен,Покупатель отказался при вручении: товар не подошел,2026-04-21 13:01:09,,"1,00","4 640,00",Нет,,,,
2026-04-21 13:06:36,33011780-0380-1,251032703316000,251032703316000,ADR-250500LR(Milk),[Fbs] Статус неизвестен,Покупатель отказался при вручении: товар не подошел,2026-04-21 13:01:09,,"1,00","4 640,00",Нет,,,,
2026-04-21 13:06:36,33011780-0380-1,251032703316000,251032703316000,ADR-250500LR(Milk),[Fbs] Статус неизвестен,Покупатель отказался при вручении: товар не подошел,2026-04-21 13:01:09,,"1,00","4 640,00",Нет,,,,
2026-04-21 13:06:36,33011780-0380-1,251032703316000,251032703316000,ADR-250500LR(Milk),[Fbs] Статус неизвестен,Покупатель отказался при вручении: товар не подошел,2026-04-21 13:01:09,,"1,00","4 640,00",Нет,,,,
2026-04-21 14:06:34,0163732221-0132-1,301569318407000,301569318407000,CANT-245250-SIL,[Fbs] Статус неизвестен,Покупатель отказался при вручении: товар не подошел,2026-04-21 13:32:24,,"1,00","14 525,00",Нет,,,,
2026-04-21 15:06:32,0163732221-0134-3,401570082569000,401570082569000,CANT-250250-WGR,[Fbs] Статус неизвестен,Покупатель отменил заказ,2026-04-21 14:56:40,,"1,00","14 525,00",Нет,,,,
2026-04-21 15:06:32,0163732221-0134-1,201794209625000,201794209625000,CANT-250250-SIL,[Fbs] Статус неизвестен,Покупатель отменил заказ,2026-04-21 14:56:41,,"1,00","14 525,00",Нет,,,,
2026-04-21 16:06:32,40076418-0952-1,,251057186555000,ADR-260300LR(Milk),[Fbs] Статус неизвестен,Покупатель получил не те товары,2026-04-21 15:19:13,,"1,00","3 407,00",Да,пришита узкая тесьма,,,
2026-04-21 16:06:32,40076418-0952-1,,251057186555000,ADR-260300LR(Milk),[Fbs] Статус неизвестен,Покупатель получил не те товары,2026-04-21 15:19:13,,"1,00","3 407,00",Да,пришита узкая тесьма,,,
2026-04-21 16:06:32,0183908614-0015-1,,501574853677000,CANT-270200-OLIV,[Fbs] Статус неизвестен,Покупатель передумал,2026-04-21 16:04:40,,"1,00","12 721,00",Да,,,,
2026-04-21 17:06:35,41581137-1974-1,901575820100000,901575820100000,ADR-250500LR,[Fbs] Статус неизвестен,Покупатель отказался при вручении: товар не подошел,2026-04-21 17:03:24,,"1,00","4 841,00",Нет,,,,
2026-04-21 17:06:35,41581137-1974-1,901575820100000,901575820100000,ADR-250500LR,[Fbs] Статус неизвестен,Покупатель отказался при вручении: товар не подошел,2026-04-21 17:03:24,,"1,00","4 841,00",Нет,,,,
2026-04-21 18:06:35,30773243-0113-1,701578399740000,701578399740000,CASA-250150-OLIV,[Fbs] Статус неизвестен,Покупатель отказался при вручении: товар не подошел,2026-04-21 17:40:08,,"1,00","8 256,00",Нет,,,,
2026-04-21 19:06:33,36679579-0282-1,951067942037000,951067942037000,ADR-310200(Shamp),[Fbs] Статус неизвестен,Покупатель отказался при вручении: товар не подошел,2026-04-21 18:22:58,,"1,00","2 231,00",Нет,,,,
2026-04-21 19:06:33,36679579-0282-1,951067942037000,951067942037000,ADR-310200(Shamp),[Fbs] Статус неизвестен,Покупатель отказался при вручении: товар не подошел,2026-04-21 18:22:58,,"1,00","2 231,00",Нет,,,,
2026-04-21 19:06:33,36679579-0282-1,951067942037000,951067942037000,ADR-310200(Shamp),[Fbs] Статус неизвестен,Покупатель отказался при вручении: товар не подошел,2026-04-21 18:22:58,,"1,00","2 231,00",Нет,,,,
2026-04-21 19:06:33,36679579-0282-1,951067942037000,951067942037000,ADR-310200(Shamp),[Fbs] Статус неизвестен,Покупатель отказался при вручении: товар не подошел,2026-04-21 18:22:58,,"1,00","2 231,00",Нет,,,,
2026-04-21 19:06:33,36679579-0282-1,951067942037000,951067942037000,ADR-310200(Shamp),[Fbs] Статус неизвестен,Покупатель отказался при вручении: товар не подошел,2026-04-21 18:22:58,,"1,00","2 231,00",Нет,,,,
2026-04-21 19:06:33,36679579-0282-1,951067942037000,951067942037000,ADR-310200(Shamp),[Fbs] Статус неизвестен,Покупатель отказался при вручении: товар не подошел,2026-04-21 18:22:58,,"1,00","2 231,00",Нет,,,,
2026-04-21 19:06:33,36679579-0282-1,951067942037000,951067942037000,ADR-310200(Shamp),[Fbs] Статус неизвестен,Покупатель отказался при вручении: товар не подошел,2026-04-21 18:22:58,,"1,00","2 231,00",Нет,,,,
2026-04-21 19:06:33,36679579-0282-1,951067942037000,951067942037000,ADR-310200(Shamp),[Fbs] Статус неизвестен,Покупатель отказался при вручении: товар не подошел,2026-04-21 18:22:58,,"1,00","2 231,00",Нет,,,,
2026-04-21 19:06:33,36679579-0282-1,951067942037000,951067942037000,ADR-310200(Shamp),[Fbs] Статус неизвестен,Покупатель отказался при вручении: товар не подошел,2026-04-21 18:22:58,,"1,00","2 231,00",Нет,,,,
2026-04-21 22:06:33,22857738-1540-1,851074753444000,851074753444000,ADR-265400(Grey),[Fbs] Статус неизвестен,Покупатель отменил заказ: нашел дешевле,2026-04-21 21:48:52,,"1,00","3 412,00",Нет,,,,
2026-04-22 2:06:33,05601638-0767-1,701584250751000,701584250751000,CANT-250300-OLIV,[Fbs] Статус неизвестен,Покупатель отменил заказ,2026-04-22 1:39:17,,"1,00","17 265,00",Нет,,,,
2026-04-22 10:06:33,24231463-0156-1,ii15845504584,401563951278000,CASA-275200-OLIV,[Fbs] Статус неизвестен,Покупатель передумал,2026-04-22 9:45:13,,"1,00","10 672,00",Да,,,,
2026-04-22 10:06:33,37047963-0089-1,ii11435525716,201802053380000,CANT-255250-PUDR,[Fbs] Статус неизвестен,Покупатель передумал,2026-04-22 9:46:59,,"1,00","11 433,00",Да,,,,
2026-04-22 11:06:33,56749826-0438-1,701576819359000,701576819359000,CANT-265300-MILK,[Fbs] Статус неизвестен,Покупатель отказался при вручении: товар не подошел,2026-04-22 10:26:38,,"1,00","17 541,00",Нет,,,,
2026-04-22 11:06:33,49092398-0213-1,651062002905000,651062002905000,ADR-265200(Black),[Fbs] Статус неизвестен,Покупатель отказался при вручении: товар не подошел,2026-04-22 10:54:47,,"1,00","2 129,00",Нет,,,,
2026-04-22 11:06:33,49092398-0213-1,651062002905000,651062002905000,ADR-265200,[Fbs] Статус неизвестен,Покупатель отказался при вручении: товар не подошел,2026-04-22 10:54:47,,"1,00","2 129,00",Нет,,,,
2026-04-22 12:06:35,04628788-0297-1,,651060202041000,ADR-250700,[Fbs] Статус неизвестен,Покупатель передумал,2026-04-22 11:47:37,,"1,00","4 980,00",Да,,,,
2026-04-22 13:06:32,42746247-0142-1,451068300448000,451068300448000,ADR-265600LR,[Fbs] Статус неизвестен,Покупатель отказался при вручении: товар не подошел,2026-04-22 12:45:12,,"1,00","6 079,00",Нет,,,,
2026-04-22 13:06:32,42746247-0141-1,501581800564000,501581800564000,ADR-265700LR(Milk),[Fbs] Статус неизвестен,Покупатель отказался при вручении: товар не подошел,2026-04-22 12:45:12,,"1,00","6 691,00",Нет,,,,
2026-04-22 15:06:33,16536001-0016-5,ii11440654162,901580521407000,ADR-270300(Shamp),[Fbs] Статус неизвестен,Покупатель отказался при вручении: товар не подошел,2026-04-22 14:12:04,,"1,00","2 564,00",Да,,,,
2026-04-22 15:06:33,16536001-0016-5,ii11440654164,901580521407000,ADR-270300(Shamp),[Fbs] Статус неизвестен,Покупатель отказался при вручении: товар не подошел,2026-04-22 14:12:04,,"1,00","2 564,00",Да,,,,
2026-04-22 15:06:33,16536001-0016-5,ii11440654163,901580521407000,ADR-270300(Shamp),[Fbs] Статус неизвестен,Покупатель отказался при вручении: товар не подошел,2026-04-22 14:12:04,,"1,00","2 564,00",Да,,,,
2026-04-22 17:06:33,58496868-0490-1,951071107315000,951071107315000,CANT-270300-PUDR,[Fbs] Статус неизвестен,Покупатель отменил заказ,2026-04-22 16:18:59,,"1,00","17 265,00",Нет,,,,
2026-04-22 17:06:33,0238593748-0039-1,,951072370285000,ADR-265700L(Shamp),[Fbs] Статус неизвестен,Покупатель отказался при вручении: товар не подошел,2026-04-22 16:25:52,,"1,00","5 766,00",Да,,,,
2026-04-22 17:06:33,0238593748-0039-1,,951072370285000,ADR-265700(Shamp),[Fbs] Статус неизвестен,Покупатель отказался при вручении: товар не подошел,2026-04-22 16:25:52,,"1,00","4 922,00",Да,,,,
2026-04-22 17:06:33,0205578739-0180-1,ii11844964807,351056270833000,ADR-280300V(Milk),[Fbs] Статус неизвестен,Покупатель передумал,2026-04-22 16:57:54,,"1,00","3 061,00",Да,,,,
2026-04-22 17:06:33,21415704-0709-2,301583721279000,301583721279000,CANT-220250-MILK,[Fbs] Статус неизвестен,Покупатель отказался при вручении: товар не подошел,2026-04-22 17:05:25,,"1,00","15 562,00",Нет,,,,
2026-04-22 18:06:46,34444860-0260-1,ii15859813031,901561748913000,CANT-265300-OLIV,[Fbs] Статус неизвестен,Покупатель отказался при вручении: товар не подошел,2026-04-22 17:18:21,,"1,00","18 139,00",Нет,,,,
2026-04-22 18:06:46,31591418-0115-2,ii11836534769,851072861535000,ADR-150250,[Fbs] Статус неизвестен,Покупатель передумал,2026-04-22 17:48:24,,"1,00","1 980,00",Да,,,,
2026-04-22 18:06:46,38646727-0663-1,,401570664104000,CANT-270200-OLIV,[Fbs] Статус неизвестен,Покупатель передумал,2026-04-22 17:51:40,,"1,00","12 721,00",Да,,,,
2026-04-22 19:06:33,49743532-0218-1,901584404405000,901584404405000,CANT-265200-MILK,[Fbs] Статус неизвестен,Покупатель отказался при вручении: товар не подошел,2026-04-22 18:57:06,,"1,00","11 433,00",Нет,,,,
2026-04-22 19:06:33,67428303-0120-1,201808605053000,201808605053000,CANT-245150-LAT,[Fbs] Статус неизвестен,Покупатель отказался при вручении: товар не подошел,2026-04-22 18:59:08,,"1,00","7 935,00",Нет,,,,
2026-04-22 20:06:33,45153960-0229-3,401550417220000,401550417220000,CASA-280300-PUDR,[Fbs] Статус неизвестен,Покупатель отказался при вручении: товар не подошел,2026-04-22 19:39:25,,"1,00","15 021,00",Нет,,,,
2026-04-22 20:06:33,45153960-0229-1,901554712792000,901554712792000,CASA-280300-OLIV,[Fbs] Статус неизвестен,Покупатель отказался при вручении: товар не подошел,2026-04-22 19:39:25,,"1,00","15 021,00",Нет,,,,
2026-04-22 21:06:33,09351599-1036-1,,851047083892000,ADR-275150,[Fbs] Статус неизвестен,Покупатель передумал,2026-04-22 20:28:34,,"1,00","1 813,00",Да,,,,
2026-04-22 21:06:33,64610225-0429-2,251065611790000,251065611790000,ADR-250250(Shamp),[Fbs] Статус неизвестен,Покупатель отменил заказ,2026-04-22 21:01:34,,"1,00","2 187,00",Нет,,,,
2026-04-23 6:06:34,33415269-0356-1,ii15883176785,551062102298000,ADR-240200LR(Milk),[Fbs] Статус неизвестен,Покупатель передумал,2026-04-23 5:09:57,,"1,00","2 619,00",Да,,,,
2026-04-23 6:06:34,33415269-0356-1,ii15883176784,551062102298000,ADR-240200LR(Milk),[Fbs] Статус неизвестен,Покупатель передумал,2026-04-23 5:09:57,,"1,00","2 619,00",Да,,,,
2026-04-23 11:06:32,0124748437-0841-1,ii13802717894,501580973009000,CANT-265250-B,[Fbo] Статус неизвестен,Упаковка и товар повреждены,2026-04-23 10:35:09,,"1,00","13 885,00",Да,небольшая грязь у тесьмы,,,
2026-04-23 12:06:32,34273896-0374-1,801589828827000,801589828827000,CANT-260200-BLUE,[Fbs] Статус неизвестен,Покупатель отменил заказ,2026-04-23 11:50:24,,"1,00","12 182,00",Нет,,,,
2026-04-23 13:06:33,12250687-0408-7,851069480263000,851069480263000,CANT-270300-LGR,[Fbs] Статус неизвестен,Покупатель отказался при вручении: товар не подошел,2026-04-23 12:48:44,,"1,00","17 265,00",Нет,,,,
2026-04-23 13:06:33,12250687-0408-5,851069480261000,851069480261000,CANT-270300-GR,[Fbs] Статус неизвестен,Покупатель отказался при вручении: товар не подошел,2026-04-23 12:48:44,,"1,00","15 918,00",Нет,,,,
2026-04-23 13:06:33,12250687-0408-3,851069480260000,851069480260000,CANT-270300-WGR,[Fbs] Статус неизвестен,Покупатель отказался при вручении: товар не подошел,2026-04-23 12:48:45,,"1,00","17 483,00",Нет,,,,
2026-04-23 13:06:33,12250687-0408-1,351071447808000,351071447808000,CANT-270300-PUDR,[Fbs] Статус неизвестен,Покупатель отказался при вручении: товар не подошел,2026-04-23 12:48:45,,"1,00","17 265,00",Нет,,,,
2026-04-23 13:06:33,44347773-0095-1,751073115742000,751073115742000,CANT-265200-PUDR,[Fbs] Статус неизвестен,Покупатель отказался при вручении: товар не подошел,2026-04-23 12:52:50,,"1,00","11 433,00",Нет,,,,
2026-04-23 14:06:34,08581018-0582-2,,351067743569000,ADR-265300(Shamp),[Fbs] Статус неизвестен,Покупатель отказался при вручении: товар не подошел,2026-04-23 14:00:33,,"1,00","2 564,00",Да,,,,
2026-04-23 14:06:34,08581018-0582-2,,351067743569000,ADR-265300(Shamp),[Fbs] Статус неизвестен,Покупатель отказался при вручении: товар не подошел,2026-04-23 14:00:33,,"1,00","2 564,00",Да,,,,
2026-04-23 18:07:03,0127691850-0082-1,501537040507000,501537040507000,ADR-275300(Grey),[Fbs] Статус неизвестен,Покупатель не забрал заказ,2026-04-23 18:00:13,,"1,00","2 609,00",Нет,,,,
2026-04-23 19:06:34,33818957-0297-2,ii11853481149,901578390098000,CANT-220200-B,[Fbs] Статус неизвестен,Покупатель получил не те товары,2026-04-23 18:10:54,,"1,00","10 535,00",Да,соответствует описанию,,,
2026-04-23 19:06:34,33818957-0297-2,ii11853481150,901578390098000,CANT-240250-B,[Fbs] Статус неизвестен,Покупатель получил не те товары,2026-04-23 18:10:54,,"1,00","13 885,00",Да,соответствует описанию,,,
2026-04-23 19:06:34,05214060-0111-1,ii11851607926,401582749066000,ADR-275300(Shamp),[Fbs] Статус неизвестен,Покупатель передумал,2026-04-23 18:29:04,,"1,00","2 564,00",Да,,,,
2026-04-23 19:06:34,05214060-0111-1,ii11851607925,401582749066000,ADR-275300(Shamp),[Fbs] Статус неизвестен,Покупатель передумал,2026-04-23 18:29:04,,"1,00","2 564,00",Да,,,,
2026-04-23 19:06:34,13255969-0925-1,ii15858511958,601571694482000,CANT-255150-BLUE,[Fbs] Статус неизвестен,Покупатель передумал,2026-04-23 18:55:35,,"1,00","9 085,00",Да,,,,
2026-04-23 19:06:34,55188487-0495-1,201811910336000,201811910336000,CANT-265300-CAP,[Fbs] Статус неизвестен,Покупатель отменил заказ,2026-04-23 18:58:52,,"1,00","17 265,00",Нет,,,,
2026-04-23 20:06:35,0203729456-0026-1,951059056511000,951059056511000,CANT-240250-OLIV,[Fbs] Статус неизвестен,Покупатель отказался при вручении: товар не подошел,2026-04-23 19:08:44,,"1,00","16 637,00",Нет,,,,
2026-04-23 20:06:35,0145140849-0085-1,,651032590393000,CANT-250150-OLIV,[Fbs] Статус неизвестен,Покупатель передумал,2026-04-23 19:31:27,,"1,00","8 684,00",Да,,,,
2026-04-23 20:06:35,13249764-0019-2,851047137506000,851047137506000,ADR-285600(Shamp),[Fbs] Статус неизвестен,Покупатель отказался при вручении: товар не подошел,2026-04-23 19:33:44,,"1,00","4 024,00",Нет,,,,
2026-04-23 21:06:34,09894561-0349-3,901591418444000,901591418444000,CANT-245250-CAP,[Fbs] Статус неизвестен,Покупатель отказался при вручении: товар не подошел,2026-04-23 20:27:32,,"1,00","15 372,00",Нет,,,,
2026-04-23 21:06:34,09894561-0349-2,401586512947000,401586512947000,CANT-245250-PUDR,[Fbs] Статус неизвестен,Покупатель отказался при вручении: товар не подошел,2026-04-23 20:27:32,,"1,00","11 433,00",Нет,,,,
2026-04-23 22:06:34,37035148-0494-1,801590936654000,801590936654000,CANT-265150-BLUE,[Fbs] Статус неизвестен,Покупатель отменил заказ,2026-04-23 21:21:14,,"1,00","8 684,00",Нет,,,,
2026-04-24 1:06:33,0158952393-0018-1,601556540236000,601556540236000,CANT-270150-BLUE,[Fbs] Статус неизвестен,Покупатель не забрал заказ,2026-04-24 0:10:55,,"1,00","8 652,00",Нет,,,,
2026-04-24 6:06:33,0118140235-0560-1,ii15885196907,751029177376000,CANT-270150-OLIV,[Fbo] Статус неизвестен,Покупатель передумал,2026-04-24 5:37:56,,"1,00","8 652,00",Да,,,,
2026-04-24 13:06:36,0113615397-0185-1,,901588100133000,ADR-275200(Shamp),[Fbs] Статус неизвестен,Покупатель отказался при вручении: в заказе не тот товар,2026-04-24 12:54:57,,"1,00","2 043,00",Да,,,,
2026-04-24 13:06:36,0113615397-0185-1,,901588100133000,ADR-275200(Shamp),[Fbs] Статус неизвестен,Покупатель отказался при вручении: в заказе не тот товар,2026-04-24 12:54:57,,"1,00","2 043,00",Да,,,,
2026-04-24 16:06:34,21001147-0283-1,351072543530000,351072543530000,ADR-300290V(Milk),[Fbs] Статус неизвестен,Покупатель отказался при вручении: товар не подошел,2026-04-24 15:37:28,,"1,00","3 394,00",Нет,,,,
2026-04-24 16:06:34,21001147-0283-1,351072543530000,351072543530000,ADR-300290V(Milk),[Fbs] Статус неизвестен,Покупатель отказался при вручении: товар не подошел,2026-04-24 15:37:28,,"1,00","3 394,00",Нет,,,,
2026-04-24 17:06:33,0113615397-0202-1,451082804802000,451082804802000,ADR-275300(Shamp),[Fbs] Статус неизвестен,Покупатель отменил заказ,2026-04-24 15:18:58,,"1,00","2 564,00",Нет,,,,
2026-04-24 17:06:33,0113615397-0202-1,451082804802000,451082804802000,ADR-275300(Shamp),[Fbs] Статус неизвестен,Покупатель отменил заказ,2026-04-24 15:18:58,,"1,00","2 564,00",Нет,,,,
2026-04-24 17:06:33,46759466-0381-11,ii11827472121,551037565243000,CANT-250250-OLIV,[Fbs] Статус неизвестен,Покупатель передумал,2026-04-24 16:46:58,,"1,00","15 844,00",Да,,,,
2026-04-24 18:06:33,83946411-0074-1,ii15843139396,401575255719000,CANT-230200-MILK,[Fbs] Статус неизвестен,Покупатель отказался при вручении: товар не подошел,2026-04-24 17:48:47,,"1,00","12 558,00",Да,,,,
2026-04-24 19:06:33,78311534-0887-1,551065677394000,551065677394000,ADR-250400LR(Grey),[Fbs] Статус неизвестен,Покупатель отказался при вручении: товар не подошел,2026-04-24 18:13:44,,"1,00","4 188,00",Нет,,,,
2026-04-24 19:06:33,78311534-0887-1,551065677394000,551065677394000,ADR-250400LR(Grey),[Fbs] Статус неизвестен,Покупатель отказался при вручении: товар не подошел,2026-04-24 18:13:44,,"1,00","4 188,00",Нет,,,,
2026-04-24 19:06:33,0175123891-0250-3,ii15749748213,551049820401000,CANT-270150-OLIV,[Fbo] Статус неизвестен,Покупатель передумал,2026-04-24 18:18:12,,"1,00","8 684,00",Да,,,,
2026-04-24 20:06:33,63507222-0395-1,ii11819486305,751071829504000,ADR-260250LR,[Fbs] Статус неизвестен,Покупатель передумал,2026-04-24 19:54:39,,"1,00","3 068,00",Да,,,,
2026-04-24 20:06:33,18268309-0119-4,901588205028000,901588205028000,CANT-260300-PUDR,[Fbs] Статус неизвестен,Покупатель отказался при вручении: товар не подошел,2026-04-24 20:03:18,,"1,00","17 265,00",Нет,,,,
2026-04-24 20:06:33,96525088-0173-1,901596274866000,901596274866000,CANT-250150-OLIV,[Fbs] Статус неизвестен,Покупатель отменил заказ,2026-04-24 20:06:05,,"1,00","8 684,00",Нет,,,,
2026-04-24 21:06:33,44417985-0557-1,,651068330199000,ADR-255400,[Fbs] Статус неизвестен,Покупатель передумал,2026-04-24 20:32:43,,"1,00","3 412,00",Да,,,,
2026-04-24 21:06:33,09248990-0547-1,551065794377000,551065794377000,CANT-240150-OLIV,[Fbs] Статус неизвестен,Покупатель отказался при вручении: товар не подошел,2026-04-24 20:38:50,,"1,00","8 684,00",Нет,,,,
2026-04-25 0:06:34,50639298-0232-4,851047675809000,851047675809000,CALM-285250-BR,[Fbs] Статус неизвестен,Покупатель не забрал заказ,2026-04-25 0:03:27,,"1,00","9 781,00",Нет,,,,
2026-04-25 5:06:33,0134576384-0260-1,701569616540000,701569616540000,CANT-270300-OLIV,[Fbs] Статус неизвестен,Покупатель отказался при вручении: товар не подошел,2026-04-25 4:28:22,,"1,00","17 265,00",Нет,,,,
2026-04-25 9:06:32,11655744-0245-1,,851071109538000,CANT-260150-OLIV,[Fbs] Статус неизвестен,Покупатель передумал,2026-04-25 8:48:34,,"1,00","8 684,00",Да,,,,
2026-04-25 9:06:32,11655744-0245-1,,851071109538000,CANT-260150-MILK,[Fbs] Статус неизвестен,Покупатель передумал,2026-04-25 8:48:34,,"1,00","8 684,00",Да,,,,
2026-04-25 10:06:32,92088347-0516-3,,401584054965000,CASA-265200-PUDR,[Fbs] Статус неизвестен,Покупатель передумал,2026-04-25 9:59:55,,"1,00","11 206,00",Да,,,,
2026-04-25 13:06:33,37035148-0488-2,ii11840167248,251066784871000,CANT-265150-BLUE,[Fbs] Статус неизвестен,Покупатель передумал,2026-04-25 12:19:42,,"1,00","8 684,00",Да,,,,
2026-04-25 13:06:33,37035148-0488-2,ii11840167249,251066784871000,CANT-265200-BLUE,[Fbs] Статус неизвестен,Покупатель передумал,2026-04-25 12:29:37,,"1,00","11 433,00",Да,,,,
2026-04-25 13:06:33,19991183-0831-2,ii11201225299,851077528098000,CANT-220150-OLIV,[Fbo] Статус неизвестен,Покупатель отказался при вручении: товар не подошел,2026-04-25 12:39:43,,"1,00","9 963,00",Нет,,,,
2026-04-25 13:06:33,39324660-2278-1,451075236611000,451075236611000,CANT-260150-MILK,[Fbs] Статус неизвестен,Покупатель отменил заказ,2026-04-25 13:05:29,,"1,00","8 684,00",Нет,,,,
2026-04-25 13:06:33,39324660-2278-1,451075236611000,451075236611000,CANT-260150-PUDR,[Fbs] Статус неизвестен,Покупатель отменил заказ,2026-04-25 13:05:29,,"1,00","8 684,00",Нет,,,,
2026-04-25 15:06:32,56706815-0098-1,251072134358000,251072134358000,CASA-245200-VEN,[Fbs] Статус неизвестен,Покупатель отказался при вручении: товар не подошел,2026-04-25 14:18:57,,"1,00","10 870,00",Нет,,,,
2026-04-25 17:06:32,35118708-0830-1,,701583197450000,CANT-265250-OLIV,[Fbs] Статус неизвестен,Покупатель передумал,2026-04-25 16:56:19,,"1,00","17 469,00",Да,,,,
2026-04-25 19:06:32,0112874457-1823-1,ii11829247083,201810683384000,ADR-240500V(Grey),[Fbs] Статус неизвестен,Покупатель передумал,2026-04-25 18:06:46,,"1,00","4 965,00",Да,,,,
2026-04-25 19:06:32,81131811-0069-1,ii11802824910,651069965565000,ADR-250450ALL,[Fbs] Статус неизвестен,Покупатель передумал,2026-04-25 18:45:54,,"1,00","3 989,00",Да,,,,
2026-04-25 19:06:32,81131811-0069-1,ii11802824909,651069965565000,ADR-250450ALL,[Fbs] Статус неизвестен,Покупатель передумал,2026-04-25 18:45:54,,"1,00","3 989,00",Да,,,,
2026-04-25 20:06:32,11025138-1038-3,ii15997770026,201809587780000,ADR-285600V(Grey),[Fbs] Статус неизвестен,Покупатель передумал,2026-04-25 19:36:06,,"1,00","5 525,00",Да,,,,
2026-04-25 21:06:33,38646727-0691-1,751075455784000,751075455784000,CANT-270200-MILK,[Fbs] Статус неизвестен,Покупатель отменил заказ: не устроил срок доставки,2026-04-25 20:39:41,,"1,00","11 433,00",Нет,,,,
2026-04-26 10:06:32,0109799973-0241-1,ii15873302301,301571900613000,ADR-280300LR(Grey),[Fbs] Статус неизвестен,Покупатель отказался при вручении: товар не подошел,2026-04-26 9:43:30,,"1,00","3 371,00",Да,,,,
2026-04-26 10:06:32,0109799973-0241-1,ii15873302300,301571900613000,ADR-280300LR(Grey),[Fbs] Статус неизвестен,Покупатель отказался при вручении: товар не подошел,2026-04-26 9:43:30,,"1,00","3 371,00",Да,,,,
2026-04-26 12:06:32,63337105-0099-1,,251059603214000,CANT-240200-MILK,[Fbs] Статус неизвестен,Покупатель передумал,2026-04-26 11:12:45,,"1,00","11 960,00",Да,,,,
2026-04-26 13:06:33,0130640777-0246-1,ii15869549319,851051353594000,ADR-245250(Grey),[Fbs] Статус неизвестен,Покупатель передумал,2026-04-26 12:15:37,,"1,00","2 318,00",Да,,,,
2026-04-26 13:06:33,0130640777-0246-1,ii15869549320,851051353594000,ADR-245250(Grey),[Fbs] Статус неизвестен,Покупатель передумал,2026-04-26 12:15:37,,"1,00","2 318,00",Да,,,,
2026-04-26 13:06:33,64499618-0071-3,251064732128000,251064732128000,CANT-255250-PUDR,[Fbs] Статус неизвестен,Покупатель отказался при вручении: товар не подошел,2026-04-26 12:47:34,,"1,00","11 433,00",Нет,,,,
2026-04-26 14:06:33,37264363-0584-1,801583587637000,801583587637000,STEL-255200CR,[Fbs] Статус неизвестен,Покупатель отказался при вручении: товар не подошел,2026-04-26 13:24:17,,"1,00","11 018,00",Нет,,,,
2026-04-26 14:06:33,03895946-3111-1,401589010842000,401589010842000,CASA-270150-B,[Fbs] Статус неизвестен,Покупатель отказался при вручении: товар не подошел,2026-04-26 13:28:37,,"1,00","7 609,00",Нет,,,,
2026-04-26 14:06:33,0223874584-0098-1,,951066960041000,CANT-255300-OLIV,[Fbs] Статус неизвестен,Покупатель передумал,2026-04-26 14:02:28,,"1,00","16 747,00",Да,,,,
2026-04-26 15:06:33,59024830-0280-1,ii9109926429,251070619322000,CANT-260250-OLIV,[Fbs] Статус неизвестен,Покупатель передумал,2026-04-26 14:42:44,,"1,00","17 469,00",Да,,,,
2026-04-26 16:06:33,27076538-0224-1,801586371186000,801586371186000,CASA-275250-VEN,[Fbs] Статус неизвестен,Покупатель отказался при вручении: товар не подошел,2026-04-26 16:02:40,,"1,00","14 658,00",Нет,,,,
2026-04-26 17:06:32,63886362-0683-1,851052831803000,851052831803000,CANT-250200-OLIV,[Fbs] Статус неизвестен,Покупатель отказался при вручении: товар не подошел,2026-04-26 16:16:35,,"1,00","11 433,00",Нет,,,,
2026-04-26 20:06:32,32676725-0892-1,ii15764349897,301593928024000,CANT-270150-OLIV,[Fbo] Статус неизвестен,Покупатель отказался при вручении: товар не подошел,2026-04-26 19:49:44,,"1,00","8 684,00",Нет,,,,
2026-04-26 21:06:33,79223996-0304-1,601580907279000,601580907279000,CALM-265200-LAT,[Fbs] Статус неизвестен,Покупатель отказался при вручении: товар не подошел,2026-04-26 20:40:09,,"1,00","8 727,00",Нет,,,,
2026-04-26 21:06:33,79223996-0305-2,ii15989913126,851070246587000,CALM-265200-MLK,[Fbs] Статус неизвестен,Покупатель передумал,2026-04-26 20:50:00,,"1,00","9 185,00",Да,,,,
2026-04-26 22:06:32,34712301-0506-1,601562291224000,601562291224000,ADR-140350,[Fbs] Статус неизвестен,Покупатель отменил заказ,2026-04-26 21:58:29,,"1,00","2 085,00",Нет,,,,
2026-04-27 9:06:33,03002711-1310-1,701597855704000,701597855704000,ADR-210300V(Grey),[Fbs] Статус неизвестен,Покупатель отменил заказ,2026-04-27 8:55:51,,"1,00","3 377,00",Нет,,,,
2026-04-27 9:06:33,03002711-1310-1,701597855704000,701597855704000,ADR-210300V(Grey),[Fbs] Статус неизвестен,Покупатель отменил заказ,2026-04-27 8:55:51,,"1,00","3 377,00",Нет,,,,
2026-04-27 15:06:32,55101139-0105-2,ii15764350241,401585423766000,CANT-270150-OLIV,[Fbo] Статус неизвестен,Покупатель отказался при вручении: товар не подошел,2026-04-27 14:50:00,,"1,00","8 684,00",Нет,,,,
2026-04-27 15:06:32,0129104690-0289-1,851072987263000,851072987263000,FEST-270250-PUDR,[Fbs] Статус неизвестен,Покупатель отказался при вручении: товар не подошел,2026-04-27 15:01:02,,"1,00","13 032,00",Нет,,,,
2026-04-27 16:06:41,06102704-1217-1,ii11812598387,701561068147000,CALM-285150-GR,[Fbs] Статус неизвестен,Покупатель передумал,2026-04-27 15:15:39,,"1,00","6 182,00",Да,,,,
2026-04-27 16:06:41,36612804-0056-1,651070887384000,651070887384000,CANT-265150-OLIV,[Fbs] Статус неизвестен,Покупатель отказался при вручении: товар не подошел,2026-04-27 15:39:45,,"1,00","9 963,00",Нет,,,,
2026-04-27 16:06:41,34552929-0405-2,951067826080000,951067826080000,CANT-270200-PUDR,[Fbs] Статус неизвестен,Покупатель отменил заказ,2026-04-27 16:01:35,,"1,00","10 935,00",Нет,,,,
2026-04-27 18:06:35,35327719-0182-3,501592610286000,501592610286000,CANT-250150-OLIV,[Fbs] Статус неизвестен,Покупатель отказался при вручении: товар не подошел,2026-04-27 17:26:01,,"1,00","8 684,00",Нет,,,,
2026-04-27 18:06:35,34578915-0854-3,301600214390000,301600214390000,CANT-270250-CREAM,[Fbs] Статус неизвестен,Покупатель отказался при вручении: товар не подошел,2026-04-27 17:57:36,,"1,00","16 378,00",Нет,,,,
2026-04-27 19:06:33,20495838-0228-2,ii9096693009,701590994947000,CASA-275150-OLIV,[Fbs] Статус неизвестен,Покупатель передумал,2026-04-27 18:13:21,,"1,00","8 009,00",Да,,,,
2026-04-27 19:06:33,0174130544-0070-1,851081153565000,851081153565000,ADR-290150(Shamp),[Fbs] Статус неизвестен,Покупатель отказался при вручении: товар не подошел,2026-04-27 18:40:24,,"1,00","1 793,00",Нет,,,,
2026-04-27 19:06:33,17947613-0536-7,651087141164000,651087141164000,CANT-260150-OLIV,[Fbs] Статус неизвестен,Покупатель отменил заказ: нашел дешевле,2026-04-27 18:50:15,,"1,00","8 684,00",Нет,,,,
2026-04-27 21:06:33,30562356-0852-1,201786602143000,201786602143000,CANT-270300-MILK,[Fbs] Статус неизвестен,Покупатель отказался при вручении: товар не подошел,2026-04-27 20:19:50,,"1,00","17 265,00",Нет,,,,
2026-04-27 22:06:33,35986889-0241-1,251042578634000,251042578634000,ADR-250150ALL,[Fbs] Статус неизвестен,Покупатель не забрал заказ,2026-04-27 22:01:14,,"1,00","1 835,00",Нет,,,,
2026-04-27 22:06:33,35986889-0241-1,251042578634000,251042578634000,ADR-250150ALL,[Fbs] Статус неизвестен,Покупатель не забрал заказ,2026-04-27 22:01:14,,"1,00","1 835,00",Нет,,,,
2026-04-27 22:06:33,04422951-0845-4,701587554487000,701587554487000,ADR-280300LR(Grey),[Fbs] Статус неизвестен,Покупатель отказался при вручении: товар не подошел,2026-04-27 22:02:44,,"1,00","3 540,00",Нет,,,,
2026-04-27 22:06:33,04422951-0845-4,701587554487000,701587554487000,ADR-280200LR(Grey),[Fbs] Статус неизвестен,Покупатель отказался при вручении: товар не подошел,2026-04-27 22:02:44,,"1,00","2 663,00",Нет,,,,
2026-04-28 11:06:33,31953875-0156-1,ii15764349899,801594743196000,CANT-270150-OLIV,[Fbo] Статус неизвестен,Покупатель отказался при вручении: товар не подошел,2026-04-28 10:20:06,,"1,00","8 684,00",Нет,,,,
2026-04-28 13:06:33,0145168961-0264-1,,601592258268000,CANT-260150-OLIV,[Fbs] Статус неизвестен,Покупатель передумал,2026-04-28 12:51:41,,"1,00","8 684,00",Да,,,,
2026-04-28 14:06:33,36839048-0135-7,901589623700000,901589623700000,CANT-250250-LAT,[Fbs] Статус неизвестен,Покупатель отказался при вручении: товар не подошел,2026-04-28 13:18:45,,"1,00","15 252,00",Нет,,,,
2026-04-28 14:06:33,36839048-0135-3,301593637003000,301593637003000,CANT-250250-CAP,[Fbs] Статус неизвестен,Покупатель отказался при вручении: товар не подошел,2026-04-28 13:18:45,,"1,00","16 884,00",Нет,,,,
2026-04-28 15:06:34,38077286-0365-1,ii11814393204,201805322397000,ADR-240250(Shamp),[Fbs] Статус неизвестен,Покупатель передумал,2026-04-28 14:20:53,,"1,00","2 302,00",Да,,,,
2026-04-28 15:06:34,38077286-0364-1,ii11814393205,451072117391000,ADR-240250(Shamp),[Fbs] Статус неизвестен,Покупатель передумал,2026-04-28 14:20:53,,"1,00","2 302,00",Да,,,,
2026-04-28 16:06:35,67124998-0107-1,ii11847571725,951075776115000,CANT-255250-OLIV,[Fbs] Статус неизвестен,Покупатель передумал,2026-04-28 15:22:05,,"1,00","16 986,00",Да,,,,
2026-04-28 17:06:33,0146716834-0417-1,ii11857236528,651073146517000,ADR-280450LR(Grey),[Fbs] Статус неизвестен,Покупатель отказался при вручении: товар не подошел,2026-04-28 16:26:07,,"1,00","4 691,00",Да,,,,
2026-04-28 17:06:33,0146716834-0417-1,ii11857236527,651073146517000,ADR-280450LR(Grey),[Fbs] Статус неизвестен,Покупатель отказался при вручении: товар не подошел,2026-04-28 16:26:07,,"1,00","4 691,00",Да,,,,
2026-04-28 17:06:33,0146716834-0418-1,ii11857236525,201808121238000,ADR-280450V(Grey),[Fbs] Статус неизвестен,Покупатель отказался при вручении: товар не подошел,2026-04-28 16:26:07,,"1,00","4 837,00",Да,,,,
2026-04-28 17:06:33,0146716834-0418-1,ii11857236526,201808121238000,ADR-280450V(Grey),[Fbs] Статус неизвестен,Покупатель отказался при вручении: товар не подошел,2026-04-28 16:26:07,,"1,00","4 837,00",Да,,,,
2026-04-28 17:06:33,51172201-1778-1,,901592421180000,ADR-255350(Shamp),[Fbs] Статус неизвестен,Покупатель передумал,2026-04-28 17:00:53,,"1,00","2 807,00",Да,,,,
2026-04-28 19:06:36,15018118-1597-1,,301593570678000,ADR-300290(Grey),[Fbs] Статус неизвестен,Покупатель передумал,2026-04-28 18:43:14,,"1,00","3 285,00",Да,,,,
2026-04-28 20:06:33,40467860-0125-1,ii11838905295,351073141042000,CANT-240200-MILK,[Fbs] Статус неизвестен,Покупатель отказался при вручении: товар не подошел,2026-04-28 19:12:33,,"1,00","12 558,00",Да,,,,
2026-04-28 20:06:33,40467860-0125-3,251064510898000,251064510898000,CANT-245200-MILK,[Fbs] Статус неизвестен,Покупатель отказался при вручении: товар не подошел,2026-04-28 19:12:33,,"1,00","11 433,00",Нет,,,,
2026-04-28 20:06:33,12346653-0281-1,301567117799000,301567117799000,CANT-250200-OLIV,[Fbs] Статус неизвестен,Покупатель отказался при вручении: товар не подошел,2026-04-28 20:04:19,,"1,00","10 959,00",Нет,,,,
2026-04-28 21:06:33,10935190-1013-1,ii15133668721,551072623123000,CANT-220250-OLIV,[Fbs] Статус неизвестен,Покупатель передумал,2026-04-28 20:06:24,,"1,00","17 469,00",Да,,,,
2026-04-28 21:06:33,30943282-0421-2,401593540092000,401593540092000,ADR-260200V,[Fbs] Статус неизвестен,Покупатель отказался при вручении: товар не подошел,2026-04-28 20:12:40,,"1,00","2 205,00",Нет,,,,
2026-04-29 10:06:33,46556617-0767-1,,651082805670000,ADR-210150(Grey),[Fbs] Статус неизвестен,Покупатель передумал,2026-04-29 9:46:37,,"1,00","1 924,00",Да,,,,
2026-04-29 10:06:33,46556617-0767-1,,651082805670000,ADR-210150(Grey),[Fbs] Статус неизвестен,Покупатель передумал,2026-04-29 9:46:37,,"1,00","1 924,00",Да,,,,
2026-04-29 10:06:33,46556617-0767-1,,651082805670000,ADR-210150(Grey),[Fbs] Статус неизвестен,Покупатель передумал,2026-04-29 9:46:37,,"1,00","1 924,00",Да,,,,
2026-04-29 10:06:33,46556617-0767-1,,651082805670000,ADR-210150(Grey),[Fbs] Статус неизвестен,Покупатель передумал,2026-04-29 9:46:37,,"1,00","1 924,00",Да,,,,
2026-04-29 10:06:33,46556617-0767-1,,651082805670000,ADR-210150(Grey),[Fbs] Статус неизвестен,Покупатель передумал,2026-04-29 9:46:37,,"1,00","1 924,00",Да,,,,
2026-04-29 10:06:33,46556617-0767-1,,651082805670000,ADR-210150(Grey),[Fbs] Статус неизвестен,Покупатель передумал,2026-04-29 9:46:37,,"1,00","1 924,00",Да,,,,
2026-04-29 10:06:33,61120669-0215-1,,501595157680000,ADR-245250(Shamp),[Fbs] Статус неизвестен,Покупатель отказался при вручении: товар не подошел,2026-04-29 9:59:30,,"1,00","2 302,00",Да,,,,
2026-04-29 10:06:33,61120669-0215-1,,501595157680000,ADR-245250(Shamp),[Fbs] Статус неизвестен,Покупатель отказался при вручении: товар не подошел,2026-04-29 9:59:30,,"1,00","2 302,00",Да,,,,
2026-04-29 12:06:33,10159339-0524-1,ii15850802370,651059913189000,ADR-290350V(Grey),[Fbs] Статус неизвестен,Покупатель передумал,2026-04-29 11:32:30,,"1,00","3 455,00",Да,,,,
2026-04-29 12:06:33,10159339-0524-1,ii15850802369,651059913189000,ADR-290350V(Grey),[Fbs] Статус неизвестен,Покупатель передумал,2026-04-29 11:32:30,,"1,00","3 455,00",Да,,,,
2026-04-29 15:06:33,43148136-0737-1,,601544775527000,ADR-240350LR(Milk),[Fbs] Статус неизвестен,Покупатель передумал,2026-04-29 14:15:17,,"1,00","3 484,00",Да,,,,
2026-04-29 15:06:33,07931386-0457-1,851081994253000,851081994253000,CANT-250250-SIL,[Fbs] Статус неизвестен,Покупатель отказался при вручении: товар не подошел,2026-04-29 14:33:46,,"1,00","14 795,00",Нет,,,,
2026-04-29 15:06:33,07931386-0457-3,251075939994000,251075939994000,CANT-250250-MILK,[Fbs] Статус неизвестен,Покупатель отказался при вручении: товар не подошел,2026-04-29 14:33:46,,"1,00","16 378,00",Нет,,,,
2026-04-29 16:06:33,0112299372-0125-1,951085128057000,951085128057000,ADR-280350(Shamp),[Fbs] Статус неизвестен,Покупатель отменил заказ,2026-04-29 15:33:57,,"1,00","2 807,00",Нет,,,,
2026-04-29 16:06:33,0112299372-0125-1,951085128057000,951085128057000,ADR-280350(Shamp),[Fbs] Статус неизвестен,Покупатель отменил заказ,2026-04-29 15:33:57,,"1,00","2 807,00",Нет,,,,
2026-04-29 16:06:33,0148501706-0111-1,751083152160000,751083152160000,CASA-230300-B,[Fbs] Статус неизвестен,Покупатель отказался при вручении: товар не подошел,2026-04-29 15:42:46,,"1,00","16 066,00",Нет,,,,
2026-04-29 16:06:33,43863521-0273-1,801596456033000,801596456033000,CALM-265300-MLK,[Fbs] Статус неизвестен,Покупатель отказался при вручении: товар не подошел,2026-04-29 15:52:09,,"1,00","12 633,00",Нет,,,,
2026-04-29 17:06:34,59519522-0778-1,ii15881815238,551084427963000,ADR-265150LR(Grey),[Fbs] Статус неизвестен,Покупатель отказался при вручении: товар не подошел,2026-04-29 16:24:18,,"1,00","2 264,00",Да,,,,
2026-04-29 17:06:34,37510674-0617-1,251074569964000,251074569964000,ADR-255400(Shamp),[Fbs] Статус неизвестен,Покупатель отказался при вручении: товар не подошел,2026-04-29 16:42:34,,"1,00","3 189,00",Нет,,,,
2026-04-29 19:06:33,34578915-0854-1,ii15992286529,451082579158000,CANT-270200-MILK,[Fbs] Статус неизвестен,Покупатель передумал,2026-04-29 18:14:59,,"1,00","11 433,00",Да,,,,
2026-04-29 20:06:33,0110884562-0538-1,851082525235000,851082525235000,ADR-150300(Shamp),[Fbs] Статус неизвестен,Покупатель отказался при вручении: товар не подошел,2026-04-29 19:29:23,,"1,00","1 953,00",Нет,,,,
2026-04-29 20:06:33,93960064-0024-1,351085128272000,351085128272000,ADR-245600(Shamp),[Fbs] Статус неизвестен,Покупатель отказался при вручении: товар не подошел,2026-04-29 19:31:24,,"1,00","4 236,00",Нет,,,,
2026-04-29 22:06:36,63507222-0414-1,801597826079000,801597826079000,CANT-250200-MILK,[Fbs] Статус неизвестен,Покупатель отказался при вручении: товар не подошел,2026-04-29 21:10:48,,"1,00","11 433,00",Нет,,,,
2026-04-30 13:06:33,76196074-0591-1,,301590921959000,STEL-265300BR,[Fbs] Статус неизвестен,Покупатель передумал,2026-04-30 13:02:44,,"1,00","15 267,00",Да,,,,
2026-04-30 17:06:34,32721276-0559-1,851087398524000,851087398524000,ADR-220250(Shamp),[Fbs] Статус неизвестен,Покупатель отказался при вручении: товар не подошел,2026-04-30 16:18:16,,"1,00","2 302,00",Нет,,,,
2026-04-30 17:06:34,31953875-0157-1,,501596822990000,CANT-260150-OLIV,[Fbs] Статус неизвестен,Покупатель передумал,2026-04-30 17:02:08,,"1,00","8 684,00",Да,,,,
2026-04-30 18:06:39,19194666-0745-2,,951089690045000,ADR-245200(Shamp),[Fbs] Статус неизвестен,Покупатель отказался при вручении: товар не подошел,2026-04-30 17:17:54,,"1,00","2 169,00",Да,,,,
2026-04-30 18:06:39,19194666-0745-2,,951089690045000,ADR-245200(Shamp),[Fbs] Статус неизвестен,Покупатель отказался при вручении: товар не подошел,2026-04-30 17:17:54,,"1,00","2 169,00",Да,,,,
2026-04-30 18:06:39,0119158482-0313-1,451086449677000,451086449677000,ADR-250500LR(Milk),[Fbs] Статус неизвестен,Покупатель отказался при вручении: товар не подошел,2026-04-30 17:23:59,,"1,00","4 963,00",Нет,,,,
2026-04-30 18:06:39,17871285-0012-1,401571804733000,401571804733000,CASA-275250-LGR,[Fbs] Статус неизвестен,Покупатель отказался при вручении: товар не подошел,2026-04-30 17:47:08,,"1,00","13 960,00",Нет,,,,
2026-04-30 18:06:39,69499139-0309-1,351089061430000,351089061430000,CANT-255200-MILK,[Fbs] Статус неизвестен,Покупатель отказался при вручении: товар не подошел,2026-04-30 17:52:58,,"1,00","11 433,00",Нет,,,,
2026-04-30 18:06:39,69499139-0310-1,251080878099000,251080878099000,CASA-255200-B,[Fbs] Статус неизвестен,Покупатель отказался при вручении: товар не подошел,2026-04-30 17:52:58,,"1,00","10 870,00",Нет,,,,
2026-04-30 18:06:39,69499139-0312-1,301604310709000,301604310709000,CANT-255200-MILK,[Fbs] Статус неизвестен,Покупатель отказался при вручении: товар не подошел,2026-04-30 17:52:58,,"1,00","11 433,00",Нет,,,,
2026-04-30 18:06:39,69499139-0311-1,201819674612000,201819674612000,CASA-255200-PUDR,[Fbs] Статус неизвестен,Покупатель отказался при вручении: товар не подошел,2026-04-30 17:52:58,,"1,00","10 552,00",Нет,,,,
2026-04-30 18:06:39,69499139-0308-1,201818330025000,201818330025000,CANT-255200-WGR,[Fbs] Статус неизвестен,Покупатель отказался при вручении: товар не подошел,2026-04-30 17:52:58,,"1,00","11 226,00",Нет,,,,
2026-04-30 19:06:33,05757477-0576-1,851093644502000,851093644502000,CANT-255300-BLUE,[Fbs] Статус неизвестен,Покупатель отменил заказ: нашел дешевле,2026-04-30 18:59:01,,"1,00","18 393,00",Нет,,,,
2026-04-30 20:06:33,27076538-0225-1,751085147805000,751085147805000,CASA-275300-B,[Fbs] Статус неизвестен,Покупатель отказался при вручении: товар не подошел,2026-04-30 19:08:09,,"1,00","16 066,00",Нет,,,,
2026-04-30 21:06:36,63898970-0120-1,ii11803326414,951081393623000,CANT-260200-LGR,[Fbs] Статус неизвестен,Покупатель передумал,2026-04-30 20:17:33,,"1,00","11 433,00",Да,,,,
2026-04-30 21:06:36,63898970-0128-1,ii11803326413,651085704560000,CANT-260250-GR,[Fbs] Статус неизвестен,Покупатель передумал,2026-04-30 20:17:33,,"1,00","13 885,00",Да,,,,
2026-05-01 0:06:34,14149748-0447-11,301575329943000,301575329943000,FEST-250200-BIR,[Fbs] Статус неизвестен,Покупатель не забрал заказ,2026-05-01 0:05:38,,"1,00","10 432,00",Нет,,,,
2026-05-01 0:06:34,14149748-0447-13,301575329944000,301575329944000,FEST-250250-BIR,[Fbs] Статус неизвестен,Покупатель не забрал заказ,2026-05-01 0:05:47,,"1,00","12 411,00",Нет,,,,
2026-05-01 1:06:33,14149748-0447-2,351061428636000,351061428636000,FEST-250250-YEL,[Fbs] Статус неизвестен,Покупатель не забрал заказ,2026-05-01 0:07:08,,"1,00","12 411,00",Нет,,,,
2026-05-01 12:06:32,28189288-1021-1,,301603264711000,CASA-255300-SIL,[Fbs] Статус неизвестен,Покупатель передумал,2026-05-01 11:52:59,,"1,00","16 066,00",Да,,,,
2026-05-01 14:06:33,33797396-0055-1,901601185148000,901601185148000,ADR-275500(Black),[Fbs] Статус неизвестен,Покупатель отказался при вручении: товар не подошел,2026-05-01 13:48:08,,"1,00","3 890,00",Нет,,,,
2026-05-01 17:06:33,41295881-2110-1,ii15764349899,251092898772000,CANT-270150-OLIV,[Fbo] Статус неизвестен,Покупатель отменил заказ,2026-05-01 12:49:28,,"1,00","8 684,00",Нет,,,,
2026-05-01 17:06:33,37580205-0156-2,,701594772109000,CASA-280250-MLK,[Fbs] Статус неизвестен,Покупатель передумал,2026-05-01 16:24:33,,"1,00","14 219,00",Да,,,,
2026-05-01 17:06:33,34273896-0376-1,,901593887483000,CANT-255200-BLUE,[Fbs] Статус неизвестен,Товар не работает / брак,2026-05-01 16:51:24,,"1,00","11 433,00",Да,брак ткани,Макарова,,
2026-05-01 17:06:33,34273896-0378-3,451086827413000,451086827413000,CANT-255200-CAP,[Fbs] Статус неизвестен,Покупатель отказался при вручении: товар не подошел,2026-05-01 17:01:08,,"1,00","11 433,00",Нет,,,,
2026-05-01 17:06:33,34273896-0378-5,201820236106000,201820236106000,CANT-255200-MILK,[Fbs] Статус неизвестен,Покупатель отказался при вручении: товар не подошел,2026-05-01 17:01:08,,"1,00","11 433,00",Нет,,,,
2026-05-01 17:06:33,36183284-0109-1,401591906941000,401591906941000,CALM-255150-BR,[Fbs] Статус неизвестен,Покупатель отказался при вручении: товар не подошел,2026-05-01 17:02:32,,"1,00","6 613,00",Нет,,,,
2026-05-01 21:06:34,39965228-1148-3,251094011204000,251094011204000,CASA-260250-LGR,[Fbs] Статус неизвестен,Покупатель отменил заказ,2026-05-01 20:14:17,,"1,00","14 219,00",Нет,,,,
2026-05-01 21:06:34,39965228-1148-1,201830673090000,201830673090000,CASA-260250-GR,[Fbs] Статус неизвестен,Покупатель отменил заказ,2026-05-01 20:14:18,,"1,00","14 219,00",Нет,,,,
2026-05-01 22:07:30,63507222-0417-1,951094768136000,951094768136000,CANT-255200-MILK,[Fbs] Статус неизвестен,Покупатель отказался при вручении: товар не подошел,2026-05-01 21:26:56,,"1,00","11 433,00",Нет,,,,
2026-05-02 12:06:33,36651690-0050-1,601598480654000,601598480654000,CANT-270250-OLIV,[Fbs] Статус неизвестен,Покупатель отказался при вручении: товар не подошел,2026-05-02 11:36:08,,"1,00","15 372,00",Нет,,,,
2026-05-02 13:06:33,34712301-0554-1,,901601249522000,ADR-140350,[Fbs] Статус неизвестен,Покупатель передумал,2026-05-02 12:21:11,,"1,00","2 231,00",Да,,,,
2026-05-02 16:06:33,70538213-0060-1,451086051037000,451086051037000,FEST-280250-CAP,[Fbs] Статус неизвестен,Покупатель отказался при вручении: товар не подошел,2026-05-02 15:35:32,,"1,00","12 642,00",Нет,,,,
2026-05-02 16:06:33,37061701-0300-1,ii11806538068,751083649248000,CANT-265200-PUDR,[Fbs] Статус неизвестен,Покупатель передумал,2026-05-02 15:57:11,,"1,00","11 433,00",Да,,,,
2026-05-02 16:06:33,37061701-0300-1,,751083649248000,CANT-265200-OLIV,[Fbs] Статус неизвестен,Товар не работает / брак,2026-05-02 15:59:28,,"1,00","11 433,00",Да,косая ткань,,,
2026-05-02 16:06:33,41248381-0130-1,ii15850624305,901600857329000,CANT-265200-OLIV,[Fbs] Статус неизвестен,Покупатель передумал,2026-05-02 16:04:03,,"1,00","11 433,00",Да,,,,
2026-05-02 18:06:33,37449208-0049-3,851087387594000,851087387594000,CANT-250200-LAT,[Fbs] Статус неизвестен,Покупатель отказался при вручении: товар не подошел,2026-05-02 17:50:41,,"1,00","11 226,00",Нет,,,,
2026-05-02 19:06:33,72903375-0441-1,851088222540000,851088222540000,CASA-255150-VEN,[Fbs] Статус неизвестен,Покупатель отменил заказ: нашел дешевле,2026-05-02 18:52:06,,"1,00","8 009,00",Нет,,,,
2026-05-02 19:06:33,45376489-1241-1,,901606268037000,ADR-255600LR(Grey),[Fbs] Статус неизвестен,Покупатель передумал,2026-05-02 18:57:11,,"1,00","5 673,00",Да,,,,
2026-05-02 20:06:32,30134834-1541-1,251097646321000,251097646321000,CALM-285150-LAT,[Fbs] Статус неизвестен,Покупатель отменил заказ: не устроил срок доставки,2026-05-02 19:58:23,,"1,00","6 282,00",Нет,,,,
2026-05-02 21:06:33,43262855-0133-3,701604800455000,701604800455000,CANT-255300-LGR,[Fbs] Статус неизвестен,Покупатель отказался при вручении: товар не подошел,2026-05-02 20:14:39,,"1,00","18 393,00",Нет,,,,
2026-05-02 23:06:32,59805992-0127-1,451101533496000,451101533496000,CASA-265200-OLIV,[Fbs] Статус неизвестен,Покупатель отменил заказ,2026-05-02 22:38:00,,"1,00","10 870,00",Нет,,,,
2026-05-02 23:06:32,0126056148-0042-9,301576951076000,301576951076000,CANT-270200-OLIV,[Fbs] Статус неизвестен,Покупатель не забрал заказ,2026-05-02 23:01:17,,"1,00","12 721,00",Нет,,,,
2026-05-03 0:06:34,31610633-0831-1,201831898949000,201831898949000,CANT-250200-BLUE,[Fbs] Статус неизвестен,Покупатель отменил заказ,2026-05-02 23:17:08,,"1,00","11 433,00",Нет,,,,
2026-05-03 3:06:33,86545188-0522-1,501599870076000,501599870076000,ADR-150700,[Fbs] Статус неизвестен,Покупатель отменил заказ: нашел дешевле,2026-05-03 2:18:06,,"1,00","3 340,00",Нет,,,,
2026-05-03 7:06:33,40153408-1419-1,ii15872214027,401586456606000,CASA-270300-LGR,[Fbs] Статус неизвестен,Покупатель передумал,2026-05-03 6:43:30,,"1,00","15 650,00",Да,,,,
2026-05-03 7:06:33,40153408-1419-3,ii15872214026,301595365456000,CASA-270250-LGR,[Fbs] Статус неизвестен,Покупатель передумал,2026-05-03 6:43:30,,"1,00","14 137,00",Да,,,,
2026-05-03 11:06:32,46115076-0080-1,ii11812613847,751092656914000,CANT-250150-PUDR,[Fbs] Статус неизвестен,Покупатель передумал,2026-05-03 10:50:02,,"1,00","8 792,00",Да,,,,
2026-05-03 11:06:32,46115076-0082-1,ii11812613848,451095120327000,CANT-250150-WGR,[Fbs] Статус неизвестен,Покупатель передумал,2026-05-03 10:50:02,,"1,00","8 456,00",Да,,,,
2026-05-03 12:06:33,68859379-0334-1,ii11859957802,801599816995000,CANT-265200-PUDR,[Fbs] Статус неизвестен,Покупатель отказался при вручении: товар не подошел,2026-05-03 11:23:47,,"1,00","11 433,00",Нет,,,,
2026-05-03 12:06:33,17022457-1134-1,801595272554000,801595272554000,CANT-265150-OLIV,[Fbs] Статус неизвестен,Покупатель отказался при вручении: товар не подошел,2026-05-03 11:57:50,,"1,00","9 665,00",Нет,,,,
2026-05-03 13:06:32,47499785-0590-2,701601023752000,701601023752000,CASA-305250-CAP,[Fbs] Статус неизвестен,Покупатель отказался при вручении: товар не подошел,2026-05-03 12:45:47,,"1,00","15 525,00",Нет,,,,
2026-05-03 14:06:32,49347417-0443-1,651077644686000,651077644686000,ADR-300290V,[Fbs] Статус неизвестен,Покупатель отказался при вручении: товар не подошел,2026-05-03 14:01:04,,"1,00","2 946,00",Нет,,,,
2026-05-03 15:06:33,0110737286-0136-1,201817198980000,201817198980000,CASA-270300-OLIV,[Fbs] Статус неизвестен,Покупатель отменил заказ,2026-05-03 14:15:02,,"1,00","16 066,00",Нет,,,,
2026-05-03 15:06:33,30134834-1482-1,ii11817966372,301581636343000,CALM-285150-MLK,[Fbs] Статус неизвестен,Покупатель передумал,2026-05-03 14:58:27,,"1,00","6 168,00",Да,,,,
2026-05-03 16:06:33,62474521-0077-2,951095432156000,951095432156000,CANT-260150-LGR,[Fbs] Статус неизвестен,Покупатель отказался при вручении: товар не подошел,2026-05-03 15:51:24,,"1,00","9 254,00",Нет,,,,
2026-05-03 16:06:33,44582971-0411-1,,501605152670000,CANT-260250-OLIV,[Fbs] Статус неизвестен,Покупатель передумал,2026-05-03 16:03:59,,"1,00","16 945,00",Да,,,,
2026-05-03 17:06:33,0164612039-0697-1,351093844259000,351093844259000,CANT-260250-PUDR,[Fbs] Статус неизвестен,Покупатель отменил заказ: нашел дешевле,2026-05-03 16:08:49,,"1,00","11 433,00",Нет,,,,
2026-05-03 17:06:33,28897583-0212-2,ii15995558240,251085757738000,ADR-265250V,[Fbs] Статус неизвестен,Покупатель отказался при вручении: товар не подошел,2026-05-03 16:38:39,,"1,00","2 611,00",Да,,,,
2026-05-03 17:06:33,28897583-0212-2,ii15995558241,251085757738000,ADR-265250V,[Fbs] Статус неизвестен,Покупатель отказался при вручении: товар не подошел,2026-05-03 16:38:39,,"1,00","2 611,00",Да,,,,
2026-05-03 17:06:33,32757454-0752-1,601606620542000,601606620542000,CASA-295250-CAP,[Fbs] Статус неизвестен,Покупатель отменил заказ,2026-05-03 16:46:21,,"1,00","14 655,00",Нет,,,,
2026-05-03 18:06:33,15197916-0217-1,201818342465000,201818342465000,CASA-250250-OLIV,[Fbs] Статус неизвестен,Покупатель отказался при вручении: товар не подошел,2026-05-03 17:34:28,,"1,00","14 219,00",Нет,,,,
2026-05-03 18:06:33,58609097-0107-5,ii11420833713,801574496881000,CANT-240300-MILK,[Fbs] Статус неизвестен,Покупатель передумал,2026-05-03 17:50:51,,"1,00","17 265,00",Да,,,,
2026-05-03 18:06:33,34581391-0113-1,951099237099000,951099237099000,CANT-270300-OLIV,[Fbs] Статус неизвестен,Покупатель отказался при вручении: товар не подошел,2026-05-03 17:56:41,,"1,00","16 403,00",Нет,,,,
2026-05-03 19:06:33,0151343026-0208-2,751093882767000,751093882767000,ADR-245400L(Shamp),[Fbs] Статус неизвестен,Покупатель отказался при вручении: товар не подошел,2026-05-03 18:34:37,,"1,00","3 413,00",Нет,,,,
2026-05-03 19:06:33,0151343026-0208-1,ii9602966551,751093882765000,ADR-245400L(Shamp),[Fbo] Статус неизвестен,Покупатель отказался при вручении: товар не подошел,2026-05-03 18:34:37,,"1,00","3 413,00",Нет,,,,
2026-05-03 20:06:33,08395664-0515-1,651087621501000,651087621501000,ADR-285150PR,[Fbs] Статус неизвестен,Покупатель отказался при вручении: товар не подошел,2026-05-03 19:24:30,,"1,00","2 010,00",Нет,,,,
2026-05-03 20:06:33,34222613-0043-1,ii11822658065,851086448314000,CANT-270250-OLIV,[Fbs] Статус неизвестен,Покупатель передумал,2026-05-03 19:59:34,,"1,00","15 372,00",Да,,,,
2026-05-03 21:06:32,07530434-0757-1,,951097228431000,ADR-245200(Shamp),[Fbs] Статус неизвестен,Покупатель отказался при вручении: товар не подошел,2026-05-03 20:41:38,,"1,00","2 169,00",Да,,,,
2026-05-03 21:06:32,07530434-0757-1,,951097228431000,ADR-245200(Shamp),[Fbs] Статус неизвестен,Покупатель отказался при вручении: товар не подошел,2026-05-03 20:41:38,,"1,00","2 169,00",Да,,,,
2026-05-03 21:06:32,92138939-0249-2,751086914112000,751086914112000,ADR-140150(Shamp),[Fbs] Статус неизвестен,Покупатель отказался при вручении: товар не подошел,2026-05-03 20:47:27,,"1,00","1 421,00",Нет,,,,
2026-05-04 0:06:32,39733350-0408-4,201835406453000,201835406453000,CASA-300200-CAP,[Fbs] Статус неизвестен,Покупатель отменил заказ: не устроил срок доставки,2026-05-03 23:22:10,,"1,00","12 338,00",Нет,,,,
2026-05-04 3:06:33,0136411001-0585-1,201817521674000,201817521674000,ADR-140150,[Fbs] Статус неизвестен,Покупатель отказался при вручении: товар не подошел,2026-05-04 2:57:28,,"1,00","1 609,00",Нет,,,,
2026-05-04 3:06:33,0136411001-0584-1,201817527613000,201817527613000,ADR-140150,[Fbs] Статус неизвестен,Покупатель отказался при вручении: товар не подошел,2026-05-04 2:57:28,,"1,00","1 609,00",Нет,,,,
2026-05-04 11:06:34,91435450-0174-1,851096739529000,851096739529000,ADR-230250V(Milk),[Fbs] Статус неизвестен,Покупатель отказался при вручении: товар не подошел,2026-05-04 10:28:11,,"1,00","2 732,00",Нет,,,,
2026-05-04 11:06:34,91435450-0174-1,851096739529000,851096739529000,ADR-230300(Shamp),[Fbs] Статус неизвестен,Покупатель отказался при вручении: товар не подошел,2026-05-04 10:28:11,,"1,00","2 564,00",Нет,,,,
2026-05-04 12:06:33,32757454-0747-2,,701597643983000,CASA-295200-CAP,[Fbs] Статус неизвестен,Покупатель передумал,2026-05-04 11:57:01,,"1,00","12 338,00",Да,,,,
2026-05-04 12:06:33,32757454-0747-2,,701597643983000,CASA-295300-CAP,[Fbs] Статус неизвестен,Покупатель передумал,2026-05-04 11:57:01,,"1,00","17 122,00",Да,,,,
2026-05-04 13:06:32,81367275-0084-3,401599816472000,401599816472000,CANT-270200-MILK,[Fbs] Статус неизвестен,Покупатель отказался при вручении: товар не подошел,2026-05-04 12:21:17,,"1,00","11 433,00",Нет,,,,
2026-05-04 13:06:32,48539025-0631-1,501609465533000,501609465533000,CANT-250200-B,[Fbs] Статус неизвестен,Покупатель отказался при вручении: товар не подошел,2026-05-04 13:05:59,,"1,00","10 666,00",Нет,,,,
2026-05-04 15:06:33,0118729748-0134-1,ii15849422253,651092281828000,CANT-250250-OLIV,[Fbs] Статус неизвестен,Покупатель передумал,2026-05-04 14:39:08,,"1,00","16 945,00",Да,,,,
2026-05-04 18:06:33,19324068-0675-1,,451068530652000,CANT-220150-CAP,[Fbs] Статус неизвестен,Покупатель передумал,2026-05-04 17:16:44,,"1,00","9 540,00",Да,,,,
2026-05-04 18:06:33,19324068-0675-1,,451068530652000,CANT-220150-PUDR,[Fbs] Статус неизвестен,Покупатель передумал,2026-05-04 17:16:44,,"1,00","8 684,00",Да,,,,
2026-05-04 18:06:33,19324068-0686-1,,251087923645000,CANT-220150-WGR,[Fbs] Статус неизвестен,Покупатель передумал,2026-05-04 17:16:44,,"1,00","8 456,00",Да,,,,
2026-05-04 18:06:33,19324068-0686-1,,251087923645000,CANT-230150-LAT,[Fbs] Статус неизвестен,Покупатель передумал,2026-05-04 17:16:44,,"1,00","8 456,00",Да,,,,
2026-05-04 19:06:41,0100172453-0178-1,951103275021000,951103275021000,CANT-245200-BLUE,[Fbs] Статус неизвестен,Покупатель отказался при вручении: товар не подошел,2026-05-04 18:42:13,,"1,00","11 433,00",Нет,,,,
2026-05-04 19:06:41,05812574-1427-2,951093737219000,951093737219000,ADR-280300(Grey),[Fbs] Статус неизвестен,Покупатель отказался при вручении: товар не подошел,2026-05-04 18:56:19,,"1,00","3 164,00",Нет,,,,
2026-05-04 19:06:41,05812574-1427-2,951093737219000,951093737219000,ADR-280300(Grey),[Fbs] Статус неизвестен,Покупатель отказался при вручении: товар не подошел,2026-05-04 18:56:19,,"1,00","3 164,00",Нет,,,,
2026-05-04 20:06:33,60194985-1072-1,,251063109444000,ADR-250150V(Grey),[Fbs] Статус неизвестен,Покупатель передумал,2026-05-04 19:46:38,,"1,00","2 272,00",Да,,,,
2026-05-04 20:06:33,98294060-0734-1,901596579620000,901596579620000,CANT-250200-OLIV,[Fbs] Статус неизвестен,Покупатель отказался при вручении: товар не подошел,2026-05-04 20:05:37,,"1,00","11 433,00",Нет,,,,
2026-05-04 21:06:35,85830523-0017-1,ii16911109863,251099939446000,CANT-270150-OLIV,[Fbo] Статус неизвестен,Покупатель отказался при вручении: товар не подошел,2026-05-04 20:14:45,,"1,00","8 684,00",Нет,,,,
2026-05-05 9:06:34,95159822-0108-1,401599703764000,401599703764000,CANT-250250-SIL,[Fbs] Статус неизвестен,Покупатель отказался при вручении: товар не подошел,2026-05-05 8:25:32,,"1,00","14 795,00",Нет,,,,
2026-05-05 12:06:36,72501309-0232-1,401594639312000,401594639312000,ADR-255400,[Fbs] Статус неизвестен,Покупатель отказался при вручении: товар не подошел,2026-05-05 11:50:46,,"1,00","3 310,00",Нет,,,,
2026-05-05 12:06:36,69067649-0879-1,251085822737000,251085822737000,CALM-265150-LAT,[Fbs] Статус неизвестен,Покупатель отказался при вручении: товар не подошел,2026-05-05 12:04:44,,"1,00","6 283,00",Нет,,,,
2026-05-05 13:06:32,55508950-0646-1,ii11819207658,751087955121000,CANT-240150-OLIV,[Fbs] Статус неизвестен,Покупатель передумал,2026-05-05 12:48:22,,"1,00","8 684,00",Да,,,,
2026-05-05 15:06:36,17562367-1448-1,551104640572000,551104640572000,CANT-260200-OLIV,[Fbs] Статус неизвестен,Покупатель отменил заказ: нашел дешевле,2026-05-05 14:13:56,,"1,00","12 958,00",Нет,,,,
2026-05-05 15:06:36,0206218861-0006-1,,851097174053000,FEST-260200-PUDR,[Fbs] Статус неизвестен,Покупатель передумал,2026-05-05 14:22:33,,"1,00","10 626,00",Да,,,,
2026-05-05 15:06:36,0124269077-0124-3,301610489132000,301610489132000,CASA-280300-CAP,[Fbs] Статус неизвестен,Покупатель отказался при вручении: товар не подошел,2026-05-05 14:24:35,,"1,00","16 417,00",Нет,,,,
2026-05-05 15:06:36,0124269077-0124-2,501606140591000,501606140591000,CASA-280300-VEN,[Fbs] Статус неизвестен,Покупатель отказался при вручении: товар не подошел,2026-05-05 14:24:35,,"1,00","16 066,00",Нет,,,,
2026-05-05 17:06:35,88373831-0301-2,751082720034000,751082720034000,CALM-280250-BLUE,[Fbs] Статус неизвестен,Покупатель отказался при вручении: товар не подошел,2026-05-05 16:28:42,,"1,00","10 462,00",Нет,,,,
2026-05-05 17:06:35,88373831-0301-3,501599021560000,501599021560000,CALM-280250-BLUE,[Fbs] Статус неизвестен,Покупатель отказался при вручении: товар не подошел,2026-05-05 16:28:42,,"1,00","10 462,00",Нет,,,,
2026-05-05 17:06:35,30773243-0112-1,ii15851139870,551065627129000,CANT-250150-OLIV,[Fbs] Статус неизвестен,Покупатель передумал,2026-05-05 16:39:05,,"1,00","8 684,00",Да,,,,
2026-05-05 17:06:35,30773243-0116-1,ii15851139869,851082185189000,ADR-250250V(Grey),[Fbs] Статус неизвестен,Покупатель передумал,2026-05-05 16:39:05,,"1,00","2 960,00",Да,,,,
2026-05-05 17:06:35,30773243-0116-1,ii15851139868,851082185189000,ADR-250250V(Grey),[Fbs] Статус неизвестен,Покупатель передумал,2026-05-05 16:39:05,,"1,00","2 960,00",Да,,,,
2026-05-05 18:06:38,55513454-0258-8,951096694765000,951096694765000,CALM-270300-BR,[Fbs] Статус неизвестен,Покупатель отказался при вручении: товар не подошел,2026-05-05 17:28:30,,"1,00","12 633,00",Нет,,,,
2026-05-05 19:06:35,06518763-0915-2,,351088913951000,CASA-270300-MLK,[Fbs] Статус неизвестен,Покупатель передумал,2026-05-05 18:24:36,,"1,00","16 066,00",Да,прошит салатовый стикер по тесьме,Павлова Н,,
2026-05-05 19:06:35,57994076-0158-4,ii11815112391,351078487515000,ADR-100200L(Shamp),[Fbs] Статус неизвестен,Покупатель передумал,2026-05-05 18:52:18,,"1,00","1 752,00",Да,,,,
2026-05-05 20:06:37,68219217-0111-1,501617150858000,501617150858000,CANT-270250-MILK,[Fbs] Статус неизвестен,Покупатель отказался при вручении: товар не подошел,2026-05-05 19:12:20,,"1,00","16 378,00",Нет,,,,
2026-05-05 20:06:37,79110038-0225-1,251095691172000,251095691172000,CANT-255150-MILK,[Fbs] Статус неизвестен,Покупатель отказался при вручении: товар не подошел,2026-05-05 19:18:10,,"1,00","8 684,00",Нет,,,,
2026-05-05 20:06:37,60986664-0769-1,ii11809035548,601618175251000,CANT-265150-BLUE,[Fbs] Статус неизвестен,Покупатель передумал,2026-05-05 19:19:40,,"1,00","8 684,00",Да,,,,
2026-05-06 4:06:34,0209561425-0141-1,301602480808000,301602480808000,CALM-255200-GR,[Fbs] Статус неизвестен,Покупатель отказался при вручении: товар не подошел,2026-05-06 3:14:08,,"1,00","8 910,00",Нет,,,,
2026-05-06 10:06:36,22046441-0566-3,351093200389000,351093200389000,CANT-270250-OLIV,[Fbs] Статус неизвестен,Покупатель отказался при вручении: товар не подошел,2026-05-06 9:51:18,,"1,00","15 372,00",Нет,,,,
2026-05-06 12:06:36,44466838-1275-1,ii11436780210,901609928288000,CANT-270150-OLIV,[Fbo] Статус неизвестен,Покупатель передумал,2026-05-06 11:14:36,,"1,00","8 684,00",Да,,,,
2026-05-06 12:06:36,45746564-0649-1,251063859376000,251063859376000,CANT-265250-PUDR,[Fbs] Статус неизвестен,Покупатель отказался при вручении: товар не подошел,2026-05-06 11:55:41,,"1,00","10 918,00",Нет,,,,
2026-05-06 14:06:35,0110737286-0135-1,ii11840575463,501591592355000,CASA-275300-OLIV,[Fbs] Статус неизвестен,Покупатель передумал,2026-05-06 13:22:14,,"1,00","16 066,00",Да,,,,
2026-05-06 14:06:35,74751203-0602-1,,401588511578000,ADR-265500LR(Grey),[Fbs] Статус неизвестен,Покупатель передумал,2026-05-06 13:48:41,,"1,00","5 041,00",Да,,,,
2026-05-06 16:06:36,49043652-0198-1,ii11843101738,451101944904000,ADR-265150V(Milk),[Fbs] Статус неизвестен,Покупатель передумал,2026-05-06 15:33:27,,"1,00","2 035,00",Да,,,,
2026-05-06 16:06:36,49043652-0198-1,ii11843101739,451101944904000,ADR-265150V(Milk),[Fbs] Статус неизвестен,Покупатель передумал,2026-05-06 15:33:27,,"1,00","2 035,00",Да,,,,
2026-05-06 17:06:37,48182196-0219-1,401611968342000,401611968342000,ADR-140200V(Milk),[Fbs] Статус неизвестен,Покупатель отказался при вручении: товар не подошел,2026-05-06 16:27:17,,"1,00","1 807,00",Нет,,,,
2026-05-06 19:06:35,0144913328-0009-10,ii11436710153,901602272826000,ADR-270500L(Shamp),[Fbs] Статус неизвестен,Покупатель отказался при вручении: товар не подошел,2026-05-06 18:09:53,,"1,00","3 979,00",Да,,,,
2026-05-06 19:06:35,0144913328-0009-10,ii11436710154,901602272826000,ADR-270500L(Shamp),[Fbs] Статус неизвестен,Покупатель отказался при вручении: товар не подошел,2026-05-06 18:09:53,,"1,00","3 979,00",Да,,,,
2026-05-06 19:06:35,49128041-1940-5,601605773603000,601605773603000,CALM-250200-BLUE,[Fbs] Статус неизвестен,Покупатель отказался при вручении: товар не подошел,2026-05-06 18:14:58,,"1,00","8 910,00",Нет,,,,
2026-05-06 19:06:35,33850557-0411-1,,251098065067000,FEST-265150-GR,[Fbs] Статус неизвестен,Покупатель отказался при вручении: товар не подошел,2026-05-06 18:25:53,,"1,00","7 913,00",Да,,,,
2026-05-06 19:06:35,08767690-0370-1,,951085266589000,CANT-230150-OLIV,[Fbs] Статус неизвестен,Покупатель передумал,2026-05-06 19:00:35,,"1,00","9 665,00",Да,,,,
2026-05-06 20:06:35,91008554-0327-2,801598654843000,801598654843000,ADR-310290(Grey),[Fbs] Статус неизвестен,Покупатель отказался при вручении: товар не подошел,2026-05-06 19:44:49,,"1,00","3 216,00",Нет,,,,
2026-05-06 21:06:37,31798847-0378-1,ii17319137102,951107423456000,CANT-270150-OLIV,[Fbo] Статус неизвестен,Покупатель отказался при вручении: товар не подошел,2026-05-06 20:22:43,,"1,00","8 684,00",Нет,,,,
2026-05-06 21:06:37,40703755-0135-1,ii11818939357,651088947880000,ADR-285700V(Milk),[Fbs] Статус неизвестен,Покупатель отказался при вручении: товар не подошел,2026-05-06 20:27:32,,"1,00","6 002,00",Да,,,,
2026-05-06 21:06:37,71374340-0235-1,301615205957000,301615205957000,CANT-260250-OLIV,[Fbs] Статус неизвестен,Покупатель отказался при вручении: товар не подошел,2026-05-06 20:42:02,,"1,00","16 945,00",Нет,,,,
2026-05-06 22:06:34,40331479-0362-2,,701611890313000,ADR-150250V(Milk),[Fbs] Статус неизвестен,Покупатель передумал,2026-05-06 21:39:01,,"1,00","2 047,00",Да,,,,
2026-05-06 22:06:34,40331479-0362-2,,701611890313000,ADR-150250V(Milk),[Fbs] Статус неизвестен,Покупатель передумал,2026-05-06 21:39:01,,"1,00","2 047,00",Да,,,,
2026-05-07 8:06:33,35500117-0352-1,701623375950000,701623375950000,ADR-290300(Black),[Fbs] Статус неизвестен,Покупатель отменил заказ,2026-05-07 7:44:57,,"1,00","2 662,00",Нет,,,,
2026-05-07 8:06:33,35500117-0352-1,701623375950000,701623375950000,ADR-290300(Black),[Fbs] Статус неизвестен,Покупатель отменил заказ,2026-05-07 7:44:57,,"1,00","2 662,00",Нет,,,,
2026-05-07 8:06:33,35500117-0352-1,701623375950000,701623375950000,ADR-290300(Black),[Fbs] Статус неизвестен,Покупатель отменил заказ,2026-05-07 7:44:57,,"1,00","2 662,00",Нет,,,,
2026-05-07 8:06:33,35500117-0352-1,701623375950000,701623375950000,ADR-290300(Black),[Fbs] Статус неизвестен,Покупатель отменил заказ,2026-05-07 7:44:57,,"1,00","2 662,00",Нет,,,,
2026-05-07 9:06:36,37061701-0315-1,851112002209000,851112002209000,CASA-270200-B,[Fbs] Статус неизвестен,Покупатель отменил заказ,2026-05-07 8:49:29,,"1,00","10 870,00",Нет,,,,
2026-05-07 11:06:35,0246138722-0008-43,,701616740690000,CALM-245150-LGR,[Fbs] Статус неизвестен,Покупатель отказался при вручении: товар не подошел,2026-05-07 10:53:59,,"1,00","6 613,00",Да,,,,
2026-05-07 11:06:35,0246138722-0008-43,,701616740690000,CALM-245150-LGR,[Fbs] Статус неизвестен,Покупатель отказался при вручении: товар не подошел,2026-05-07 10:53:59,,"1,00","6 613,00",Да,,,,
2026-05-07 12:06:35,12901890-0567-1,ii11838059811,351108538880000,ADR-305250V,[Fbs] Статус неизвестен,Покупатель отказался при вручении: товар не подошел,2026-05-07 11:13:48,,"1,00","2 915,00",Да,,,,
2026-05-07 12:06:35,12901890-0567-1,ii11838059812,351108538880000,ADR-305250V,[Fbs] Статус неизвестен,Покупатель отказался при вручении: товар не подошел,2026-05-07 11:13:48,,"1,00","2 915,00",Да,,,,
2026-05-07 12:06:35,12901890-0567-1,ii11838059813,351108538880000,ADR-285250V,[Fbs] Статус неизвестен,Покупатель отказался при вручении: товар не подошел,2026-05-07 11:13:48,,"1,00","2 611,00",Да,,,,
2026-05-07 12:06:35,12901890-0567-1,ii11838059814,351108538880000,ADR-285250V,[Fbs] Статус неизвестен,Покупатель отказался при вручении: товар не подошел,2026-05-07 11:13:48,,"1,00","2 611,00",Да,,,,
2026-05-07 13:06:40,0125401963-1093-1,ii15848272357,701601931327000,CASA-265200-VEN,[Fbs] Статус неизвестен,Покупатель передумал,2026-05-07 12:39:12,,"1,00","10 870,00",Да,чужой возврат,,,
2026-05-07 13:06:40,06180271-0443-1,ii15994496120,701614847083000,ADR-260700LR,[Fbs] Статус неизвестен,Покупатель передумал,2026-05-07 12:41:15,,"1,00","6 450,00",Да,,,,
2026-05-07 15:06:37,17713196-1321-1,ii15989022438,951102263515000,CALM-265150-GREEN,[Fbs] Статус неизвестен,Покупатель передумал,2026-05-07 14:46:25,,"1,00","6 613,00",Да,,,,
2026-05-07 18:06:39,65977318-0436-1,451103923656000,451103923656000,CASA-265200-B,[Fbs] Статус неизвестен,Покупатель отказался при вручении: товар не подошел,2026-05-07 17:36:30,,"1,00","10 870,00",Нет,,,,
2026-05-07 18:06:39,0101714190-0254-4,751091912717000,751091912717000,CASA-265300-B,[Fbs] Статус неизвестен,Покупатель отказался при вручении: товар не подошел,2026-05-07 17:48:41,,"1,00","15 650,00",Нет,,,,
2026-05-07 20:06:40,82766971-0128-1,951100544330000,951100544330000,CANT-270200-OLIV,[Fbs] Статус неизвестен,Покупатель отказался при вручении: товар не подошел,2026-05-07 19:08:49,,"1,00","12 958,00",Нет,,,,
2026-05-07 20:06:40,21064105-0724-2,801614718534000,801614718534000,CASA-295250-CAP,[Fbs] Статус неизвестен,Покупатель отказался при вручении: товар не подошел,2026-05-07 19:44:15,,"1,00","14 655,00",Нет,,,,
2026-05-07 20:06:40,44652013-2003-1,,601601812460000,CANT-255150-OLIV,[Fbs] Статус неизвестен,Покупатель передумал,2026-05-07 19:44:31,,"1,00","9 665,00",Да,,,,
2026-05-07 21:06:37,23096180-0474-1,ii11840000279,551107155890000,CANT-245250-CAP,[Fbs] Статус неизвестен,Покупатель передумал,2026-05-07 20:11:58,,"1,00","15 372,00",Да,,,,
2026-05-07 21:06:37,23096180-0469-1,ii11840000280,551098113835000,CANT-245250-LAT,[Fbs] Статус неизвестен,Покупатель передумал,2026-05-07 20:11:58,,"1,00","13 885,00",Да,,,,
2026-05-08 1:06:34,41818247-0346-2,401621694312000,401621694312000,ADR-110150V(Milk),[Fbs] Статус неизвестен,Покупатель отменил заказ,2026-05-08 0:54:51,,"1,00","1 717,00",Нет,,,,
2026-05-08 5:06:33,0144361414-0047-1,401607705249000,401607705249000,ADR-120100(Shamp),[Fbs] Статус неизвестен,Не удалось доставить заказ,2026-05-08 4:15:54,,"1,00","1 277,00",Нет,,,,
2026-05-08 14:06:36,43256918-0255-2,ii11421145428,901603447818000,CANT-230150-B,[Fbs] Статус неизвестен,Покупатель передумал,2026-05-08 13:14:46,,"1,00","8 456,00",Да,,,,
2026-05-08 15:06:35,0101485631-0377-1,,901618185730000,CANT-230200-MILK,[Fbs] Статус неизвестен,Покупатель отказался при вручении: товар не подошел,2026-05-08 14:17:41,,"1,00","12 182,00",Да,,,,
2026-05-08 15:06:35,0101485631-0377-3,751103001467000,751103001467000,CANT-230250-B,[Fbs] Статус неизвестен,Покупатель отказался при вручении: товар не подошел,2026-05-08 14:17:42,,"1,00","14 795,00",Нет,,,,
2026-05-08 16:06:36,49948957-0509-1,701626999254000,701626999254000,ADR-220250L(Grey),[Fbs] Статус неизвестен,Покупатель отменил заказ: не устроил срок доставки,2026-05-08 15:20:04,,"1,00","2 687,00",Нет,,,,
2026-05-08 17:06:35,04636553-0835-2,ii11839764111,351085201643000,CANT-270200-OLIV,[Fbs] Статус неизвестен,Покупатель передумал,2026-05-08 16:10:18,,"1,00","12 958,00",Да,,,,
2026-05-08 17:06:35,45704953-2406-1,501629584680000,501629584680000,ADR-290100V,[Fbs] Статус неизвестен,Покупатель отменил заказ,2026-05-08 16:14:53,,"1,00","1 643,00",Нет,,,,
2026-05-08 17:06:35,45704953-2406-1,501629584680000,501629584680000,ADR-290100V,[Fbs] Статус неизвестен,Покупатель отменил заказ,2026-05-08 16:14:53,,"1,00","1 643,00",Нет,,,,
2026-05-08 17:06:35,45704953-2406-1,501629584680000,501629584680000,ADR-290100V,[Fbs] Статус неизвестен,Покупатель отменил заказ,2026-05-08 16:14:53,,"1,00","1 643,00",Нет,,,,
2026-05-08 17:06:35,0104145962-0582-1,551097712031000,551097712031000,CANT-270250-MILK,[Fbs] Статус неизвестен,Покупатель отказался при вручении: товар не подошел,2026-05-08 16:34:51,,"1,00","16 378,00",Нет,,,,
2026-05-08 17:06:35,0104145962-0582-5,701609761254000,701609761254000,CANT-270300-PUDR,[Fbs] Статус неизвестен,Покупатель отказался при вручении: товар не подошел,2026-05-08 16:34:51,,"1,00","17 265,00",Нет,,,,
2026-05-08 17:06:35,84883112-0362-1,301613692544000,301613692544000,CANT-265150-CAP,[Fbs] Статус неизвестен,Покупатель отказался при вручении: товар не подошел,2026-05-08 16:48:34,,"1,00","8 684,00",Нет,,,,
2026-05-08 17:06:35,68923740-0313-5,201841570442000,201841570442000,CANT-260250-OLIV,[Fbs] Статус неизвестен,Покупатель отказался при вручении: товар не подошел,2026-05-08 16:53:20,,"1,00","16 463,00",Нет,,,,
2026-05-08 17:06:35,29015239-0663-4,ii11805662191,751087829061000,ADR-210200V,[Fbs] Статус неизвестен,Покупатель получил не те товары,2026-05-08 16:55:08,,"1,00","2 205,00",Да,соответствует цвету,,,
2026-05-08 18:06:35,22046441-0566-1,,351093151484000,CANT-270250-MILK,[Fbs] Статус неизвестен,Покупатель передумал,2026-05-08 17:09:36,,"1,00","16 378,00",Да,,,,
2026-05-08 18:06:35,11240579-0288-4,851107840841000,851107840841000,CANT-270300-SIL,[Fbs] Статус неизвестен,Покупатель отказался при вручении: товар не подошел,2026-05-08 17:47:30,,"1,00","16 959,00",Нет,,,,
2026-05-08 18:06:35,11240579-0288-21,201838670695000,201838670695000,CANT-270300-MILK,[Fbs] Статус неизвестен,Покупатель отказался при вручении: товар не подошел,2026-05-08 17:47:30,,"1,00","17 265,00",Нет,,,,
2026-05-08 18:06:35,11240579-0288-19,201838670687000,201838670687000,CANT-270300-GR,[Fbs] Статус неизвестен,Покупатель отказался при вручении: товар не подошел,2026-05-08 17:47:30,,"1,00","15 918,00",Нет,,,,
2026-05-08 18:06:35,18152865-1547-1,,401610418451000,CANT-265200-OLIV,[Fbs] Статус неизвестен,Покупатель передумал,2026-05-08 17:59:24,,"1,00","11 433,00",Да,,,,
2026-05-08 20:06:38,72518454-0145-1,251105577925000,251105577925000,CASA-250300-OLIV,[Fbs] Статус неизвестен,Покупатель отказался при вручении: товар не подошел,2026-05-08 19:11:30,,"1,00","16 066,00",Нет,,,,
2026-05-08 21:06:35,0129876591-0424-3,ii11818975764,201841318851000,CANT-260150-OLIV,[Fbs] Статус неизвестен,Покупатель отказался при вручении: товар не подошел,2026-05-08 20:28:26,,"1,00","8 684,00",Да,,,,
2026-05-08 21:06:35,0129876591-0424-3,ii11818975765,201841318851000,CANT-260200-OLIV,[Fbs] Статус неизвестен,Покупатель отказался при вручении: товар не подошел,2026-05-08 20:28:26,,"1,00","12 958,00",Да,,,,
2026-05-09 12:06:35,37061701-0307-1,,751096716304000,CANT-265200-OLIV,[Fbs] Статус неизвестен,Покупатель передумал,2026-05-09 12:03:13,,"1,00","11 433,00",Да,,,,
2026-05-09 13:06:32,69303237-0515-1,651096718235000,651096718235000,CANT-265200-MILK,[Fbs] Статус неизвестен,Покупатель отказался при вручении: товар не подошел,2026-05-09 12:21:59,,"1,00","11 433,00",Нет,,,,
2026-05-09 13:06:32,69303237-0514-1,751093119309000,751093119309000,CANT-265200-PUDR,[Fbs] Статус неизвестен,Покупатель отказался при вручении: товар не подошел,2026-05-09 12:22:00,,"1,00","11 433,00",Нет,,,,
2026-05-09 14:06:33,67141063-0038-1,751101716200000,751101716200000,CANT-270250-CAP,[Fbs] Статус неизвестен,Покупатель отказался при вручении: товар не подошел,2026-05-09 13:27:02,,"1,00","16 378,00",Нет,,,,
2026-05-09 14:06:33,87397053-0277-1,451104641837000,451104641837000,FEST-260300-PUDR,[Fbs] Статус неизвестен,Покупатель отказался при вручении: товар не подошел,2026-05-09 13:29:19,,"1,00","16 132,00",Нет,,,,
2026-05-09 15:06:33,17212747-0433-1,ii11839996576,651101016515000,CANT-240200-BLUE,[Fbs] Статус неизвестен,Покупатель передумал,2026-05-09 14:15:10,,"1,00","11 433,00",Да,,,,
2026-05-09 17:06:35,0103413939-0360-1,351115375646000,351115375646000,CANT-260200-CAP,[Fbs] Статус неизвестен,Покупатель отказался при вручении: товар не подошел,2026-05-09 16:13:39,,"1,00","11 433,00",Нет,,,,
2026-05-09 19:06:34,08370609-0416-1,651079604672000,651079604672000,CALM-250200-LAT,[Fbs] Статус неизвестен,Покупатель отказался при вручении: товар не подошел,2026-05-09 18:33:28,,"1,00","8 910,00",Нет,,,,
2026-05-09 19:06:34,95152412-0064-1,451102023650000,451102023650000,CANT-255150-LGR,[Fbs] Статус неизвестен,Покупатель отказался при вручении: товар не подошел,2026-05-09 18:47:45,,"1,00","9 254,00",Нет,,,,
2026-05-09 20:06:32,13691976-0574-1,ii7101402391,701613042672000,CANT-265200-OLIV,[Fbs] Статус неизвестен,Покупатель передумал,2026-05-09 19:34:04,,"1,00","11 433,00",Да,,,,
2026-05-09 22:06:35,64377111-0398-1,501629297133000,501629297133000,ADR-150250(Shamp),[Fbs] Статус неизвестен,Покупатель отменил заказ: нашел дешевле,2026-05-09 21:57:04,,"1,00","1 738,00",Нет,,,,
2026-05-10 10:06:34,97925286-0507-1,ii15984233652,701602709686000,CANT-270300-OLIV,[Fbs] Статус неизвестен,Покупатель передумал,2026-05-10 9:17:56,,"1,00","17 265,00",Да,,,,
2026-05-10 12:06:32,74084912-0612-3,#70#0019444551,451113494172000,CASA-255150-MLK,[Fbs] Статус неизвестен,Покупатель передумал,2026-05-10 11:10:37,,"1,00","8 009,00",Да,,,,
2026-05-10 12:06:32,74084912-0612-1,#70#0019444550,351117322279000,CASA-255150-B,[Fbs] Статус неизвестен,Покупатель передумал,2026-05-10 11:10:37,,"1,00","8 009,00",Да,,,,
2026-05-10 14:06:32,18396258-1001-1,ii15998830321,751109607209000,CANT-260300-OLIV,[Fbs] Статус неизвестен,Покупатель отказался при вручении: товар не подошел,2026-05-10 13:51:44,,"1,00","19 400,00",Нет,,,,
2026-05-10 14:06:32,0181375700-0124-1,451109606178000,451109606178000,CANT-270300-PUDR,[Fbs] Статус неизвестен,Покупатель отказался при вручении: товар не подошел,2026-05-10 13:56:47,,"1,00","17 265,00",Нет,,,,
2026-05-10 17:06:34,37449208-0050-2,751099689272000,751099689272000,CANT-250200-CAP,[Fbs] Статус неизвестен,Покупатель отказался при вручении: товар не подошел,2026-05-10 16:55:43,,"1,00","11 433,00",Нет,,,,
2026-05-10 18:06:32,22046441-0577-1,601625997590000,601625997590000,CANT-270200-PUDR,[Fbs] Статус неизвестен,Покупатель отказался при вручении: товар не подошел,2026-05-10 17:06:33,,"1,00","11 433,00",Нет,,,,
2026-05-10 18:06:32,0108984522-0636-2,,501623122798000,CANT-260150-OLIV,[Fbs] Статус неизвестен,Покупатель передумал,2026-05-10 17:57:41,,"1,00","8 684,00",Да,,,,
2026-05-10 19:06:33,12921697-0747-3,451118747368000,451118747368000,CANT-240250-PUDR,[Fbs] Статус неизвестен,Покупатель отказался при вручении: товар не подошел,2026-05-10 18:46:25,,"1,00","11 433,00",Нет,,,,
2026-05-10 20:06:34,73736886-0517-3,,251098622159000,CANT-260200-MILK,[Fbs] Статус неизвестен,Покупатель передумал,2026-05-10 19:08:30,,"1,00","11 433,00",Да,,,,
2026-05-11 1:06:32,0116924283-0070-1,201812421870000,201812421870000,ADR-290100L(Grey),[Fbs] Статус неизвестен,Покупатель не забрал заказ,2026-05-11 0:06:31,,"1,00","1 570,00",Нет,,,,
2026-05-11 1:06:32,0116924283-0071-1,651077589858000,651077589858000,ADR-290100L(Grey),[Fbs] Статус неизвестен,Покупатель не забрал заказ,2026-05-11 0:07:15,,"1,00","1 570,00",Нет,,,,
2026-05-11 1:06:32,0116924283-0069-1,901592813789000,901592813789000,ADR-290100L(Grey),[Fbs] Статус неизвестен,Покупатель не забрал заказ,2026-05-11 0:08:04,,"1,00","1 493,00",Нет,,,,
2026-05-11 8:06:33,44054864-0304-3,701605925942000,701605925942000,CANT-265300-BLUE,[Fbs] Статус неизвестен,Покупатель отказался при вручении: товар не подошел,2026-05-11 7:54:47,,"1,00","17 265,00",Нет,,,,
2026-05-11 10:06:33,04451041-0347-1,951113215589000,951113215589000,ADR-260700,[Fbs] Статус неизвестен,Покупатель отказался при вручении: товар не подошел,2026-05-11 9:26:26,,"1,00","5 073,00",Нет,,,,
2026-05-11 10:06:33,0187447433-0162-1,,401601052093000,CANT-260200-OLIV,[Fbs] Статус неизвестен,Покупатель отказался при вручении: товар не подошел,2026-05-11 9:57:01,,"1,00","12 958,00",Да,,,,
2026-05-11 10:06:33,0187447433-0162-1,ii11422984373,401601052093000,CANT-265150-OLIV,[Fbs] Статус неизвестен,Покупатель отказался при вручении: товар не подошел,2026-05-11 9:57:01,,"1,00","9 665,00",Да,,,,
2026-05-11 10:06:33,0187447433-0162-3,901605328409000,901605328409000,CANT-260200-OLIV,[Fbs] Статус неизвестен,Покупатель отказался при вручении: товар не подошел,2026-05-11 9:57:02,,"1,00","12 958,00",Нет,,,,
2026-05-11 11:06:33,29392632-0151-4,601633356371000,601633356371000,CANT-255300-OLIV,[Fbs] Статус неизвестен,Покупатель отменил заказ,2026-05-11 10:41:10,,"1,00","17 265,00",Нет,,,,
2026-05-11 11:06:33,40576877-0615-1,ii11804201173,601623615800000,CASA-245300-GR,[Fbs] Статус неизвестен,Покупатель передумал,2026-05-11 10:49:15,,"1,00","16 066,00",Да,,,,
2026-05-11 12:06:38,0205578739-0181-1,ii11809738858,401571171393000,ADR-275300V(Milk),[Fbs] Статус неизвестен,Покупатель передумал,2026-05-11 11:57:14,,"1,00","2 908,00",Да,,,,
2026-05-11 12:06:38,0205578739-0183-1,701597450800000,701597450800000,ADR-275300V(Milk),[Fbs] Статус неизвестен,Покупатель отказался при вручении: товар не подошел,2026-05-11 11:58:31,,"1,00","3 119,00",Нет,,,,
2026-05-11 13:06:35,11000440-0709-1,ii11803664530,501626012927000,CANT-255200-OLIV,[Fbs] Статус неизвестен,Покупатель передумал,2026-05-11 12:08:55,,"1,00","11 433,00",Да,,,,
2026-05-11 13:06:35,11000440-0709-1,ii11803664531,501626012927000,CANT-250200-OLIV,[Fbs] Статус неизвестен,Покупатель передумал,2026-05-11 12:08:55,,"1,00","11 433,00",Да,,,,
2026-05-11 14:06:34,10900444-0404-1,,451111611156000,ADR-320290V(Milk),[Fbs] Статус неизвестен,Покупатель отказался при вручении: товар не подошел,2026-05-11 13:20:44,,"1,00","3 088,00",Да,,,,
2026-05-11 14:06:34,10900444-0404-1,,451111611156000,ADR-320290V,[Fbs] Статус неизвестен,Покупатель отказался при вручении: товар не подошел,2026-05-11 13:20:44,,"1,00","2 946,00",Да,,,,
2026-05-11 14:06:34,28919250-0853-1,551117009772000,551117009772000,CANT-255200-CAP,[Fbs] Статус неизвестен,Покупатель отказался при вручении: товар не подошел,2026-05-11 13:49:49,,"1,00","11 433,00",Нет,,,,
2026-05-11 15:06:37,41513967-0646-1,601631034468000,601631034468000,CANT-240250-MILK,[Fbs] Статус неизвестен,Покупатель отказался при вручении: товар не подошел,2026-05-11 14:37:50,,"1,00","16 378,00",Нет,,,,
2026-05-11 15:06:37,05589283-0868-1,701624512341000,701624512341000,CANT-260250-CAP,[Fbs] Статус неизвестен,Покупатель отказался при вручении: товар не подошел,2026-05-11 15:01:37,,"1,00","16 378,00",Нет,,,,
2026-05-11 16:06:36,11026150-0367-1,251115402668000,251115402668000,CANT-265150-CAP,[Fbs] Статус неизвестен,Покупатель отменил заказ: не устроил срок доставки,2026-05-11 15:16:20,,"1,00","8 684,00",Нет,,,,
2026-05-11 16:06:36,11026150-0367-1,251115402668000,251115402668000,CANT-265150-CAP,[Fbs] Статус неизвестен,Покупатель отменил заказ: не устроил срок доставки,2026-05-11 15:16:20,,"1,00","8 684,00",Нет,,,,
2026-05-11 16:06:36,70299663-0585-3,601630243171000,601630243171000,CANT-245150-OLIV,[Fbs] Статус неизвестен,Покупатель отказался при вручении: товар не подошел,2026-05-11 15:16:20,,"1,00","9 665,00",Нет,,,,
2026-05-11 16:06:36,41556175-0700-1,401622207016000,401622207016000,CANT-250200-WGR,[Fbs] Статус неизвестен,Покупатель отказался при вручении: товар не подошел,2026-05-11 15:46:14,,"1,00","11 226,00",Нет,,,,
2026-05-11 17:06:36,0103413939-0363-1,901634034039000,901634034039000,CANT-260250-OLIV,[Fbs] Статус неизвестен,Покупатель отменил заказ,2026-05-11 14:21:35,,"1,00","16 945,00",Нет,,,,
2026-05-11 17:06:36,81405509-0214-1,501628146629000,501628146629000,NAV-SHEN-4040-BLUE,[Fbs] Статус неизвестен,Покупатель отменил заказ,2026-05-11 16:31:34,,"1,00","804,00",Нет,,,,
2026-05-11 17:06:36,17212747-0436-3,251113426996000,251113426996000,CANT-240250-LAT,[Fbs] Статус неизвестен,Покупатель отказался при вручении: товар не подошел,2026-05-11 16:33:50,,"1,00","13 404,00",Нет,,,,
2026-05-11 18:06:35,41698561-0132-2,451114817861000,451114817861000,CASA-250150-B,[Fbs] Статус неизвестен,Покупатель отказался при вручении: товар не подошел,2026-05-11 17:20:20,,"1,00","8 009,00",Нет,,,,
2026-05-11 18:06:35,47079464-1229-1,451118873409000,451118873409000,CASA-270200-BLUE,[Fbs] Статус неизвестен,Покупатель отменил заказ,2026-05-11 17:24:54,,"1,00","10 870,00",Нет,,,,
2026-05-11 20:06:38,37140946-0245-1,551117214761000,551117214761000,ADR-285700,[Fbs] Статус неизвестен,Покупатель отказался при вручении: товар не подошел,2026-05-11 19:11:06,,"1,00","6 793,00",Нет,,,,
2026-05-11 20:06:38,15906249-0406-1,351119045031000,351119045031000,ADR-265200PR,[Fbs] Статус неизвестен,Покупатель отказался при вручении: товар не подошел,2026-05-11 19:16:10,,"1,00","2 340,00",Нет,,,,
2026-05-12 0:06:37,36990182-0120-1,301636007419000,301636007419000,CASA-255250-VEN,[Fbs] Статус неизвестен,Покупатель отменил заказ,2026-05-11 23:11:49,,"1,00","14 219,00",Нет,,,,
2026-05-12 11:06:32,17917311-0394-4,551117732783000,551117732783000,CANT-260150-OLIV,[Fbs] Статус неизвестен,Покупатель отказался при вручении: товар не подошел,2026-05-12 10:52:53,,"1,00","8 684,00",Нет,,,,
2026-05-12 15:06:35,29556884-0278-2,701615571616000,701615571616000,ADR-265400LR(Milk),[Fbs] Статус неизвестен,Покупатель отказался при вручении: товар не подошел,2026-05-12 14:28:59,,"1,00","4 005,00",Нет,,,,
2026-05-12 15:06:35,29556884-0278-2,701615571616000,701615571616000,ADR-265400L(Shamp),[Fbs] Статус неизвестен,Покупатель отказался при вручении: товар не подошел,2026-05-12 14:28:59,,"1,00","3 199,00",Нет,,,,
2026-05-12 16:06:35,77491329-0071-1,ii11842027648,401588993028000,CASA-240200-OLIV,[Fbs] Статус неизвестен,Покупатель передумал,2026-05-12 15:29:38,,"1,00","10 870,00",Да,,,,
2026-05-12 18:06:33,70531056-0653-1,801621573383000,801621573383000,ADR-265700LR(Grey),[Fbs] Статус неизвестен,Покупатель отменил заказ: не устроил срок доставки,2026-05-12 17:16:26,,"1,00","6 592,00",Нет,,,,
2026-05-12 18:06:33,70531056-0653-1,801621573383000,801621573383000,ADR-265700(Black),[Fbs] Статус неизвестен,Покупатель отменил заказ: не устроил срок доставки,2026-05-12 17:16:26,,"1,00","5 073,00",Нет,,,,
2026-05-12 18:06:33,06302219-0270-1,ii15994754508,601612826071000,ADR-100200(Shamp),[Fbs] Статус неизвестен,Покупатель получил не те товары,2026-05-12 17:21:30,,"1,00","1 591,00",Да,,,,
2026-05-12 18:06:33,77250100-0428-1,,951115089457000,CASA-260300-B,[Fbs] Статус неизвестен,Покупатель передумал,2026-05-12 17:32:53,,"1,00","16 066,00",Да,,,,
2026-05-12 18:06:33,35452192-0130-1,201854416498000,201854416498000,CANT-245150-MILK,[Fbs] Статус неизвестен,Покупатель отказался при вручении: товар не подошел,2026-05-12 17:45:04,,"1,00","8 684,00",Нет,,,,
2026-05-12 18:06:33,15018118-1653-1,,701626594893000,ADR-295290(Grey),[Fbs] Статус неизвестен,Покупатель передумал,2026-05-12 17:47:04,,"1,00","3 216,00",Да,,,,
2026-05-12 18:06:33,15018118-1653-1,,701626594893000,ADR-295290(Grey),[Fbs] Статус неизвестен,Покупатель передумал,2026-05-12 17:47:04,,"1,00","3 216,00",Да,,,,
2026-05-12 18:06:33,70299663-0585-1,551115989901000,551115989901000,CANT-245250-B,[Fbs] Статус неизвестен,Покупатель отменил заказ,2026-05-12 17:50:07,,"1,00","13 885,00",Нет,,,,
2026-05-12 18:06:33,70299663-0587-1,651122084069000,651122084069000,CANT-245250-B,[Fbs] Статус неизвестен,Покупатель отменил заказ,2026-05-12 17:50:53,,"1,00","13 885,00",Нет,,,,
2026-05-12 19:06:33,04957968-0567-1,551118182997000,551118182997000,CANT-245150-BLUE,[Fbs] Статус неизвестен,Покупатель отказался при вручении: товар не подошел,2026-05-12 18:14:43,,"1,00","9 254,00",Нет,,,,
2026-05-12 20:06:33,34900900-1132-1,551118448651000,551118448651000,ADR-285300V(Grey),[Fbs] Статус неизвестен,Покупатель отказался при вручении: товар не подошел,2026-05-12 19:39:17,,"1,00","3 167,00",Нет,,,,
2026-05-12 20:06:33,47138182-0292-1,651116792724000,651116792724000,ADR-210300(Shamp),[Fbs] Статус неизвестен,Покупатель отказался при вручении: товар не подошел,2026-05-12 19:44:35,,"1,00","2 564,00",Нет,,,,
2026-05-12 20:06:33,47138182-0292-1,651116792724000,651116792724000,ADR-210250L(Shamp),[Fbs] Статус неизвестен,Покупатель отказался при вручении: товар не подошел,2026-05-12 19:44:35,,"1,00","2 554,00",Нет,,,,
2026-05-12 20:06:33,47138182-0292-1,651116792724000,651116792724000,ADR-210250L(Shamp),[Fbs] Статус неизвестен,Покупатель отказался при вручении: товар не подошел,2026-05-12 19:44:35,,"1,00","2 554,00",Нет,,,,
2026-05-12 22:06:33,07530434-0774-2,701634881130000,701634881130000,CANT-245200-LAT,[Fbs] Статус неизвестен,Покупатель отказался при вручении: товар не подошел,2026-05-12 22:01:01,,"1,00","10 535,00",Нет,,,,
2026-05-13 11:06:32,14338547-0703-1,901616739360000,901616739360000,CANT-240150-OLIV,[Fbs] Статус неизвестен,Покупатель отказался при вручении: товар не подошел,2026-05-13 10:31:09,,"1,00","8 684,00",Нет,,,,
2026-05-13 12:06:32,05724645-0416-1,551107053851000,551107053851000,CANT-230150-OLIV,[Fbs] Статус неизвестен,Покупатель отказался при вручении: товар не подошел,2026-05-13 11:47:53,,"1,00","9 199,00",Нет,,,,
2026-05-13 12:06:32,05724645-0415-1,801618552674000,801618552674000,CASA-230150-OLIV,[Fbs] Статус неизвестен,Покупатель отказался при вручении: товар не подошел,2026-05-13 11:47:53,,"1,00","7 609,00",Нет,,,,
2026-05-13 13:06:33,97504661-0051-5,451114587017000,451114587017000,ADR-230200(Shamp),[Fbs] Статус неизвестен,Покупатель отказался при вручении: товар не подошел,2026-05-13 12:58:43,,"1,00","2 043,00",Нет,,,,
2026-05-13 14:06:33,37061701-0316-2,ii15749748237,701622091549000,CASA-265200-GR,[Fbo] Статус неизвестен,Покупатель отменил заказ,2026-05-13 13:29:42,,"1,00","10 552,00",Нет,,,,
2026-05-13 17:06:33,46837302-0604-1,901633214839000,901633214839000,ADR-310200,[Fbs] Статус неизвестен,Покупатель отменил заказ: нашел дешевле,2026-05-13 16:12:21,,"1,00","2 273,00",Нет,,,,
2026-05-13 17:06:33,46837302-0604-1,901633214839000,901633214839000,ADR-310200,[Fbs] Статус неизвестен,Покупатель отменил заказ: нашел дешевле,2026-05-13 16:12:21,,"1,00","2 273,00",Нет,,,,
2026-05-13 17:06:33,0103413939-0360-3,ii16005972598,501625385449000,CANT-260200-OLIV,[Fbs] Статус неизвестен,Покупатель передумал,2026-05-13 16:17:23,,"1,00","12 958,00",Да,,,,
2026-05-13 17:06:33,44355884-0216-1,251109639693000,251109639693000,FEST-260200-BIR,[Fbs] Статус неизвестен,Покупатель отказался при вручении: товар не подошел,2026-05-13 16:23:14,,"1,00","10 626,00",Нет,,,,
2026-05-13 18:06:33,04502338-0298-1,301637662122000,301637662122000,FEST-285250-GR,[Fbs] Статус неизвестен,Покупатель отменил заказ,2026-05-13 17:36:43,,"1,00","12 642,00",Нет,,,,
2026-05-13 19:06:33,44757983-0438-1,ii15840815720,501616939044000,ADR-130250V,[Fbs] Статус неизвестен,Покупатель отказался при вручении: товар не подошел,2026-05-13 18:14:15,,"1,00","2 183,00",Да,,,,
2026-05-13 19:06:33,44757983-0438-1,ii15840815719,501616939044000,ADR-130250V,[Fbs] Статус неизвестен,Покупатель отказался при вручении: товар не подошел,2026-05-13 18:14:15,,"1,00","2 183,00",Да,,,,
2026-05-13 19:06:33,71341503-1079-1,ii11831091862,601627824195000,CANT-265200-OLIV,[Fbs] Статус неизвестен,Покупатель передумал,2026-05-13 18:25:42,,"1,00","11 433,00",Да,,,,
2026-05-13 19:06:33,0124187950-0208-1,ii15851851719,351094472313000,ADR-270600ALL,[Fbs] Статус неизвестен,Покупатель передумал,2026-05-13 18:45:29,,"1,00","5 631,00",Да,,,,
2026-05-13 19:06:33,0124187950-0212-1,701602812873000,701602812873000,ADR-270500ALL,[Fbs] Статус неизвестен,Покупатель отказался при вручении: товар не подошел,2026-05-13 18:48:02,,"1,00","4 709,00",Нет,,,,
2026-05-13 19:06:33,0124187950-0209-1,601604685605000,601604685605000,ADR-270300ALL,[Fbs] Статус неизвестен,Покупатель отказался при вручении: товар не подошел,2026-05-13 18:48:02,,"1,00","2 858,00",Нет,,,,
2026-05-13 19:06:33,0124187950-0210-1,251086716860000,251086716860000,ADR-270200ALL,[Fbs] Статус неизвестен,Покупатель отказался при вручении: товар не подошел,2026-05-13 18:48:02,,"1,00","2 442,00",Нет,,,,
2026-05-13 21:06:33,03143740-1095-1,201857857890000,201857857890000,ADR-275150L(Grey),[Fbs] Статус неизвестен,Покупатель отказался при вручении: товар не подошел,2026-05-13 20:15:32,,"1,00","1 817,00",Нет,,,,
2026-05-13 21:06:33,46365777-0253-2,501633974084000,501633974084000,CASA-265150-BLUE,[Fbs] Статус неизвестен,Покупатель отказался при вручении: товар не подошел,2026-05-13 20:51:39,,"1,00","8 009,00",Нет,,,,
2026-05-13 21:06:33,45754372-0537-1,251118049739000,251118049739000,ADR-265500,[Fbs] Статус неизвестен,Покупатель отказался при вручении: товар не подошел,2026-05-13 21:04:00,,"1,00","3 890,00",Нет,,,,
2026-05-13 21:06:33,45754372-0537-1,251118049739000,251118049739000,CALM-265250-LGR,[Fbs] Статус неизвестен,Покупатель отказался при вручении: товар не подошел,2026-05-13 21:04:00,,"1,00","10 462,00",Нет,,,,
2026-05-13 22:06:34,0120479305-0321-1,701618705162000,701618705162000,CANT-250300-BLUE,[Fbs] Статус неизвестен,Покупатель отказался при вручении: товар не подошел,2026-05-13 21:11:20,,"1,00","18 393,00",Нет,,,,
2026-05-13 22:06:34,03194017-0542-5,651122780343000,651122780343000,ADR-150300,[Fbs] Статус неизвестен,Покупатель отменил заказ,2026-05-13 21:18:10,,"1,00","2 023,00",Нет,,,,
2026-05-13 22:06:34,03194017-0542-5,651122780343000,651122780343000,ADR-150300(Shamp),[Fbs] Статус неизвестен,Покупатель отменил заказ,2026-05-13 21:18:10,,"1,00","1 856,00",Нет,,,,
2026-05-14 9:06:33,61499884-0721-1,251123324638000,251123324638000,CANT-250150-MILK,[Fbs] Статус неизвестен,Покупатель отменил заказ,2026-05-14 8:35:34,,"1,00","8 684,00",Нет,,,,
2026-05-14 9:06:33,61499884-0721-1,251123324638000,251123324638000,CANT-250150-MILK,[Fbs] Статус неизвестен,Покупатель отменил заказ,2026-05-14 8:35:34,,"1,00","8 684,00",Нет,,,,
2026-05-14 9:06:33,61499884-0722-1,851128542314000,851128542314000,CANT-270150-MILK,[Fbs] Статус неизвестен,Покупатель отменил заказ,2026-05-14 8:42:56,,"1,00","9 254,00",Нет,,,,
2026-05-14 9:06:33,61499884-0722-1,851128542314000,851128542314000,CANT-270150-MILK,[Fbs] Статус неизвестен,Покупатель отменил заказ,2026-05-14 8:42:56,,"1,00","9 254,00",Нет,,,,
2026-05-14 9:06:33,97481213-0146-1,301638369386000,301638369386000,ADR-140300(Grey),[Fbs] Статус неизвестен,Покупатель отменил заказ: нашел дешевле,2026-05-14 8:43:26,,"1,00","2 128,00",Нет,,,,
2026-05-14 9:06:33,39716156-0215-1,851091731903000,851091731903000,CANT-240300-PUDR,[Fbs] Статус неизвестен,Покупатель отказался при вручении: товар не подошел,2026-05-14 8:48:45,,"1,00","17 265,00",Нет,,,,
2026-05-14 9:06:33,39716156-0217-1,751088103924000,751088103924000,CANT-240300-LAT,[Fbs] Статус неизвестен,Покупатель отказался при вручении: товар не подошел,2026-05-14 8:48:45,,"1,00","15 918,00",Нет,,,,
2026-05-14 11:06:33,0145682246-0004-3,851120407911000,851120407911000,CANT-260150-MILK,[Fbs] Статус неизвестен,Покупатель отказался при вручении: товар не подошел,2026-05-14 10:40:53,,"1,00","8 684,00",Нет,,,,
2026-05-14 12:06:32,09834659-0319-6,251107224376000,251107224376000,CASA-280200-CAP,[Fbs] Статус неизвестен,Покупатель отказался при вручении: товар не подошел,2026-05-14 11:12:09,,"1,00","11 233,00",Нет,,,,
2026-05-14 12:06:32,02095617-0589-3,501629848911000,501629848911000,CASA-255150-MLK,[Fbs] Статус неизвестен,Не удалось доставить заказ,2026-05-14 11:13:40,,"1,00","8 009,00",Нет,,,,
2026-05-14 17:06:33,46837302-0603-1,ii11816573443,901632879963000,ADR-315200,[Fbs] Статус неизвестен,Покупатель передумал,2026-05-14 16:18:16,,"1,00","2 273,00",Да,,,,
2026-05-14 17:06:33,46837302-0603-1,ii11816573444,901632879963000,ADR-315200,[Fbs] Статус неизвестен,Покупатель передумал,2026-05-14 16:18:16,,"1,00","2 273,00",Да,,,,
2026-05-14 18:06:33,51724526-0236-1,601635430789000,601635430789000,CANT-265250-CAP,[Fbs] Статус неизвестен,Покупатель отказался при вручении: товар не подошел,2026-05-14 17:19:36,,"1,00","15 879,00",Нет,,,,
2026-05-14 18:06:33,31102203-0695-2,401628913740000,401628913740000,CANT-265150-OLIV,[Fbs] Статус неизвестен,Покупатель отказался при вручении: товар не подошел,2026-05-14 17:28:09,,"1,00","9 665,00",Нет,,,,
2026-05-14 18:06:33,0104173406-0293-1,,701590929614000,CANT-260200-OLIV,[Fbs] Статус неизвестен,Покупатель передумал,2026-05-14 17:58:11,,"1,00","12 958,00",Да,,,,
2026-05-14 19:06:35,33112424-1028-1,551111934232000,551111934232000,ADR-260300V(Milk),[Fbs] Статус неизвестен,Покупатель отказался при вручении: товар не подошел,2026-05-14 18:20:20,,"1,00","3 119,00",Нет,,,,
2026-05-14 19:06:35,48871471-0453-1,ii15991282822,651114725583000,ADR-265200LR,[Fbs] Статус неизвестен,Покупатель передумал,2026-05-14 18:23:51,,"1,00","2 651,00",Да,,,,
2026-05-14 19:06:35,48871471-0453-1,ii15991282823,651114725583000,ADR-265150LR,[Fbs] Статус неизвестен,Покупатель передумал,2026-05-14 18:23:51,,"1,00","2 077,00",Да,,,,
2026-05-14 19:06:35,48871471-0455-1,ii15991282826,851120414383000,ADR-260150LR,[Fbs] Статус неизвестен,Покупатель отказался при вручении: товар не подошел,2026-05-14 18:26:09,,"1,00","2 077,00",Да,,,,
2026-05-14 19:06:35,45704953-2412-1,ii11847127462,901629533682000,ADR-290100V,[Fbs] Статус неизвестен,Покупатель передумал,2026-05-14 18:29:25,,"1,00","1 643,00",Да,,,,
2026-05-14 21:06:33,37909894-0126-1,,401612688705000,CASA-265300-VEN,[Fbs] Статус неизвестен,Покупатель передумал,2026-05-14 20:25:03,,"1,00","15 551,00",Да,,,,
2026-05-15 11:06:33,15906249-0411-4,901637574557000,901637574557000,ADR-265200PR,[Fbs] Статус неизвестен,Покупатель отказался при вручении: товар не подошел,2026-05-15 10:32:50,,"1,00","2 340,00",Нет,,,,
2026-05-15 12:06:32,43900819-0450-1,901613478006000,901613478006000,CASA-275200-B,[Fbs] Статус неизвестен,Покупатель отказался при вручении: товар не подошел,2026-05-15 11:12:30,,"1,00","10 870,00",Нет,,,,
2026-05-15 15:06:35,16877557-0195-2,ii11871436146,701628346918000,ADR-265600V,[Fbs] Статус неизвестен,Покупатель передумал,2026-05-15 14:32:00,,"1,00","5 748,00",Да,,,,
2026-05-15 15:06:35,16877557-0195-2,ii11871436145,701628346918000,ADR-265600V,[Fbs] Статус неизвестен,Покупатель передумал,2026-05-15 14:32:00,,"1,00","5 748,00",Да,,,,
2026-05-15 15:06:35,48837625-0069-3,751111630594000,751111630594000,CANT-265250-OLIV,[Fbs] Статус неизвестен,Покупатель отменил заказ,2026-05-15 14:38:05,,"1,00","16 430,00",Нет,,,,
2026-05-15 15:06:35,48837625-0069-1,551114361087000,551114361087000,CANT-265250-MILK,[Fbs] Статус неизвестен,Покупатель отменил заказ,2026-05-15 14:38:05,,"1,00","15 372,00",Нет,,,,
2026-05-15 16:06:33,0159607155-0128-1,251117445394000,251117445394000,CASA-260300-SIL,[Fbs] Статус неизвестен,Покупатель отказался при вручении: товар не подошел,2026-05-15 15:33:16,,"1,00","16 066,00",Нет,,,,
2026-05-15 16:06:33,94818583-0006-1,,751111946418000,CANT-250200-OLIV,[Fbs] Статус неизвестен,Покупатель передумал,2026-05-15 16:05:11,,"1,00","11 433,00",Да,,,,
2026-05-15 17:06:35,41233647-0793-1,451128810894000,451128810894000,CANT-255250-MILK,[Fbs] Статус неизвестен,Покупатель отменил заказ: нашел дешевле,2026-05-15 16:15:52,,"1,00","16 378,00",Нет,,,,
2026-05-15 17:06:35,31367783-0003-1,ii15865482145,401621932740000,BELL-245200-SHAMP,[Fbs] Статус неизвестен,Покупатель передумал,2026-05-15 16:26:43,,"1,00","10 353,00",Да,,,,
2026-05-15 17:06:35,41233647-0775-3,,201818586831000,CANT-250150-PUDR,[Fbs] Статус неизвестен,Покупатель передумал,2026-05-15 16:46:47,,"1,00","9 254,00",Да,,,,
2026-05-15 17:06:35,41233647-0775-1,,801596924965000,CANT-250300-MILK,[Fbs] Статус неизвестен,Покупатель передумал,2026-05-15 16:46:47,,"1,00","18 393,00",Да,,,,
2026-05-15 18:06:34,64377111-0400-1,,901632050797000,ADR-150250(Shamp),[Fbs] Статус неизвестен,Покупатель передумал,2026-05-15 17:38:24,,"1,00","1 738,00",Да,,,,
2026-05-15 19:06:34,61499884-0725-3,,201862076274000,CANT-250150-MILK,[Fbs] Статус неизвестен,Покупатель отказался при вручении: товар не подошел,2026-05-15 18:56:17,,"1,00","8 684,00",Да,,,,
2026-05-15 19:06:34,61499884-0725-1,,401637428592000,CANT-270250-LAT,[Fbs] Статус неизвестен,Покупатель отказался при вручении: товар не подошел,2026-05-15 18:56:17,,"1,00","13 885,00",Да,,,,
2026-05-15 19:06:34,61499884-0725-1,,401637428592000,CANT-270250-PUDR,[Fbs] Статус неизвестен,Покупатель отказался при вручении: товар не подошел,2026-05-15 18:56:17,,"1,00","11 433,00",Да,,,,
2026-05-15 19:06:34,61499884-0725-3,,201862076274000,CANT-250150-MILK,[Fbs] Статус неизвестен,Покупатель отказался при вручении: товар не подошел,2026-05-15 18:56:17,,"1,00","8 684,00",Да,,,,
2026-05-15 20:06:33,23958480-0317-1,651123281417000,651123281417000,CASA-265300-OLIV,[Fbs] Статус неизвестен,Покупатель отказался при вручении: товар не подошел,2026-05-15 19:12:30,,"1,00","16 066,00",Нет,,,,
2026-05-15 20:06:33,16400597-0030-4,201856614406000,201856614406000,CASA-265150-SIL,[Fbs] Статус неизвестен,Покупатель отказался при вручении: товар не подошел,2026-05-15 20:03:12,,"1,00","8 009,00",Нет,,,,
2026-05-15 22:06:35,52341943-0193-2,601605273884000,601605273884000,CANT-250150-OLIV,[Fbs] Статус неизвестен,Покупатель не забрал заказ,2026-05-15 22:01:55,,"1,00","8 684,00",Нет,,,,
2026-05-16 1:06:33,70073243-0576-1,801644069230000,801644069230000,CALM-265150-GREEN,[Fbs] Статус неизвестен,Покупатель отменил заказ,2026-05-16 0:36:15,,"1,00","6 613,00",Нет,,,,
2026-05-16 7:06:32,84364764-0070-1,ii15872705451,901599580693000,CANT-255250-LGR,[Fbs] Статус неизвестен,Покупатель передумал,2026-05-16 6:52:30,,"1,00","15 372,00",Да,,,,
2026-05-16 7:06:32,69252012-0077-1,ii15872705450,801598087917000,CASA-255200-LGR,[Fbs] Статус неизвестен,Покупатель передумал,2026-05-16 6:53:46,,"1,00","10 870,00",Да,,,,
2026-05-16 12:06:35,69045612-0374-1,851127184565000,851127184565000,ADR-240250V(Milk),[Fbs] Статус неизвестен,Покупатель отменил заказ: не устроил срок доставки,2026-05-16 11:29:17,,"1,00","2 842,00",Нет,,,,
2026-05-16 12:06:35,69045612-0374-1,851127184565000,851127184565000,ADR-240250V(Milk),[Fbs] Статус неизвестен,Покупатель отменил заказ: не устроил срок доставки,2026-05-16 11:29:17,,"1,00","2 842,00",Нет,,,,
2026-05-16 13:06:34,36047913-0897-2,901640153469000,901640153469000,ADR-140300V(Milk),[Fbs] Статус неизвестен,Покупатель отказался при вручении: товар не подошел,2026-05-16 12:18:24,,"1,00","2 223,00",Нет,,,,
2026-05-16 13:06:34,19114314-0383-2,,451120303147000,CASA-265200-OLIV,[Fbs] Статус неизвестен,Покупатель передумал,2026-05-16 13:01:38,,"1,00","10 870,00",Да,,,,
2026-05-16 14:06:34,0144807746-0178-1,751120676809000,751120676809000,CANT-250150-LAT,[Fbs] Статус неизвестен,Покупатель отказался при вручении: товар не подошел,2026-05-16 13:32:30,,"1,00","7 935,00",Нет,,,,
2026-05-16 14:06:34,31616641-0119-2,,551096861841000,CANT-245250-PUDR,[Fbs] Статус неизвестен,Покупатель передумал,2026-05-16 13:41:20,,"1,00","11 433,00",Да,,,,
2026-05-16 14:06:34,44404823-0157-1,,251126386032000,CANT-250200-LAT,[Fbs] Статус неизвестен,Упаковка и товар повреждены,2026-05-16 13:46:53,,"1,00","11 226,00",Да,,,,
2026-05-16 14:06:34,26208517-0533-5,,301626755556000,ADR-285500V,[Fbs] Статус неизвестен,Покупатель передумал,2026-05-16 13:51:10,,"1,00","4 447,00",Да,,,,
2026-05-16 14:06:34,26208517-0533-5,,301626755556000,ADR-285500V,[Fbs] Статус неизвестен,Покупатель передумал,2026-05-16 13:51:10,,"1,00","4 447,00",Да,,,,
2026-05-16 14:06:34,26208517-0533-5,,301626755556000,ADR-285500V,[Fbs] Статус неизвестен,Покупатель передумал,2026-05-16 13:51:10,,"1,00","4 447,00",Да,,,,
2026-05-16 15:06:34,66147432-0464-1,451128264565000,451128264565000,CANT-250150-OLIV,[Fbs] Статус неизвестен,Покупатель отказался при вручении: товар не подошел,2026-05-16 14:41:11,,"1,00","8 684,00",Нет,,,,
2026-05-16 16:06:33,55281563-1242-3,701636805317000,701636805317000,CANT-255200-BLUE,[Fbs] Статус неизвестен,Покупатель отказался при вручении: товар не подошел,2026-05-16 15:32:13,,"1,00","11 433,00",Нет,,,,
2026-05-16 17:06:34,70538213-0066-3,,301638105458000,ADR-250600V,[Fbs] Статус неизвестен,Покупатель отказался при вручении: товар не подошел,2026-05-16 16:52:42,,"1,00","5 748,00",Да,,,,
2026-05-16 18:06:34,72284489-2640-1,ii15999630694,951133436486000,ADR-255250,[Fbs] Статус неизвестен,Покупатель передумал,2026-05-16 17:33:07,,"1,00","2 480,00",Да,,,,
2026-05-16 18:06:34,72284489-2640-1,ii15999630693,951133436486000,ADR-255450,[Fbs] Статус неизвестен,Покупатель передумал,2026-05-16 17:33:07,,"1,00","3 622,00",Да,,,,
2026-05-16 20:06:34,0103493566-0123-1,501636015695000,501636015695000,FEST-265250-CAP,[Fbs] Статус неизвестен,Покупатель отказался при вручении: товар не подошел,2026-05-16 20:03:14,,"1,00","12 642,00",Нет,,,,
2026-05-16 21:06:33,45704953-2437-1,ii11847127491,951132881910000,ADR-290150V,[Fbs] Статус неизвестен,Покупатель передумал,2026-05-16 20:31:38,,"1,00","1 859,00",Да,,,,
2026-05-16 21:06:33,30524118-0504-2,851125085426000,851125085426000,ADR-260300V,[Fbs] Статус неизвестен,Покупатель отказался при вручении: товар не подошел,2026-05-16 20:49:12,,"1,00","3 104,00",Нет,,,,
2026-05-16 21:06:33,32547184-1070-1,401636831360000,401636831360000,ADR-240450(Shamp),[Fbs] Статус неизвестен,Покупатель отказался при вручении: товар не подошел,2026-05-16 20:50:10,,"1,00","3 584,00",Нет,,,,
2026-05-17 10:06:33,0185233088-0427-1,651116284152000,651116284152000,ADR-250400(Shamp),[Fbs] Статус неизвестен,Покупатель отказался при вручении: товар не подошел,2026-05-17 9:13:40,,"1,00","3 310,00",Нет,,,,
2026-05-17 10:06:33,51724526-0235-1,,201853755043000,CANT-265250-LAT,[Fbs] Статус неизвестен,Покупатель передумал,2026-05-17 9:32:54,,"1,00","13 388,00",Да,,,,
2026-05-17 10:06:33,0183661976-0052-1,901637358050000,901637358050000,ADR-245300,[Fbs] Статус неизвестен,Покупатель отказался при вручении: товар не подошел,2026-05-17 9:40:01,,"1,00","2 791,00",Нет,,,,
2026-05-17 10:06:33,0183661976-0052-1,901637358050000,901637358050000,ADR-245300,[Fbs] Статус неизвестен,Покупатель отказался при вручении: товар не подошел,2026-05-17 9:40:01,,"1,00","2 791,00",Нет,,,,
2026-05-17 11:06:34,14226729-0780-1,ii11876309709,951128470676000,CANT-220150-BLUE,[Fbs] Статус неизвестен,Покупатель передумал,2026-05-17 10:53:07,,"1,00","8 251,00",Да,,,,
2026-05-17 12:06:33,0140017040-0276-1,301620561535000,301620561535000,DONN-245150-GREY,[Fbs] Статус неизвестен,Покупатель отказался при вручении: товар не подошел,2026-05-17 11:56:16,,"1,00","7 695,00",Нет,,,,
2026-05-17 12:06:33,47079464-1236-2,,851124755565000,CASA-250200-BLUE,[Fbs] Статус неизвестен,Покупатель передумал,2026-05-17 12:06:09,,"1,00","10 870,00",Да,,,,
2026-05-17 13:06:33,19629107-0226-1,701637180016000,701637180016000,CANT-255150-OLIV,[Fbs] Статус неизвестен,Покупатель отказался при вручении: товар не подошел,2026-05-17 12:17:05,,"1,00","9 665,00",Нет,,,,
2026-05-17 13:06:33,31755135-0367-1,401635759278000,401635759278000,CALM-255300-GREEN,[Fbs] Статус неизвестен,Покупатель отказался при вручении: товар не подошел,2026-05-17 12:31:18,,"1,00","12 633,00",Нет,,,,
2026-05-17 13:06:33,31755135-0366-2,201860042123000,201860042123000,CANT-255300-OLIV,[Fbs] Статус неизвестен,Покупатель отказался при вручении: товар не подошел,2026-05-17 12:31:18,,"1,00","17 265,00",Нет,,,,
2026-05-17 16:06:35,23683991-0289-3,,701613249771000,ADR-260450L(Shamp),[Fbs] Статус неизвестен,Покупатель отказался при вручении: товар не подошел,2026-05-17 15:16:11,,"1,00","3 834,00",Да,,,,
2026-05-17 16:06:35,23683991-0289-3,,701613249771000,ADR-260450L(Shamp),[Fbs] Статус неизвестен,Покупатель отказался при вручении: товар не подошел,2026-05-17 15:16:11,,"1,00","3 834,00",Да,,,,
2026-05-17 16:06:35,23683991-0289-3,,701613249771000,ADR-260450L(Shamp),[Fbs] Статус неизвестен,Покупатель отказался при вручении: товар не подошел,2026-05-17 15:16:11,,"1,00","3 834,00",Да,,,,
2026-05-17 16:06:35,23683991-0289-3,,701613249771000,ADR-260450L(Shamp),[Fbs] Статус неизвестен,Покупатель отказался при вручении: товар не подошел,2026-05-17 15:16:11,,"1,00","3 834,00",Да,,,,
2026-05-17 16:06:35,0210164673-0069-1,701631155675000,701631155675000,ADR-210700,[Fbs] Статус неизвестен,Покупатель отказался при вручении: товар не подошел,2026-05-17 15:19:29,,"1,00","4 819,00",Нет,,,,
2026-05-17 17:06:33,11357445-1904-1,ii11849707566,601643265997000,CASA-250300-OLIV,[Fbs] Статус неизвестен,Покупатель передумал,2026-05-17 16:10:24,,"1,00","16 066,00",Да,,,,
2026-05-17 17:06:33,44619390-0057-5,451129262270000,451129262270000,ADR-285300ALL,[Fbs] Статус неизвестен,Покупатель отказался при вручении: товар не подошел,2026-05-17 16:13:12,,"1,00","3 048,00",Нет,,,,
2026-05-17 18:06:35,0230715916-0097-1,751130813377000,751130813377000,CASA-260250-LGR,[Fbs] Статус неизвестен,Покупатель отказался при вручении: товар не подошел,2026-05-17 17:52:10,,"1,00","14 219,00",Нет,,,,
2026-05-17 19:06:32,80508619-0183-3,351127369986000,351127369986000,CANT-260250-CAP,[Fbs] Статус неизвестен,Покупатель отказался при вручении: товар не подошел,2026-05-17 18:12:36,,"1,00","16 378,00",Нет,,,,
2026-05-17 19:06:32,58521504-0491-1,,451127385682000,ADR-150250(Shamp),[Fbs] Статус неизвестен,Покупатель передумал,2026-05-17 18:34:01,,"1,00","1 738,00",Да,,,,
2026-05-17 20:06:34,0118684818-0420-1,ii15998781101,851125500081000,ADR-300290(Grey),[Fbs] Статус неизвестен,Покупатель передумал,2026-05-17 19:49:54,,"1,00","3 216,00",Да,,,,
2026-05-17 22:06:33,43257029-0276-1,ii16004376631,751124751960000,CANT-230150-OLIV,[Fbs] Статус неизвестен,Покупатель передумал,2026-05-17 21:21:44,,"1,00","9 665,00",Да,,,,
2026-05-18 10:06:36,0136411001-0616-1,201847440202000,201847440202000,ADR-140150,[Fbs] Статус неизвестен,Покупатель отказался при вручении: товар не подошел,2026-05-18 9:15:32,,"1,00","1 529,00",Нет,,,,
2026-05-18 10:06:36,22007851-0822-2,,501641318059000,CANT-270300-CAP,[Fbs] Статус неизвестен,Покупатель передумал,2026-05-18 9:25:12,,"1,00","18 393,00",Да,,,,
2026-05-18 10:06:36,40913649-0195-1,ii15986118143,501632106184000,ADR-255100ALL,[Fbs] Статус неизвестен,Покупатель передумал,2026-05-18 9:37:23,,"1,00","1 579,00",Да,,,,
2026-05-18 12:06:34,49128041-1964-7,251112342477000,251112342477000,CALM-250300-MLK,[Fbs] Статус неизвестен,Покупатель отказался при вручении: товар не подошел,2026-05-18 11:43:54,,"1,00","12 136,00",Нет,,,,
2026-05-18 13:06:34,35438657-0394-1,ii11874808175,651129637710000,CANT-260200-OLIV,[Fbs] Статус неизвестен,Покупатель передумал,2026-05-18 12:24:14,,"1,00","12 958,00",Да,,,,
2026-05-18 13:06:34,70210747-0348-1,,951133645405000,ADR-150350V(Milk),[Fbs] Статус неизвестен,Покупатель отказался при вручении: товар не подошел,2026-05-18 13:05:56,,"1,00","2 503,00",Да,,,,
2026-05-18 17:06:33,28342633-0969-3,801652016997000,801652016997000,ADR-210150LR(Grey),[Fbs] Статус неизвестен,Покупатель отменил заказ,2026-05-18 15:30:34,,"1,00","2 264,00",Нет,,,,
2026-05-18 17:06:33,28342633-0969-3,801652016997000,801652016997000,ADR-210150LR(Grey),[Fbs] Статус неизвестен,Покупатель отменил заказ,2026-05-18 15:30:34,,"1,00","2 264,00",Нет,,,,
2026-05-18 17:06:33,28342633-0969-3,801652016997000,801652016997000,ADR-210150LR(Grey),[Fbs] Статус неизвестен,Покупатель отменил заказ,2026-05-18 15:30:34,,"1,00","2 264,00",Нет,,,,
2026-05-18 18:06:36,64377111-0403-1,,751125945859000,ADR-150350(Shamp),[Fbs] Статус неизвестен,Покупатель отказался при вручении: товар не подошел,2026-05-18 17:32:05,,"1,00","2 051,00",Да,,,,
2026-05-18 18:06:36,60280324-0334-1,951136768245000,951136768245000,CANT-230150-OLIV,[Fbs] Статус неизвестен,Покупатель отказался при вручении: товар не подошел,2026-05-18 17:39:56,,"1,00","9 665,00",Нет,,,,
2026-05-18 19:06:34,46177508-0506-2,951137931158000,951137931158000,CALM-250150-MLK,[Fbs] Статус неизвестен,Покупатель отказался при вручении: товар не подошел,2026-05-18 18:18:09,,"1,00","6 613,00",Нет,,,,
2026-05-18 19:06:34,45413304-0632-1,ii15990399725,751120537058000,CANT-265250-MILK,[Fbs] Статус неизвестен,Покупатель передумал,2026-05-18 18:37:08,,"1,00","15 372,00",Да,,,,
2026-05-18 19:06:34,45413304-0632-7,ii15990399726,201855853005000,CANT-265250-OLIV,[Fbs] Статус неизвестен,Покупатель передумал,2026-05-18 18:37:08,,"1,00","16 945,00",Да,,,,
2026-05-18 19:06:34,34222613-0045-1,,751099172166000,CANT-270250-OLIV,[Fbs] Статус неизвестен,Покупатель передумал,2026-05-18 19:03:14,,"1,00","15 372,00",Да,,,,
2026-05-18 20:06:35,48357350-0578-2,,201853102328000,ADR-150300(Shamp),[Fbs] Статус неизвестен,Покупатель передумал,2026-05-18 19:12:53,,"1,00","1 953,00",Да,,,,
2026-05-18 20:06:35,48357350-0578-2,,201853102328000,ADR-150300(Shamp),[Fbs] Статус неизвестен,Покупатель передумал,2026-05-18 19:12:53,,"1,00","1 953,00",Да,,,,
2026-05-18 20:06:35,29611359-0053-1,851120649571000,851120649571000,CALM-275200-LAT,[Fbs] Статус неизвестен,Покупатель отказался при вручении: товар не подошел,2026-05-18 19:58:34,,"1,00","8 910,00",Нет,,,,
2026-05-18 21:06:33,51299757-0052-1,851133762888000,851133762888000,ADR-275400V(Milk),[Fbs] Статус неизвестен,Покупатель отказался при вручении: товар не подошел,2026-05-18 20:28:29,,"1,00","4 125,00",Нет,,,,
2026-05-18 21:06:33,52464778-0653-2,951140648485000,951140648485000,CASA-260200-OLIV,[Fbs] Статус неизвестен,Покупатель отменил заказ,2026-05-18 20:44:42,,"1,00","10 552,00",Нет,,,,
2026-05-18 23:06:33,34222613-0047-1,801649961388000,801649961388000,CANT-270200-OLIV,[Fbs] Статус неизвестен,Покупатель отменил заказ: нашел дешевле,2026-05-18 22:46:43,,"1,00","12 958,00",Нет,,,,
2026-05-18 23:06:33,28832529-0720-1,901650373489000,901650373489000,ADR-100200(Shamp),[Fbs] Статус неизвестен,Покупатель отменил заказ,2026-05-18 23:00:10,,"1,00","1 591,00",Нет,,,,
2026-05-19 4:06:33,0138193414-0041-1,201848842500000,201848842500000,CANT-270150-B,[Fbs] Статус неизвестен,Покупатель отказался при вручении: товар не подошел,2026-05-19 3:50:36,,"1,00","8 456,00",Нет,,,,
2026-05-19 10:06:34,0150474299-0082-1,601632064053000,601632064053000,CANT-220200-PUDR,[Fbs] Статус неизвестен,Покупатель отказался при вручении: товар не подошел,2026-05-19 9:22:40,,"1,00","12 182,00",Нет,,,,
2026-05-19 10:06:34,0150474299-0082-1,601632064053000,601632064053000,CANT-220200-PUDR,[Fbs] Статус неизвестен,Покупатель отказался при вручении: товар не подошел,2026-05-19 9:22:40,,"1,00","12 182,00",Нет,,,,
2026-05-19 10:06:34,42506767-0379-1,351133241749000,351133241749000,CASA-265150-PUDR,[Fbs] Статус неизвестен,Покупатель отказался при вручении: товар не подошел,2026-05-19 9:56:20,,"1,00","8 009,00",Нет,,,,
2026-05-19 12:06:33,0101310203-0467-3,,801628340174000,STEL-265150GR,[Fbs] Статус неизвестен,Покупатель отказался при вручении: товар не подошел,2026-05-19 11:34:04,,"1,00","8 267,00",Да,,,,
2026-05-19 12:06:33,37048958-0319-1,301635958311000,301635958311000,CASA-275150-BL,[Fbs] Статус неизвестен,Покупатель отказался при вручении: товар не подошел,2026-05-19 12:01:34,,"1,00","7 903,00",Нет,,,,
2026-05-19 13:06:33,0139477452-0330-1,,651114333701000,ADR-250250,[Fbs] Статус неизвестен,Покупатель отказался при вручении: товар не подошел,2026-05-19 12:42:33,,"1,00","2 356,00",Да,,,,
2026-05-19 13:06:33,0139477452-0330-1,,651114333701000,ADR-250250,[Fbs] Статус неизвестен,Покупатель отказался при вручении: товар не подошел,2026-05-19 12:42:33,,"1,00","2 356,00",Да,,,,
2026-05-19 15:06:42,0170744815-0022-1,451130006594000,451130006594000,CASA-295200-CAP,[Fbs] Статус неизвестен,Покупатель отказался при вручении: товар не подошел,2026-05-19 14:09:47,,"1,00","12 338,00",Нет,,,,
2026-05-19 16:06:36,94951288-0148-5,201872147316000,201872147316000,CASA-260150-PUDR,[Fbs] Статус неизвестен,Покупатель отказался при вручении: товар не подошел,2026-05-19 15:13:47,,"1,00","8 009,00",Нет,,,,
2026-05-19 18:06:33,0115855942-0043-1,251129098642000,251129098642000,CANT-265150-PUDR,[Fbs] Статус неизвестен,Покупатель отказался при вручении: товар не подошел,2026-05-19 17:22:56,,"1,00","8 251,00",Нет,,,,
2026-05-19 19:06:34,33046016-0688-1,ii11838628396,501612383350000,CANT-270200-CAP,[Fbs] Статус неизвестен,Покупатель передумал,2026-05-19 18:29:43,,"1,00","11 433,00",Да,,,,
2026-05-19 19:06:34,0109901353-0329-1,,951127646481000,ADR-260350LR(Grey),[Fbs] Статус неизвестен,Покупатель передумал,2026-05-19 18:39:19,,"1,00","3 782,00",Да,,,,
2026-05-19 20:06:34,57099280-0149-1,351134067511000,351134067511000,FEST-275300-CAP,[Fbs] Статус неизвестен,Покупатель отказался при вручении: товар не подошел,2026-05-19 19:22:20,,"1,00","16 132,00",Нет,,,,
2026-05-19 21:06:34,72160751-0534-1,,901621120627000,ADR-210300,[Fbs] Статус неизвестен,Покупатель передумал,2026-05-19 20:43:01,,"1,00","2 791,00",Да,,,,
2026-05-19 23:06:35,04502338-0310-2,751136069584000,751136069584000,FEST-285250-GR,[Fbs] Статус неизвестен,Покупатель отменил заказ,2026-05-19 22:53:19,,"1,00","12 158,00",Нет,,,,
2026-05-20 12:06:34,39716156-0216-1,ii15841290037,801601507599000,CANT-240300-OLIV,[Fbs] Статус неизвестен,Покупатель передумал,2026-05-20 11:21:33,,"1,00","19 400,00",Да,,,,
2026-05-20 12:06:34,0100561896-0045-1,851125208170000,851125208170000,ADR-285600V(Grey),[Fbs] Статус неизвестен,Покупатель отказался при вручении: товар не подошел,2026-05-20 11:56:23,,"1,00","5 525,00",Нет,,,,
2026-05-20 13:06:34,94099485-0423-1,601628126832000,601628126832000,ADR-305250V(Milk),[Fbs] Статус неизвестен,Покупатель отказался при вручении: товар не подошел,2026-05-20 12:30:54,,"1,00","2 915,00",Нет,,,,
2026-05-20 13:06:34,94099485-0423-1,601628126832000,601628126832000,ADR-305250V(Milk),[Fbs] Статус неизвестен,Покупатель отказался при вручении: товар не подошел,2026-05-20 12:30:54,,"1,00","2 915,00",Нет,,,,
2026-05-20 13:06:34,94099485-0423-1,601628126832000,601628126832000,ADR-305200V(Milk),[Fbs] Статус неизвестен,Покупатель отказался при вручении: товар не подошел,2026-05-20 12:30:54,,"1,00","2 600,00",Нет,,,,
2026-05-20 13:06:34,94099485-0423-1,601628126832000,601628126832000,ADR-305200V(Milk),[Fbs] Статус неизвестен,Покупатель отказался при вручении: товар не подошел,2026-05-20 12:30:54,,"1,00","2 600,00",Нет,,,,
2026-05-20 13:06:34,94099485-0422-1,551113599661000,551113599661000,ADR-310250V(Milk),[Fbs] Статус неизвестен,Покупатель отказался при вручении: товар не подошел,2026-05-20 12:30:54,,"1,00","2 920,00",Нет,,,,
2026-05-20 13:06:34,94099485-0422-1,551113599661000,551113599661000,ADR-310250V(Milk),[Fbs] Статус неизвестен,Покупатель отказался при вручении: товар не подошел,2026-05-20 12:30:54,,"1,00","2 920,00",Нет,,,,
2026-05-20 13:06:34,94099485-0422-1,551113599661000,551113599661000,ADR-310250V(Milk),[Fbs] Статус неизвестен,Покупатель отказался при вручении: товар не подошел,2026-05-20 12:30:54,,"1,00","2 920,00",Нет,,,,
2026-05-20 13:06:34,94099485-0422-1,551113599661000,551113599661000,ADR-310250V(Milk),[Fbs] Статус неизвестен,Покупатель отказался при вручении: товар не подошел,2026-05-20 12:30:54,,"1,00","2 920,00",Нет,,,,
2026-05-20 14:06:33,36651690-0050-11,,251080345827000,CANT-270300-LGR,[Fbs] Статус неизвестен,Покупатель передумал,2026-05-20 13:08:56,,"1,00","16 784,00",Да,,,,
2026-05-20 14:06:33,0101310203-0467-1,,201849421639000,ADR-265500(Grey),[Fbs] Статус неизвестен,Покупатель передумал,2026-05-20 13:13:15,,"1,00","3 890,00",Да,,,,
2026-05-20 14:06:33,0101310203-0467-1,,201849421639000,CASA-265150-LGR,[Fbs] Статус неизвестен,Покупатель передумал,2026-05-20 13:13:15,,"1,00","8 009,00",Да,,,,
2026-05-20 14:06:33,46641105-0204-1,,951122199853000,ADR-240400V(Milk),[Fbs] Статус неизвестен,Покупатель передумал,2026-05-20 13:22:38,,"1,00","4 125,00",Да,,,,
2026-05-20 14:06:33,46982663-0587-1,251102379349000,251102379349000,CANT-265150-LAT,[Fbs] Статус неизвестен,Покупатель отказался при вручении: товар не подошел,2026-05-20 13:31:44,,"1,00","7 935,00",Нет,,,,
2026-05-20 15:06:33,23636276-0945-1,,201856328237000,CALM-275250-VIOLET,[Fbs] Статус неизвестен,Покупатель передумал,2026-05-20 14:07:42,,"1,00","10 462,00",Да,,,,
2026-05-20 18:06:35,09633266-0440-2,,401632314656000,ADR-270600(Grey),[Fbs] Статус неизвестен,Покупатель передумал,2026-05-20 17:14:20,,"1,00","5 757,00",Да,,,,
2026-05-20 19:06:34,09974254-4199-1,901656289152000,901656289152000,CASA-275200-SIL,[Fbs] Статус неизвестен,Покупатель отменил заказ,2026-05-20 13:50:12,,"1,00","10 870,00",Нет,,,,
2026-05-20 19:06:34,22656932-0870-1,ii15989208016,951130258898000,CASA-275150-VEN,[Fbs] Статус неизвестен,Покупатель передумал,2026-05-20 18:49:21,,"1,00","7 903,00",Да,,,,
2026-05-20 19:06:34,15706250-0820-1,,651137378180000,ADR-110150LR(Milk),[Fbs] Статус неизвестен,Покупатель отказался при вручении: товар не подошел,2026-05-20 18:56:57,,"1,00","1 752,00",Да,,,,
2026-05-20 19:06:34,15706250-0820-1,,651137378180000,ADR-110150LR(Milk),[Fbs] Статус неизвестен,Покупатель отказался при вручении: товар не подошел,2026-05-20 18:56:57,,"1,00","1 752,00",Да,,,,
2026-05-20 19:06:34,35829037-2412-2,751123066566000,751123066566000,ADR-140200(Shamp),[Fbs] Статус неизвестен,Покупатель отказался при вручении: товар не подошел,2026-05-20 19:03:33,,"1,00","1 591,00",Нет,,,,
2026-05-20 20:06:33,46779056-0547-2,351142021802000,351142021802000,CASA-250300-SIL,[Fbs] Статус неизвестен,Покупатель отказался при вручении: товар не подошел,2026-05-20 19:14:27,,"1,00","16 066,00",Нет,,,,
2026-05-20 20:06:33,84394352-1020-1,401648127697000,401648127697000,CALM-270300-GR,[Fbs] Статус неизвестен,Покупатель отказался при вручении: товар не подошел,2026-05-20 20:05:32,,"1,00","12 633,00",Нет,,,,
2026-05-20 20:06:33,84394352-1018-1,651137325147000,651137325147000,CANT-270300-GR,[Fbs] Статус неизвестен,Покупатель отказался при вручении: товар не подошел,2026-05-20 20:05:32,,"1,00","15 918,00",Нет,,,,
2026-05-20 22:06:35,32731219-0273-1,551141720742000,551141720742000,ADR-295200V,[Fbs] Статус неизвестен,Покупатель отменил заказ: нашел дешевле,2026-05-20 21:07:23,,"1,00","2 600,00",Нет,,,,
2026-05-20 22:06:35,32731219-0273-1,551141720742000,551141720742000,ADR-295200V,[Fbs] Статус неизвестен,Покупатель отменил заказ: нашел дешевле,2026-05-20 21:07:23,,"1,00","2 600,00",Нет,,,,
2026-05-21 11:06:33,42343446-0103-1,,951106502764000,CANT-250200-OLIV,[Fbs] Статус неизвестен,Покупатель передумал,2026-05-21 10:44:13,,"1,00","11 433,00",Да,,,,
2026-05-21 12:06:33,83271107-0842-1,801648643338000,801648643338000,CANT-270150-CAP,[Fbs] Статус неизвестен,Покупатель отменил заказ: нашел дешевле,2026-05-21 11:09:36,,"1,00","8 684,00",Нет,,,,
2026-05-21 12:06:33,02095617-0599-1,801647074031000,801647074031000,CASA-255150-MLK,[Fbs] Статус неизвестен,Покупатель отказался при вручении: товар не подошел,2026-05-21 11:40:35,,"1,00","8 009,00",Нет,,,,
2026-05-21 12:06:33,02095617-0599-1,801647074031000,801647074031000,CASA-260150-MLK,[Fbs] Статус неизвестен,Покупатель отказался при вручении: товар не подошел,2026-05-21 11:40:35,,"1,00","8 009,00",Нет,,,,
2026-05-21 15:06:33,0112874457-1872-1,,351141673029000,STEL-245250BR,[Fbs] Статус неизвестен,Покупатель передумал,2026-05-21 14:07:41,,"1,00","12 853,00",Да,,,,
2026-05-21 16:06:35,55548049-0278-1,451133526264000,451133526264000,CANT-270250-PUDR,[Fbs] Статус неизвестен,Покупатель отказался при вручении: товар не подошел,2026-05-21 15:42:24,,"1,00","11 433,00",Нет,,,,
2026-05-21 17:06:36,70538213-0072-1,,451136240151000,ADR-250400V(Milk),[Fbs] Статус неизвестен,Покупатель отказался при вручении: товар не подошел,2026-05-21 16:26:46,,"1,00","4 125,00",Да,,,,
2026-05-21 17:06:36,70538213-0072-1,,451136240151000,ADR-250400V(Milk),[Fbs] Статус неизвестен,Покупатель отказался при вручении: товар не подошел,2026-05-21 16:26:46,,"1,00","4 125,00",Да,,,,
2026-05-21 17:06:36,70538213-0070-1,,851137553033000,ADR-245600V(Milk),[Fbs] Статус неизвестен,Покупатель отказался при вручении: товар не подошел,2026-05-21 16:26:46,,"1,00","5 773,00",Да,,,,
2026-05-21 17:06:36,82762620-0022-1,351133969853000,351133969853000,CALM-260200-GREEN,[Fbs] Статус неизвестен,Покупатель отказался при вручении: товар не подошел,2026-05-21 16:51:03,,"1,00","8 910,00",Нет,,,,
2026-05-21 17:06:36,82762620-0022-3,551130406027000,551130406027000,CALM-260250-GREEN,[Fbs] Статус неизвестен,Покупатель отказался при вручении: товар не подошел,2026-05-21 16:51:03,,"1,00","10 462,00",Нет,,,,
2026-05-21 18:06:37,70073243-0581-2,,401641748986000,CALM-265200-GREEN,[Fbs] Статус неизвестен,Покупатель отказался при вручении: товар не подошел,2026-05-21 17:14:30,,"1,00","8 910,00",Да,,,,
2026-05-21 18:06:37,19627779-0968-1,,301638280439000,ADR-150100(Shamp),[Fbs] Статус неизвестен,Покупатель передумал,2026-05-21 17:26:35,,"1,00","1 277,00",Да,,,,
2026-05-21 19:06:34,34628819-0695-1,#70#0013252497,501637773757000,ADR-275300LR,[Fbs] Статус неизвестен,Покупатель передумал,2026-05-21 18:07:53,,"1,00","3 358,00",Да,,,,
2026-05-21 19:06:34,35829037-2420-3,,851132865873000,ADR-150250(Shamp),[Fbs] Статус неизвестен,Покупатель отказался при вручении: товар не подошел,2026-05-21 18:54:48,,"1,00","1 738,00",Да,,,,
2026-05-21 20:06:33,31859092-0692-1,ii16004626490,851108697040000,ADR-150250(Shamp),[Fbs] Статус неизвестен,Покупатель передумал,2026-05-21 19:18:19,,"1,00","1 652,00",Да,,,,
2026-05-21 21:06:34,34002268-0108-3,901651295662000,901651295662000,CASA-250300-B,[Fbs] Статус неизвестен,Покупатель отказался при вручении: товар не подошел,2026-05-21 20:08:50,,"1,00","16 066,00",Нет,,,,
2026-05-21 21:06:34,38611309-0601-3,,501653271206000,CANT-260250-OLIV,[Fbs] Статус неизвестен,Покупатель передумал,2026-05-21 20:13:54,,"1,00","16 445,00",Да,,,,
2026-05-21 21:06:34,34273896-0396-3,ii15997826265,851141678854000,DONN-255200-B,[Fbs] Статус неизвестен,Покупатель отказался при вручении: товар не подошел,2026-05-21 20:16:28,,"1,00","8 066,00",Да,,,,
2026-05-21 22:06:34,16617044-0739-1,351144141098000,351144141098000,CALM-220200-GREEN,[Fbs] Статус неизвестен,Покупатель отказался при вручении: товар не подошел,2026-05-21 21:07:06,,"1,00","8 910,00",Нет,,,,
2026-05-21 22:06:34,56153178-0031-1,201871834584000,201871834584000,CASA-270200-PUDR,[Fbs] Статус неизвестен,Покупатель отказался при вручении: товар не подошел,2026-05-21 21:44:26,,"1,00","10 870,00",Нет,,,,
2026-05-21 22:06:34,37428485-0125-1,301621425056000,301621425056000,ADR-240350V,[Fbs] Статус неизвестен,Покупатель не забрал заказ,2026-05-21 22:02:06,,"1,00","3 199,00",Нет,,,,
2026-05-21 22:06:34,37428485-0125-1,301621425056000,301621425056000,CANT-240150-BLUE,[Fbs] Статус неизвестен,Покупатель не забрал заказ,2026-05-21 22:02:06,,"1,00","8 684,00",Нет,,,,
2026-05-22 12:06:33,95147160-0316-1,ii15850704767,751134512930000,ADR-150200PR,[Fbs] Статус неизвестен,Товар не работает / брак,2026-05-22 11:33:04,,"1,00","2 340,00",Да,брак ткани,,,
2026-05-22 14:06:33,09194865-0645-2,,501652919675000,CANT-245150-LAT,[Fbs] Статус неизвестен,Покупатель отказался при вручении: товар не подошел,2026-05-22 13:33:31,,"1,00","7 935,00",Да,,,,
2026-05-22 14:06:33,26544745-0448-2,,651120074300000,CANT-260150-OLIV,[Fbs] Статус неизвестен,Покупатель передумал,2026-05-22 14:04:35,,"1,00","8 684,00",Да,,,,
2026-05-22 14:06:33,26544745-0448-2,,651120074300000,CANT-260150-OLIV,[Fbs] Статус неизвестен,Покупатель передумал,2026-05-22 14:04:35,,"1,00","8 684,00",Да,,,,
2026-05-22 17:06:34,47320127-0823-1,551149386143000,551149386143000,CANT-240150-MILK,[Fbs] Статус неизвестен,Покупатель отменил заказ: нашел дешевле,2026-05-22 14:04:20,,"1,00","8 684,00",Нет,,,,
2026-05-22 17:06:34,89783070-0132-5,401650385602000,401650385602000,CANT-240250-OLIV,[Fbs] Статус неизвестен,Покупатель отказался при вручении: товар не подошел,2026-05-22 16:43:40,,"1,00","16 099,00",Нет,,,,
2026-05-22 18:06:42,09314188-0410-1,,301656945839000,ADR-255300(Black),[Fbs] Статус неизвестен,Покупатель передумал,2026-05-22 17:18:52,,"1,00","2 791,00",Да,,,,
2026-05-22 18:06:42,09314188-0409-1,,401647723006000,ADR-255700(Black),[Fbs] Статус неизвестен,Покупатель передумал,2026-05-22 17:18:52,,"1,00","5 073,00",Да,,,,
2026-05-22 18:06:42,13360106-0267-1,ii15993292717,301626299506000,ADR-250300LR,[Fbs] Статус неизвестен,Покупатель передумал,2026-05-22 17:42:52,,"1,00","3 358,00",Да,,,,
2026-05-22 18:06:42,13360106-0267-1,ii15993292719,301626299506000,ADR-250300LR,[Fbs] Статус неизвестен,Покупатель передумал,2026-05-22 17:42:52,,"1,00","3 358,00",Да,,,,
2026-05-22 18:06:42,13360106-0267-1,ii15993292716,301626299506000,ADR-250300LR,[Fbs] Статус неизвестен,Покупатель передумал,2026-05-22 17:42:52,,"1,00","3 358,00",Да,,,,
2026-05-22 18:06:42,13360106-0267-1,,301626299506000,ADR-250300LR,[Fbs] Статус неизвестен,Покупатель передумал,2026-05-22 17:42:52,,"1,00","3 358,00",Да,,,,
2026-05-22 18:06:42,29661845-0525-2,,951137046995000,CANT-265200-OLIV,[Fbs] Статус неизвестен,Покупатель передумал,2026-05-22 17:48:57,,"1,00","11 433,00",Да,,,,
2026-05-22 18:06:42,73857778-0583-1,251146810307000,251146810307000,ADR-130150V(Grey),[Fbs] Статус неизвестен,Покупатель отменил заказ,2026-05-22 18:04:44,,"1,00","1 717,00",Нет,,,,
2026-05-22 18:06:42,73857778-0583-1,251146810307000,251146810307000,ADR-130150V(Grey),[Fbs] Статус неизвестен,Покупатель отменил заказ,2026-05-22 18:04:44,,"1,00","1 717,00",Нет,,,,
2026-05-22 18:06:42,73857778-0583-1,251146810307000,251146810307000,ADR-130150V(Grey),[Fbs] Статус неизвестен,Покупатель отменил заказ,2026-05-22 18:04:44,,"1,00","1 717,00",Нет,,,,
2026-05-22 19:06:33,39425096-0556-1,ii15841104456,501622380491000,CASA-265200-OLIV,[Fbs] Статус неизвестен,Покупатель передумал,2026-05-22 18:35:12,,"1,00","10 870,00",Да,,,,
2026-05-22 19:06:33,80602192-0230-1,,751135613386000,FEST-230200-BLUE,[Fbs] Статус неизвестен,Покупатель получил не те товары,2026-05-22 18:35:57,,"1,00","10 626,00",Да,соответствует цвету и размеру,,,
2026-05-22 19:06:33,46622381-0213-1,ii11838886455,651142887695000,CANT-255150-OLIV,[Fbs] Статус неизвестен,Покупатель передумал,2026-05-22 18:50:38,,"1,00","9 665,00",Да,,,,
2026-05-22 19:06:33,0238347293-0046-1,951150046854000,951150046854000,CANT-270300-LAT,[Fbs] Статус неизвестен,Покупатель отказался при вручении: товар не подошел,2026-05-22 18:51:54,,"1,00","16 959,00",Нет,,,,
2026-05-22 19:06:33,0238347293-0046-5,551146110499000,551146110499000,CANT-270300-PUDR,[Fbs] Статус неизвестен,Покупатель отказался при вручении: товар не подошел,2026-05-22 18:51:54,,"1,00","17 265,00",Нет,,,,
2026-05-22 20:06:33,34273896-0396-1,ii15997826262,651135988819000,CASA-255200-B,[Fbs] Статус неизвестен,Покупатель отказался при вручении: товар не подошел,2026-05-22 19:22:09,,"1,00","10 870,00",Да,,,,
2026-05-22 20:06:33,0112874457-1878-1,551145571926000,551145571926000,CANT-245250-CAP,[Fbs] Статус неизвестен,Покупатель отказался при вручении: товар не подошел,2026-05-22 19:38:48,,"1,00","15 372,00",Нет,,,,
2026-05-22 20:06:33,52951438-0446-2,ii15901394838,951146256028000,CANT-260250-MILK,[Fbo] Статус неизвестен,Покупатель передумал,2026-05-22 19:43:19,,"1,00","15 372,00",Да,,,,
2026-05-23 11:06:33,26558101-0320-1,,651136788802000,ADR-290600(Shamp),[Fbs] Статус неизвестен,Покупатель отказался при вручении: товар не подошел,2026-05-23 10:58:42,,"1,00","4 236,00",Да,,,,
2026-05-23 13:06:33,48469832-0116-1,201870841545000,201870841545000,CALM-265150-LAT,[Fbs] Статус неизвестен,Покупатель отказался при вручении: товар не подошел,2026-05-23 12:59:31,,"1,00","6 613,00",Нет,,,,
2026-05-23 15:06:34,11265016-0289-2,601642527887000,601642527887000,CANT-255250-B,[Fbs] Статус неизвестен,Покупатель отказался при вручении: товар не подошел,2026-05-23 14:12:44,,"1,00","14 795,00",Нет,,,,
2026-05-23 15:06:34,11265016-0289-3,851130019173000,851130019173000,CANT-265250-LAT,[Fbs] Статус неизвестен,Покупатель отказался при вручении: товар не подошел,2026-05-23 14:12:44,,"1,00","13 885,00",Нет,,,,
2026-05-23 15:06:34,28832529-0724-1,851143212444000,851143212444000,ADR-150200(Shamp),[Fbs] Статус неизвестен,Покупатель отменил заказ: не устроил срок доставки,2026-05-23 14:50:06,,"1,00","1 591,00",Нет,,,,
2026-05-23 16:06:33,51682517-1348-1,ii16010570613,901637059111000,CANT-240150-OLIV,[Fbs] Статус неизвестен,Покупатель передумал,2026-05-23 15:21:34,,"1,00","8 684,00",Да,,,,
2026-05-23 18:06:33,19114314-0394-1,ii11826675675,201870992419000,CASA-270200-VEN,[Fbs] Статус неизвестен,Покупатель передумал,2026-05-23 17:10:35,,"1,00","10 870,00",Да,,,,
2026-05-23 18:06:33,70538213-0071-1,,951140163238000,ADR-245350V(Milk),[Fbs] Статус неизвестен,Покупатель передумал,2026-05-23 17:28:03,,"1,00","3 399,00",Да,,,,
2026-05-23 18:06:33,70538213-0071-1,,951140163238000,ADR-245350V(Milk),[Fbs] Статус неизвестен,Покупатель передумал,2026-05-23 17:28:03,,"1,00","3 399,00",Да,,,,
2026-05-23 18:06:33,78339241-0155-1,ii17319137100,551151282661000,CANT-270150-OLIV,[Fbo] Статус неизвестен,Покупатель отказался при вручении: товар не подошел,2026-05-23 17:31:08,,"1,00","8 684,00",Нет,,,,
2026-05-23 18:06:33,36685677-0504-1,201873149157000,201873149157000,CANT-230200-OLIV,[Fbs] Статус неизвестен,Покупатель отказался при вручении: товар не подошел,2026-05-23 17:45:33,,"1,00","11 433,00",Нет,,,,
2026-05-23 18:06:33,15435017-1200-1,951153698593000,951153698593000,ADR-295290L(Shamp),[Fbs] Статус неизвестен,Покупатель отказался при вручении: товар не подошел,2026-05-23 17:54:27,,"1,00","2 855,00",Нет,,,,
2026-05-23 18:06:33,15435017-1201-1,301665789177000,301665789177000,ADR-295290L(Shamp),[Fbs] Статус неизвестен,Покупатель отказался при вручении: товар не подошел,2026-05-23 17:54:27,,"1,00","2 855,00",Нет,,,,
2026-05-23 18:06:33,15435017-1201-1,301665789177000,301665789177000,ADR-295290L(Shamp),[Fbs] Статус неизвестен,Покупатель отказался при вручении: товар не подошел,2026-05-23 17:54:27,,"1,00","2 855,00",Нет,,,,
2026-05-23 18:06:33,15435017-1201-1,301665789177000,301665789177000,ADR-295290L(Shamp),[Fbs] Статус неизвестен,Покупатель отказался при вручении: товар не подошел,2026-05-23 17:54:27,,"1,00","2 855,00",Нет,,,,
2026-05-23 19:06:33,24061761-0164-1,451138031614000,451138031614000,CANT-265200-OLIV,[Fbs] Статус неизвестен,Покупатель отказался при вручении: товар не подошел,2026-05-23 18:13:26,,"1,00","11 433,00",Нет,,,,
2026-05-23 20:06:47,45671701-0148-1,501656628326000,501656628326000,CANT-255200-OLIV,[Fbs] Статус неизвестен,Покупатель отказался при вручении: товар не подошел,2026-05-23 19:14:42,,"1,00","11 433,00",Нет,,,,
2026-05-23 20:06:47,89062064-0263-1,901646248057000,901646248057000,ADR-230300L(Shamp),[Fbs] Статус неизвестен,Покупатель отказался при вручении: товар не подошел,2026-05-23 19:20:45,,"1,00","2 732,00",Нет,,,,
2026-05-23 20:06:47,68829113-0113-1,251136847558000,251136847558000,CANT-265200-OLIV,[Fbs] Статус неизвестен,Покупатель отказался при вручении: товар не подошел,2026-05-23 19:34:37,,"1,00","11 433,00",Нет,,,,
2026-05-23 20:06:47,43107510-0279-1,851130192180000,851130192180000,ADR-250700(Shamp),[Fbs] Статус неизвестен,Покупатель отказался при вручении: в заказе не тот товар,2026-05-23 19:38:10,,"1,00","4 922,00",Нет,,,,
2026-05-23 20:06:47,34002268-0105-2,,201866468917000,CASA-240150-B,[Fbs] Статус неизвестен,Покупатель передумал,2026-05-23 19:41:43,,"1,00","8 009,00",Да,,,,
2026-05-23 20:06:47,53062488-0161-1,,751129909301000,ADR-265150(Black),[Fbs] Статус неизвестен,Покупатель передумал,2026-05-23 19:52:52,,"1,00","1 756,00",Да,,,,
2026-05-23 21:06:33,48871471-0475-1,401655557957000,401655557957000,ADR-260300LR,[Fbs] Статус неизвестен,Покупатель отказался при вручении: товар не подошел,2026-05-23 20:23:48,,"1,00","3 358,00",Нет,,,,
2026-05-23 21:06:33,48871471-0476-2,ii15991283010,901661574957000,ADR-260600LR,[Fbs] Статус неизвестен,Покупатель получил не те товары,2026-05-23 20:52:11,,"1,00","5 897,00",Да,,,,
2026-05-23 22:06:34,31850292-0442-2,ii16000498736,601664814016000,ADR-265500LR,[Fbs] Статус неизвестен,Покупатель передумал,2026-05-23 21:47:41,,"1,00","4 932,00",Да,,,,
2026-05-23 22:06:34,72501309-0239-1,701620617209000,701620617209000,ADR-255400,[Fbs] Статус неизвестен,Покупатель не забрал заказ,2026-05-23 22:04:10,,"1,00","3 310,00",Нет,,,,
2026-05-24 0:06:33,07195894-1218-1,851154013319000,851154013319000,CANT-220200-PUDR,[Fbs] Статус неизвестен,Покупатель отменил заказ,2026-05-23 23:26:44,,"1,00","12 182,00",Нет,,,,
2026-05-24 1:06:32,41188149-0245-2,951115600783000,951115600783000,ADR-300290V(Milk),[Fbs] Статус неизвестен,Покупатель не забрал заказ,2026-05-24 0:13:31,,"1,00","3 293,00",Нет,,,,
2026-05-24 8:06:34,07195894-1208-1,701659686857000,701659686857000,CANT-220250-PUDR,[Fbs] Статус неизвестен,Покупатель отменил заказ,2026-05-24 7:10:15,,"1,00","12 182,00",Нет,,,,
2026-05-24 8:06:34,78950096-0035-1,751134817191000,751134817191000,CASA-270250-LGR,[Fbs] Статус неизвестен,Покупатель отказался при вручении: товар не подошел,2026-05-24 7:53:47,,"1,00","14 219,00",Нет,,,,
2026-05-24 10:06:32,0109603493-0251-1,,251102524002000,CANT-265250-MILK,[Fbs] Статус неизвестен,Покупатель передумал,2026-05-24 9:54:37,,"1,00","15 372,00",Да,,,,
2026-05-24 12:06:36,47195684-0189-1,,251121938141000,CASA-260150-OLIV,[Fbs] Статус неизвестен,Покупатель передумал,2026-05-24 11:24:20,,"1,00","8 009,00",Да,,,,
2026-05-24 12:06:36,47195684-0189-3,,501639640702000,CASA-260150-OLIV,[Fbs] Статус неизвестен,Покупатель передумал,2026-05-24 11:24:20,,"1,00","8 009,00",Да,,,,
2026-05-24 12:06:36,47195684-0189-1,,251121938141000,CASA-260150-OLIV,[Fbs] Статус неизвестен,Покупатель передумал,2026-05-24 11:24:20,,"1,00","8 009,00",Да,,,,
2026-05-24 12:06:36,41986882-0197-1,801660279408000,801660279408000,CASA-280200-VEN,[Fbs] Статус неизвестен,Покупатель отменил заказ,2026-05-24 12:03:35,,"1,00","10 870,00",Нет,,,,
2026-05-24 15:06:35,68309244-0465-1,ii11801827686,951142756808000,CASA-275250-GR,[Fbs] Статус неизвестен,Покупатель передумал,2026-05-24 14:37:58,,"1,00","14 219,00",Да,,,,
2026-05-24 17:06:34,34184500-0823-5,,351139513003000,CALM-270200-MLK,[Fbs] Статус неизвестен,Покупатель передумал,2026-05-24 16:50:06,,"1,00","8 910,00",Да,,,,
2026-05-24 18:06:33,13138601-0222-1,ii9070523433,601648344468000,ADR-290700(Shamp),[Fbs] Статус неизвестен,Покупатель передумал,2026-05-24 17:30:33,,"1,00","4 922,00",Да,,,,
2026-05-24 18:06:33,26208517-0545-1,251143861191000,251143861191000,ADR-285300V(Grey),[Fbs] Статус неизвестен,Покупатель отказался при вручении: в заказе не тот товар,2026-05-24 17:33:36,,"1,00","3 167,00",Нет,,,,
2026-05-24 18:06:33,0100354107-0129-2,701640819327000,701640819327000,CASA-245150-VEN,[Fbs] Статус неизвестен,Покупатель отказался при вручении: товар не подошел,2026-05-24 17:37:23,,"1,00","8 009,00",Нет,,,,
2026-05-24 18:06:33,51062804-0096-1,551143543506000,551143543506000,CANT-270150-BLUE,[Fbs] Статус неизвестен,Покупатель отказался при вручении: товар не подошел,2026-05-24 18:05:17,,"1,00","8 684,00",Нет,,,,
2026-05-24 19:06:34,72903375-0447-1,651121517784000,651121517784000,CASA-275150-VEN,[Fbs] Статус неизвестен,Покупатель отменил заказ,2026-05-24 18:37:57,,"1,00","7 903,00",Нет,,,,
2026-05-24 20:06:34,0142117796-0162-1,201877544088000,201877544088000,CANT-265200-LGR,[Fbs] Статус неизвестен,Покупатель отказался при вручении: товар не подошел,2026-05-24 19:44:57,,"1,00","11 433,00",Нет,,,,
2026-05-25 11:06:34,0149507396-0191-1,301654138096000,301654138096000,FEST-275250-CAP,[Fbs] Статус неизвестен,Покупатель отказался при вручении: товар не подошел,2026-05-25 10:10:56,,"1,00","12 642,00",Нет,,,,
2026-05-25 11:06:34,0149507396-0192-1,801648913591000,801648913591000,FEST-275250-GR,[Fbs] Статус неизвестен,Покупатель отказался при вручении: товар не подошел,2026-05-25 10:10:56,,"1,00","12 642,00",Нет,,,,
2026-05-25 11:06:34,10880653-0301-1,501652401526000,501652401526000,ADR-280500ALL,[Fbs] Статус неизвестен,Покупатель отказался при вручении: товар не подошел,2026-05-25 10:13:58,,"1,00","4 709,00",Нет,,,,
2026-05-25 11:06:34,47667868-0708-1,251130946169000,251130946169000,CASA-265300-MLK,[Fbs] Статус неизвестен,Покупатель отказался при вручении: товар не подошел,2026-05-25 10:46:10,,"1,00","16 066,00",Нет,,,,
2026-05-25 11:06:34,47667868-0708-3,401642760848000,401642760848000,CASA-265250-PUDR,[Fbs] Статус неизвестен,Покупатель отказался при вручении: товар не подошел,2026-05-25 10:46:10,,"1,00","14 219,00",Нет,,,,
2026-05-25 12:06:33,0150668592-0010-1,501650630944000,501650630944000,CASA-220150-B,[Fbs] Статус неизвестен,Покупатель отказался при вручении: товар не подошел,2026-05-25 11:21:18,,"1,00","8 009,00",Нет,,,,
2026-05-25 13:06:32,31087899-0306-1,451130167765000,451130167765000,FEST-255200-BEZH,[Fbs] Статус неизвестен,Покупатель отказался при вручении: товар не подошел,2026-05-25 12:26:42,,"1,00","9 740,00",Нет,,,,
2026-05-25 13:06:32,19209850-0057-2,201881505967000,201881505967000,ADR-150150(Shamp),[Fbs] Статус неизвестен,Покупатель отказался при вручении: товар не подошел,2026-05-25 13:03:13,,"1,00","1 421,00",Нет,,,,
2026-05-25 13:06:32,19209850-0057-2,201881505967000,201881505967000,ADR-150150V(Milk),[Fbs] Статус неизвестен,Покупатель отказался при вручении: товар не подошел,2026-05-25 13:03:13,,"1,00","1 608,00",Нет,,,,
2026-05-25 15:06:34,49906799-0121-1,501643357913000,501643357913000,ADR-280300(Shamp),[Fbs] Статус неизвестен,Покупатель отказался при вручении: товар не подошел,2026-05-25 14:44:17,,"1,00","2 564,00",Нет,,,,
2026-05-25 21:06:33,82058664-0165-1,601661858642000,601661858642000,CANT-260150-MILK,[Fbs] Статус неизвестен,Покупатель отказался при вручении: товар не подошел,2026-05-25 20:15:49,,"1,00","8 684,00",Нет,,,,
2026-05-25 21:06:33,14201729-0782-1,851156595491000,851156595491000,ADR-260200LR(Grey),[Fbs] Статус неизвестен,Покупатель отменил заказ: не устроил срок доставки,2026-05-25 20:54:34,,"1,00","2 584,00",Нет,,,,
2026-05-25 21:06:33,14201729-0782-1,851156595491000,851156595491000,ADR-260200LR(Grey),[Fbs] Статус неизвестен,Покупатель отменил заказ: не устроил срок доставки,2026-05-25 20:54:34,,"1,00","2 584,00",Нет,,,,
2026-05-26 1:06:32,87552564-0047-2,551117832514000,551117832514000,CASA-280300-OLIV,[Fbs] Статус неизвестен,Покупатель не забрал заказ,2026-05-26 0:08:31,,"1,00","13 218,00",Нет,,,,
2026-05-26 8:06:33,31087899-0316-1,851158672814000,851158672814000,FEST-255150-CAP,[Fbs] Статус неизвестен,Покупатель отменил заказ: нашел дешевле,2026-05-26 7:22:21,,"1,00","7 913,00",Нет,,,,
2026-05-26 9:06:37,51646093-0015-1,701647278798000,701647278798000,CASA-245250-OLIV,[Fbs] Статус неизвестен,Покупатель отказался при вручении: товар не подошел,2026-05-26 8:18:28,,"1,00","13 819,00",Нет,,,,
2026-05-26 12:06:33,41011047-0698-1,ii15885844561,351132062019000,CANT-240200-LGR,[Fbs] Статус неизвестен,Товар не работает / брак,2026-05-26 11:32:54,,"1,00","12 182,00",Да,,,,
2026-05-26 12:06:33,0131715446-0089-1,ii16012030484,451139800739000,ADR-230300LR(Grey),[Fbs] Статус неизвестен,Покупатель отказался при вручении: товар не подошел,2026-05-26 12:01:19,,"1,00","3 221,00",Да,,,,
2026-05-26 12:06:33,0131715446-0089-1,ii16012030483,451139800739000,ADR-230300LR(Grey),[Fbs] Статус неизвестен,Покупатель отказался при вручении: товар не подошел,2026-05-26 12:01:19,,"1,00","3 221,00",Да,,,,
2026-05-26 13:06:34,48381639-0217-3,201860989630000,201860989630000,CASA-245150-MLK,[Fbs] Статус неизвестен,Покупатель отказался при вручении: товар не подошел,2026-05-26 12:43:09,,"1,00","8 009,00",Нет,,,,
2026-05-26 13:06:34,58342457-2355-1,701663282219000,701663282219000,CALM-285250-LAT,[Fbs] Статус неизвестен,Покупатель отказался при вручении: товар не подошел,2026-05-26 12:59:06,,"1,00","10 462,00",Нет,,,,
2026-05-26 15:06:32,36159223-1072-3,,201871519250000,CANT-270250-PUDR,[Fbs] Статус неизвестен,Покупатель передумал,2026-05-26 15:03:47,,"1,00","10 935,00",Да,,,,
2026-05-26 17:06:34,04502338-0299-1,,401628695447000,ADR-285500V,[Fbs] Статус неизвестен,Покупатель передумал,2026-05-26 16:39:38,,"1,00","4 527,00",Да,,,,
2026-05-26 17:06:34,04502338-0318-1,,701655962909000,FEST-280250-CAP,[Fbs] Статус неизвестен,Покупатель передумал,2026-05-26 16:39:38,,"1,00","12 642,00",Да,,,,
2026-05-26 18:06:34,34626148-0098-1,,551134267773000,CANT-260200-CAP,[Fbs] Статус неизвестен,Покупатель передумал,2026-05-26 17:15:18,,"1,00","10 936,00",Да,,,,
2026-05-26 18:06:34,34626148-0098-3,,201866095160000,CANT-260200-MILK,[Fbs] Статус неизвестен,Покупатель передумал,2026-05-26 17:15:18,,"1,00","10 936,00",Да,,,,
2026-05-26 18:06:34,0213281680-0035-1,,801655791637000,ADR-320200V,[Fbs] Статус неизвестен,Покупатель передумал,2026-05-26 18:03:00,,"1,00","2 732,00",Да,,,,
2026-05-26 18:06:34,0213281680-0035-1,,801655791637000,ADR-320200V,[Fbs] Статус неизвестен,Покупатель передумал,2026-05-26 18:03:00,,"1,00","2 732,00",Да,,,,
2026-05-26 18:06:34,0213281680-0035-1,,801655791637000,ADR-320200V,[Fbs] Статус неизвестен,Покупатель передумал,2026-05-26 18:03:00,,"1,00","2 732,00",Да,,,,
2026-05-26 19:06:33,26544745-0454-2,ii11812802467,901659086909000,CANT-260300-OLIV,[Fbs] Статус неизвестен,Покупатель передумал,2026-05-26 18:32:24,,"1,00","19 400,00",Да,,,,
2026-05-26 19:06:33,16766398-0053-1,,251152125920000,ADR-275200L,[Fbs] Статус неизвестен,Покупатель отказался при вручении: товар не подошел,2026-05-26 18:35:08,,"1,00","2 156,00",Да,,,,
2026-05-26 19:06:33,16766398-0053-1,,251152125920000,ADR-275200L,[Fbs] Статус неизвестен,Покупатель отказался при вручении: товар не подошел,2026-05-26 18:35:08,,"1,00","2 156,00",Да,,,,
2026-05-26 20:06:32,18736507-0396-1,,551142096705000,CANT-245200-LAT,[Fbs] Статус неизвестен,Покупатель передумал,2026-05-26 19:29:24,,"1,00","10 535,00",Да,,,,
2026-05-26 20:06:32,18736507-0397-1,,801653447712000,CANT-245250-B,[Fbs] Статус неизвестен,Покупатель передумал,2026-05-26 19:29:24,,"1,00","13 885,00",Да,,,,
2026-05-26 20:06:32,60173870-0723-1,,951156084756000,ADR-250350(Shamp),[Fbs] Статус неизвестен,Покупатель передумал,2026-05-26 19:33:26,,"1,00","2 807,00",Да,,,,
2026-05-26 20:06:32,0246294976-0003-2,501627191487000,501627191487000,ADR-300200V,[Fbs] Статус неизвестен,Покупатель не забрал заказ,2026-05-26 20:01:16,,"1,00","2 732,00",Нет,,,,
2026-05-26 22:06:33,51266318-0388-1,551151689894000,551151689894000,CANT-250150-OLIV,[Fbs] Статус неизвестен,Покупатель отменил заказ: нашел дешевле,2026-05-26 21:10:13,,"1,00","8 684,00",Нет,,,,
2026-05-26 22:06:33,84653088-0648-3,751153819856000,751153819856000,ADR-275300LR(Grey),[Fbs] Статус неизвестен,Покупатель отменил заказ: нашел дешевле,2026-05-26 21:34:43,,"1,00","3 434,00",Нет,,,,
2026-05-26 22:06:33,84653088-0648-3,751153819856000,751153819856000,ADR-275300LR(Grey),[Fbs] Статус неизвестен,Покупатель отменил заказ: нашел дешевле,2026-05-26 21:34:43,,"1,00","3 434,00",Нет,,,,
2026-05-26 22:06:33,84653088-0648-3,751153819856000,751153819856000,ADR-275300LR(Grey),[Fbs] Статус неизвестен,Покупатель отменил заказ: нашел дешевле,2026-05-26 21:34:43,,"1,00","3 434,00",Нет,,,,
2026-05-27 1:06:37,46117097-0992-1,801603967235000,801603967235000,CANT-270300-MILK,[Fbs] Статус неизвестен,Покупатель не забрал заказ,2026-05-27 1:00:35,,"1,00","17 265,00",Нет,,,,
2026-05-27 3:06:34,38709451-0110-1,251141747580000,251141747580000,CASA-265300-SIL,[Fbs] Статус неизвестен,Покупатель отменил заказ: нашел дешевле,2026-05-27 2:08:10,,"1,00","16 066,00",Нет,,,,
2026-05-27 10:06:34,70645322-0164-1,751146256304000,751146256304000,CANT-265150-CAP,[Fbs] Статус неизвестен,Покупатель отказался при вручении: товар не подошел,2026-05-27 9:35:27,,"1,00","8 684,00",Нет,,,,
2026-05-27 11:06:32,91591352-0069-2,951152281094000,951152281094000,ADR-265250V,[Fbs] Статус неизвестен,Покупатель отказался при вручении: товар не подошел,2026-05-27 10:27:52,,"1,00","2 481,00",Нет,,,,
2026-05-27 11:06:32,51539537-0548-1,951150373832000,951150373832000,CALM-250150-MLK,[Fbs] Статус неизвестен,Покупатель отказался при вручении: товар не подошел,2026-05-27 10:30:08,,"1,00","6 283,00",Нет,,,,
2026-05-27 15:06:33,73897723-0131-1,,251144568768000,ADR-310290(Shamp),[Fbs] Статус неизвестен,Покупатель передумал,2026-05-27 14:25:11,,"1,00","2 589,00",Да,,,,
2026-05-27 15:06:33,73897723-0131-1,,251144568768000,ADR-310290(Shamp),[Fbs] Статус неизвестен,Покупатель передумал,2026-05-27 14:25:11,,"1,00","2 589,00",Да,,,,
2026-05-27 15:06:33,58342457-2353-1,ii11847079900,651148158378000,CALM-285250-MLK,[Fbs] Статус неизвестен,Покупатель передумал,2026-05-27 14:33:00,,"1,00","10 462,00",Да,,,,
2026-05-27 15:06:33,47079464-1251-1,,351140144174000,CASA-240200-GR,[Fbs] Статус неизвестен,Покупатель передумал,2026-05-27 14:45:21,,"1,00","10 870,00",Да,,,,
2026-05-27 16:06:33,61614160-0452-1,551152125798000,551152125798000,CASA-255200-VEN,[Fbs] Статус неизвестен,Покупатель отказался при вручении: товар не подошел,2026-05-27 15:25:00,,"1,00","10 870,00",Нет,,,,
2026-05-27 17:06:32,32901930-0608-2,,601607707364000,CASA-300300-CAP,[Fbs] Статус неизвестен,Товар в неполной комплектации,2026-05-27 16:37:44,,"1,00","17 122,00",Да,,,,
2026-05-27 19:06:33,84942268-1768-1,901652296960000,901652296960000,CANT-250200-B,[Fbs] Статус неизвестен,Покупатель отказался при вручении: товар не подошел,2026-05-27 18:21:00,,"1,00","11 226,00",Нет,,,,
2026-05-27 19:06:33,0113602353-0206-1,ii15839116011,251119058950000,ADR-275500(Grey),[Fbs] Статус неизвестен,Покупатель передумал,2026-05-27 18:40:27,,"1,00","3 890,00",Да,,,,
2026-05-27 19:06:33,84091932-0475-1,601653074854000,601653074854000,CANT-255250-LGR,[Fbs] Статус неизвестен,Покупатель отказался при вручении: товар не подошел,2026-05-27 18:53:34,,"1,00","15 372,00",Нет,,,,
2026-05-27 20:06:32,99975037-0955-1,351158611395000,351158611395000,CANT-240150-CAP,[Fbs] Статус неизвестен,Покупатель отказался при вручении: товар не подошел,2026-05-27 19:27:01,,"1,00","9 254,00",Нет,,,,
2026-05-27 22:06:33,51266318-0393-1,701673778766000,701673778766000,CANT-250150-OLIV,[Fbs] Статус неизвестен,Покупатель отменил заказ,2026-05-27 21:17:18,,"1,00","8 684,00",Нет,,,,
2026-05-28 3:06:34,0126839679-0866-1,651140451289000,651140451289000,CASA-275200-OLIV,[Fbs] Статус неизвестен,Покупатель отменил заказ: не устроил срок доставки,2026-05-28 2:25:11,,"1,00","10 870,00",Нет,,,,
2026-05-28 8:06:32,11155409-0363-1,,351145009169000,ADR-290200(Shamp),[Fbs] Статус неизвестен,Покупатель отказался при вручении: товар не подошел,2026-05-28 7:30:33,,"1,00","2 043,00",Да,,,,
2026-05-28 8:06:32,11155409-0363-1,,351145009169000,ADR-290200(Shamp),[Fbs] Статус неизвестен,Покупатель отказался при вручении: товар не подошел,2026-05-28 7:30:33,,"1,00","2 043,00",Да,,,,
2026-05-28 8:06:32,11155409-0363-1,,351145009169000,ADR-290200(Shamp),[Fbs] Статус неизвестен,Покупатель отказался при вручении: товар не подошел,2026-05-28 7:30:33,,"1,00","2 043,00",Да,,,,
2026-05-28 8:06:32,11155409-0363-1,,351145009169000,ADR-290200(Shamp),[Fbs] Статус неизвестен,Покупатель отказался при вручении: товар не подошел,2026-05-28 7:30:33,,"1,00","2 043,00",Да,,,,
2026-05-28 12:06:32,02863255-2036-3,,851154903880000,CANT-255150-MILK,[Fbs] Статус неизвестен,Покупатель отказался при вручении: товар не подошел,2026-05-28 11:42:10,,"1,00","8 684,00",Да,,,,
2026-05-28 12:06:32,02863255-2036-3,,851154903880000,CANT-255150-MILK,[Fbs] Статус неизвестен,Покупатель отказался при вручении: товар не подошел,2026-05-28 11:42:10,,"1,00","8 684,00",Да,,,,
2026-05-28 12:06:32,02863255-2036-3,,851154903880000,CANT-255150-OLIV,[Fbs] Статус неизвестен,Покупатель отказался при вручении: товар не подошел,2026-05-28 11:42:10,,"1,00","9 665,00",Да,,,,
2026-05-28 13:06:32,18736507-0392-1,,501651765237000,CANT-250200-OLIV,[Fbs] Статус неизвестен,Покупатель передумал,2026-05-28 12:26:23,,"1,00","11 433,00",Да,,,,
2026-05-28 13:06:32,51646093-0015-3,,351139690391000,CASA-240250-OLIV,[Fbs] Статус неизвестен,Покупатель передумал,2026-05-28 13:04:34,,"1,00","14 219,00",Да,,,,
2026-05-28 13:06:32,51646093-0016-1,,551145292645000,CANT-240250-OLIV,[Fbs] Статус неизвестен,Покупатель передумал,2026-05-28 13:04:34,,"1,00","16 427,00",Да,,,,
2026-05-28 15:06:33,59838794-0099-1,901666858155000,901666858155000,ADR-245250V(Milk),[Fbs] Статус неизвестен,Покупатель отказался при вручении: товар не подошел,2026-05-28 14:15:32,,"1,00","2 915,00",Нет,,,,
2026-05-28 15:06:33,67445045-0604-1,,851153184629000,CANT-260200-WGR,[Fbs] Статус неизвестен,Покупатель отказался при вручении: товар не подошел,2026-05-28 14:37:59,,"1,00","11 226,00",Да,,,,
2026-05-28 15:06:33,67445045-0604-1,,851153184629000,CANT-260200-LGR,[Fbs] Статус неизвестен,Покупатель отказался при вручении: товар не подошел,2026-05-28 14:37:59,,"1,00","11 433,00",Да,,,,
2026-05-28 16:06:35,0183681988-0055-4,,201866522135000,ADR-290700LR(Milk),[Fbs] Статус неизвестен,Покупатель передумал,2026-05-28 15:51:46,,"1,00","6 491,00",Да,,,,
2026-05-28 16:06:35,42380660-2307-1,,201878887908000,CASA-265250-B,[Fbs] Статус неизвестен,Покупатель передумал,2026-05-28 16:05:14,,"1,00","14 219,00",Да,,,,
2026-05-28 17:06:34,59478151-0287-1,951157491511000,951157491511000,ADR-305290V,[Fbs] Статус неизвестен,Покупатель отказался при вручении: товар не подошел,2026-05-28 16:24:15,,"1,00","2 915,00",Нет,,,,
2026-05-28 17:06:34,59478151-0287-1,951157491511000,951157491511000,ADR-305290V,[Fbs] Статус неизвестен,Покупатель отказался при вручении: товар не подошел,2026-05-28 16:24:15,,"1,00","2 915,00",Нет,,,,
2026-05-28 17:06:34,74797413-0332-4,851155711671000,851155711671000,CANT-270300-CAP,[Fbs] Статус неизвестен,Покупатель отказался при вручении: товар не подошел,2026-05-28 16:54:40,,"1,00","18 393,00",Нет,,,,
2026-05-28 18:06:34,61614160-0452-3,,451153704100000,CANT-255200-CAP,[Fbs] Статус неизвестен,Покупатель передумал,2026-05-28 17:33:28,,"1,00","11 433,00",Да,,,,
2026-05-28 18:06:34,46206486-0235-2,ii11815786699,351160562026000,ADR-270200L(Black),[Fbs] Статус неизвестен,Покупатель передумал,2026-05-28 17:35:29,,"1,00","2 410,00",Да,,,,
2026-05-28 18:06:34,46206486-0235-2,ii11815786698,351160562026000,ADR-270200L(Black),[Fbs] Статус неизвестен,Покупатель передумал,2026-05-28 17:35:29,,"1,00","2 410,00",Да,,,,
2026-05-28 19:06:35,35086772-0705-1,ii11847340145,651153398260000,ADR-265400LR(Milk),[Fbs] Статус неизвестен,Покупатель передумал,2026-05-28 18:47:41,,"1,00","4 005,00",Да,,,,
2026-05-28 19:06:35,18230646-0202-3,,751143085211000,ADR-270150LR(Milk),[Fbs] Статус неизвестен,Покупатель передумал,2026-05-28 19:05:10,,"1,00","2 089,00",Да,,,,
2026-05-28 19:06:35,18230646-0202-3,,751143085211000,ADR-270150V(Milk),[Fbs] Статус неизвестен,Покупатель передумал,2026-05-28 19:05:10,,"1,00","2 035,00",Да,,,,
2026-05-28 20:06:34,34581391-0117-1,701661046392000,701661046392000,CALM-270300-GREEN,[Fbs] Статус неизвестен,Покупатель отказался при вручении: товар не подошел,2026-05-28 19:30:55,,"1,00","12 633,00",Нет,,,,
2026-05-28 21:06:33,38557950-0604-1,451156836704000,451156836704000,ADR-250150LR,[Fbs] Статус неизвестен,Покупатель отказался при вручении: товар не подошел,2026-05-28 20:24:42,,"1,00","2 215,00",Нет,,,,
2026-05-28 21:06:33,38557950-0604-1,451156836704000,451156836704000,ADR-250150LR,[Fbs] Статус неизвестен,Покупатель отказался при вручении: товар не подошел,2026-05-28 20:24:42,,"1,00","2 215,00",Нет,,,,
2026-05-28 21:06:33,40119216-0242-1,651156439531000,651156439531000,CANT-265200-LGR,[Fbs] Статус неизвестен,Покупатель отказался при вручении: товар не подошел,2026-05-28 20:36:07,,"1,00","11 433,00",Нет,,,,
2026-05-28 21:06:33,40119216-0242-7,301676615135000,301676615135000,CANT-265200-PUDR,[Fbs] Статус неизвестен,Покупатель отказался при вручении: товар не подошел,2026-05-28 20:36:07,,"1,00","11 433,00",Нет,,,,
2026-05-29 9:06:33,31403804-0139-1,,251140181660000,CANT-270200-OLIV,[Fbs] Статус неизвестен,Покупатель передумал,2026-05-29 8:47:12,,"1,00","12 958,00",Да,,,,
2026-05-29 10:06:32,47868876-0312-1,ii15859256183,851146453475000,ADR-275300LR(Milk),[Fbs] Статус неизвестен,Покупатель передумал,2026-05-29 9:21:46,,"1,00","3 559,00",Да,,,,
2026-05-29 10:06:32,47868876-0312-1,ii15859256185,851146453475000,ADR-275250LR(Milk),[Fbs] Статус неизвестен,Покупатель передумал,2026-05-29 9:21:46,,"1,00","2 993,00",Да,,,,
2026-05-29 10:06:32,47868876-0312-1,ii15859256182,851146453475000,ADR-275500LR(Milk),[Fbs] Статус неизвестен,Покупатель передумал,2026-05-29 9:21:46,,"1,00","4 963,00",Да,,,,
2026-05-29 11:06:42,82765731-0225-1,701669318981000,701669318981000,CANT-265200-OLIV,[Fbs] Статус неизвестен,Покупатель отказался при вручении: товар не подошел,2026-05-29 10:27:50,,"1,00","11 433,00",Нет,,,,
2026-05-29 13:06:32,37730457-0224-1,ii11840533133,851161841626000,CASA-285200-CAP,[Fbs] Статус неизвестен,Покупатель передумал,2026-05-29 12:42:42,,"1,00","11 233,00",Да,,,,
2026-05-29 15:06:33,46916473-0257-1,501671894531000,501671894531000,CANT-230200-OLIV,[Fbs] Статус неизвестен,Покупатель отменил заказ: нашел дешевле,2026-05-29 14:47:38,,"1,00","11 433,00",Нет,,,,
2026-05-29 18:06:33,34888486-0217-1,ii11833803369,551160347274000,CANT-265250-PUDR,[Fbs] Статус неизвестен,Упаковка и товар повреждены,2026-05-29 17:07:37,,"1,00","11 433,00",Да,брак ткани,Макарова,,
2026-05-29 18:06:33,51170382-0115-1,,501656495707000,ADR-230400(Shamp),[Fbs] Статус неизвестен,Покупатель отказался при вручении: товар не подошел,2026-05-29 17:26:38,,"1,00","3 310,00",Да,,,,
2026-05-29 18:06:33,51170382-0115-1,,501656495707000,ADR-230400(Shamp),[Fbs] Статус неизвестен,Покупатель отказался при вручении: товар не подошел,2026-05-29 17:26:38,,"1,00","3 310,00",Да,,,,
2026-05-29 18:06:33,0101849239-0348-2,901671423102000,901671423102000,ADR-210150V(Milk),[Fbs] Статус неизвестен,Покупатель отказался при вручении: товар не подошел,2026-05-29 17:32:44,,"1,00","2 035,00",Нет,,,,
2026-05-29 19:06:32,14817727-0229-2,ii16008624443,601676592076000,ADR-300290V(Milk),[Fbs] Статус неизвестен,Покупатель отказался при вручении: товар не подошел,2026-05-29 18:53:18,,"1,00","3 293,00",Да,,,,
2026-05-29 21:06:35,45704953-2491-1,ii11847127681,451161703306000,ADR-290150ALL,[Fbs] Статус неизвестен,Покупатель передумал,2026-05-29 20:29:12,,"1,00","1 840,00",Да,,,,
2026-05-29 21:06:35,45704953-2491-1,ii11847127680,451161703306000,ADR-290150ALL,[Fbs] Статус неизвестен,Покупатель передумал,2026-05-29 20:29:12,,"1,00","1 840,00",Да,,,,
2026-05-29 22:06:34,57230572-0230-2,ii11842776195,251148313240000,CANT-255300-LGR,[Fbs] Статус неизвестен,Покупатель передумал,2026-05-29 21:49:46,,"1,00","18 393,00",Да,,,,
2026-05-30 13:06:33,0113539497-0342-1,ii16911109862,201886263539000,CANT-270150-OLIV,[Fbo] Статус неизвестен,Покупатель отказался при вручении: товар не подошел,2026-05-30 12:24:45,,"1,00","8 684,00",Нет,,,,
2026-05-30 13:06:33,0113539497-0342-3,ii16911109869,251149978323000,CANT-270150-OLIV,[Fbo] Статус неизвестен,Покупатель отказался при вручении: товар не подошел,2026-05-30 12:24:45,,"1,00","8 684,00",Нет,,,,
2026-05-30 14:06:33,13394883-0667-3,551162728337000,551162728337000,CANT-255200-PUDR,[Fbs] Статус неизвестен,Покупатель отказался при вручении: товар не подошел,2026-05-30 13:14:39,,"1,00","11 433,00",Нет,,,,
2026-05-30 14:06:33,13394883-0666-3,501675944338000,501675944338000,CASA-255250-B,[Fbs] Статус неизвестен,Покупатель отказался при вручении: товар не подошел,2026-05-30 13:14:39,,"1,00","14 219,00",Нет,,,,
2026-05-30 14:06:33,13394883-0667-1,701674000909000,701674000909000,CANT-255250-PUDR,[Fbs] Статус неизвестен,Покупатель отказался при вручении: товар не подошел,2026-05-30 13:14:39,,"1,00","11 433,00",Нет,,,,
2026-05-30 14:06:33,51063785-0674-3,ii11847426560,801644912234000,CANT-250150-OLIV,[Fbs] Статус неизвестен,Покупатель передумал,2026-05-30 13:51:23,,"1,00","8 684,00",Да,,,,
2026-05-30 15:06:35,62405909-0775-1,951160674635000,951160674635000,CASA-240300-B,[Fbs] Статус неизвестен,Покупатель отказался при вручении: товар не подошел,2026-05-30 14:24:17,,"1,00","16 066,00",Нет,,,,
2026-05-30 15:06:35,50138475-0323-1,,201888653843000,ADR-245300L(Grey),[Fbs] Статус неизвестен,Покупатель передумал,2026-05-30 14:45:50,,"1,00","3 199,00",Да,,,,
2026-05-30 15:06:35,49852363-0467-1,701672440183000,701672440183000,ADR-120400(Black),[Fbs] Статус неизвестен,Покупатель отказался при вручении: товар не подошел,2026-05-30 15:00:18,,"1,00","2 335,00",Нет,,,,
2026-05-30 15:06:35,49852363-0466-1,701672435079000,701672435079000,ADR-120400(Grey),[Fbs] Статус неизвестен,Покупатель отказался при вручении: товар не подошел,2026-05-30 15:00:18,,"1,00","2 335,00",Нет,,,,
2026-05-30 16:06:33,64490980-0168-1,ii15991311457,601617122148000,ADR-310290V(Milk),[Fbs] Статус неизвестен,Покупатель передумал,2026-05-30 15:07:23,,"1,00","3 088,00",Да,,,,
2026-05-30 17:06:33,45754372-0541-1,301676064824000,301676064824000,ADR-260500,[Fbs] Статус неизвестен,Покупатель отказался при вручении: товар не подошел,2026-05-30 16:23:28,,"1,00","3 890,00",Нет,,,,
2026-05-30 17:06:33,45754372-0542-1,501672858158000,501672858158000,ADR-270500,[Fbs] Статус неизвестен,Покупатель отказался при вручении: товар не подошел,2026-05-30 16:23:28,,"1,00","4 720,00",Нет,,,,
2026-05-30 17:06:33,62405909-0775-5,ii11846467562,201888985909000,CASA-240300-OLIV,[Fbs] Статус неизвестен,Покупатель передумал,2026-05-30 17:03:04,,"1,00","16 066,00",Да,,,,
2026-05-30 17:06:33,62405909-0775-3,201888985903000,201888985903000,CANT-240300-CAP,[Fbs] Статус неизвестен,Покупатель отказался при вручении: товар не подошел,2026-05-30 17:03:34,,"1,00","17 265,00",Нет,,,,
2026-05-30 19:06:33,0110353206-0166-1,951174782980000,951174782980000,ADR-150400V(Grey),[Fbs] Статус неизвестен,Покупатель отменил заказ: нашел дешевле,2026-05-30 18:40:55,,"1,00","2 768,00",Нет,,,,
2026-05-30 19:06:33,0110353206-0166-1,951174782980000,951174782980000,ADR-150400V(Grey),[Fbs] Статус неизвестен,Покупатель отменил заказ: нашел дешевле,2026-05-30 18:40:55,,"1,00","2 768,00",Нет,,,,
2026-05-30 19:06:33,84942268-1771-1,ii15841572913,951146792987000,CANT-250200-MILK,[Fbs] Статус неизвестен,Покупатель передумал,2026-05-30 18:44:42,,"1,00","11 433,00",Да,,,,
2026-05-30 20:06:33,47933855-0677-1,,401654655038000,CANT-265200-OLIV,[Fbs] Статус неизвестен,Покупатель передумал,2026-05-30 19:18:09,,"1,00","10 862,00",Да,,,,
2026-05-30 20:06:33,42647338-0263-7,801669082746000,801669082746000,CANT-265250-PUDR,[Fbs] Статус неизвестен,Покупатель отказался при вручении: товар не подошел,2026-05-30 19:52:53,,"1,00","11 433,00",Нет,,,,
2026-05-30 20:06:33,42647338-0263-1,301672897844000,301672897844000,CANT-265250-B,[Fbs] Статус неизвестен,Покупатель отказался при вручении: товар не подошел,2026-05-30 19:52:53,,"1,00","13 885,00",Нет,,,,
2026-05-30 20:06:33,42647338-0263-5,801669082745000,801669082745000,CANT-265250-MILK,[Fbs] Статус неизвестен,Покупатель отказался при вручении: товар не подошел,2026-05-30 19:52:53,,"1,00","15 372,00",Нет,,,,
2026-05-30 21:06:33,71871305-0704-1,ii15856656278,651130605052000,ADR-220150LR(Grey),[Fbs] Статус неизвестен,Покупатель передумал,2026-05-30 20:31:27,,"1,00","2 151,00",Да,,,,
2026-05-31 11:06:34,34888486-0213-1,,701639552064000,CANT-265200-PUDR,[Fbs] Статус неизвестен,Покупатель передумал,2026-05-31 10:51:18,,"1,00","11 433,00",Да,,,,
2026-05-31 12:06:34,46326962-0420-1,251144289350000,251144289350000,STEL-265250CAP,[Fbs] Статус неизвестен,Покупатель отказался при вручении: товар не подошел,2026-05-31 11:14:16,,"1,00","12 853,00",Нет,,,,
2026-05-31 12:06:34,28671991-0893-3,701656857286000,701656857286000,CALM-270250-LAT,[Fbs] Статус неизвестен,Покупатель отказался при вручении: товар не подошел,2026-05-31 11:22:04,,"1,00","10 462,00",Нет,,,,
2026-05-31 12:06:34,65423357-0219-1,ii15849605647,251152212437000,ADR-220350V(Milk),[Fbs] Статус неизвестен,Покупатель передумал,2026-05-31 11:40:13,,"1,00","3 399,00",Да,,,,
2026-05-31 13:06:33,37856780-0564-1,,451164803282000,CANT-255150-BLUE,[Fbs] Статус неизвестен,Покупатель передумал,2026-05-31 12:21:32,,"1,00","8 792,00",Да,,,,
2026-05-31 13:06:33,57230572-0239-1,751166587054000,751166587054000,CANT-255300-WGR,[Fbs] Статус неизвестен,Покупатель отказался при вручении: недоволен качеством товара,2026-05-31 12:37:00,,"1,00","16 959,00",Нет,,,,
2026-05-31 14:06:33,30088529-0249-1,551166158351000,551166158351000,CASA-275200-CAP,[Fbs] Статус неизвестен,Покупатель отказался при вручении: товар не подошел,2026-05-31 13:18:34,,"1,00","11 233,00",Нет,,,,
2026-05-31 15:06:33,48943960-0865-1,ii11807041952,251150322554000,CASA-260200-OLIV,[Fbs] Статус неизвестен,Покупатель передумал,2026-05-31 14:48:40,,"1,00","10 552,00",Да,,,,
2026-05-31 20:06:33,57619411-0578-2,ii11874152572,651160672893000,ADR-310200(Grey),[Fbs] Статус неизвестен,Покупатель отказался при вручении: товар не подошел,2026-05-31 19:35:40,,"1,00","2 273,00",Да,,,,
2026-05-31 21:06:34,37730457-0229-3,251160776917000,251160776917000,CASA-280200-MLK,[Fbs] Статус неизвестен,Покупатель отказался при вручении: товар не подошел,2026-05-31 20:50:48,,"1,00","10 870,00",Нет,,,,
2026-06-01 12:06:33,90893895-0224-1,401655293784000,401655293784000,CANT-260200-OLIV,[Fbs] Статус неизвестен,Покупатель отказался при вручении: товар не подошел,2026-06-01 11:18:28,,"1,00","12 958,00",Нет,,,,
2026-06-01 13:06:33,37307684-3110-1,ii16012642319,501674003156000,CASA-270250-OLIV,[Fbs] Статус неизвестен,Покупатель передумал,2026-06-01 12:08:36,,"1,00","13 819,00",Да,,,,
2026-06-01 13:06:33,50443204-0416-1,,451156943237000,CANT-260150-PUDR,[Fbs] Статус неизвестен,Покупатель передумал,2026-06-01 12:39:45,,"1,00","8 684,00",Да,,,,
2026-06-01 14:06:32,73511031-0316-1,651159990932000,651159990932000,ADR-240400LR,[Fbs] Статус неизвестен,Покупатель отказался при вручении: товар не подошел,2026-06-01 13:07:36,,"1,00","3 977,00",Нет,,,,
2026-06-01 14:06:32,78931792-0318-1,ii15849025092,751128350825000,CANT-270200-OLIV,[Fbs] Статус неизвестен,Покупатель передумал,2026-06-01 13:22:35,,"1,00","12 958,00",Да,,,,
2026-06-01 14:06:32,78931792-0318-3,ii15849025093,601645110391000,CANT-270200-PUDR,[Fbs] Статус неизвестен,Покупатель передумал,2026-06-01 13:22:35,,"1,00","11 433,00",Да,,,,
2026-06-01 15:06:33,0146230912-0027-1,251168860796000,251168860796000,CALM-245200-GR,[Fbs] Статус неизвестен,Покупатель отменил заказ: не устроил срок доставки,2026-06-01 14:22:11,,"1,00","8 910,00",Нет,,,,
2026-06-01 15:06:33,99975037-0960-1,651166398972000,651166398972000,CANT-250150-LAT,[Fbs] Статус неизвестен,Покупатель отказался при вручении: товар не подошел,2026-06-01 15:02:38,,"1,00","8 456,00",Нет,,,,
2026-06-01 15:06:33,85493029-0602-1,951176250152000,951176250152000,CANT-245250-OLIV,[Fbs] Статус неизвестен,Покупатель отменил заказ,2026-06-01 15:04:59,,"1,00","17 475,00",Нет,,,,
2026-06-01 16:06:33,18396258-1049-1,ii16029044788,751163961878000,CANT-260250-OLIV,[Fbs] Статус неизвестен,Покупатель передумал,2026-06-01 15:14:10,,"1,00","16 945,00",Да,,,,
2026-06-01 17:06:33,88665096-0439-1,,951163083571000,ADR-240250ALL,[Fbs] Статус неизвестен,Покупатель передумал,2026-06-01 16:28:39,,"1,00","2 542,00",Да,,,,
2026-06-01 17:06:33,88665096-0439-1,,951163083571000,ADR-240600ALL,[Fbs] Статус неизвестен,Покупатель передумал,2026-06-01 16:28:39,,"1,00","5 631,00",Да,,,,
2026-06-01 17:06:33,28932721-0589-1,401674109331000,401674109331000,CANT-255250-OLIV,[Fbs] Статус неизвестен,Покупатель отказался при вручении: товар не подошел,2026-06-01 16:34:43,,"1,00","16 433,00",Нет,,,,
2026-06-01 18:06:34,38278452-0526-1,,551165266943000,ADR-240200LR(Milk),[Fbs] Статус неизвестен,Покупатель передумал,2026-06-01 17:12:40,,"1,00","2 668,00",Да,,,,
2026-06-01 18:06:34,38278452-0526-1,,551165266943000,ADR-240200LR(Milk),[Fbs] Статус неизвестен,Покупатель передумал,2026-06-01 17:12:40,,"1,00","2 668,00",Да,,,,
2026-06-01 18:06:34,92623937-0130-1,,551150707595000,ADR-285400V,[Fbs] Статус неизвестен,Покупатель передумал,2026-06-01 17:30:00,,"1,00","3 649,00",Да,,,,
2026-06-01 18:06:34,92623937-0130-1,,551150707595000,ADR-285400V,[Fbs] Статус неизвестен,Покупатель передумал,2026-06-01 17:30:00,,"1,00","3 649,00",Да,,,,
2026-06-01 18:06:34,92623937-0136-1,601669293496000,601669293496000,ADR-285500V,[Fbs] Статус неизвестен,Покупатель отказался при вручении: товар не подошел,2026-06-01 17:31:38,,"1,00","4 527,00",Нет,,,,
2026-06-01 18:06:34,92623937-0136-1,601669293496000,601669293496000,ADR-285200V,[Fbs] Статус неизвестен,Покупатель отказался при вручении: товар не подошел,2026-06-01 17:31:38,,"1,00","2 205,00",Нет,,,,
2026-06-01 18:06:34,92623937-0136-1,601669293496000,601669293496000,ADR-285200V,[Fbs] Статус неизвестен,Покупатель отказался при вручении: товар не подошел,2026-06-01 17:31:38,,"1,00","2 205,00",Нет,,,,
2026-06-01 19:06:32,33207671-0224-1,,501646590301000,CASA-255250-B,[Fbs] Статус неизвестен,Товар не работает / брак,2026-06-01 18:51:36,,"1,00","14 219,00",Да,,,,
2026-06-01 19:06:32,59838794-0101-1,651163007169000,651163007169000,ADR-245250V(Milk),[Fbs] Статус неизвестен,Покупатель отказался при вручении: товар не подошел,2026-06-01 19:06:00,,"1,00","2 915,00",Нет,,,,
2026-06-01 20:06:33,0104986150-0291-1,201900633294000,201900633294000,CANT-265250-PUDR,[Fbs] Статус неизвестен,Покупатель отказался при вручении: товар не подошел,2026-06-01 19:48:56,,"1,00","11 433,00",Нет,,,,
2026-06-02 11:06:32,49452844-0359-5,301675816471000,301675816471000,CANT-240300-PUDR,[Fbs] Статус неизвестен,Покупатель отменил заказ,2026-06-02 10:07:26,,"1,00","17 265,00",Нет,,,,
2026-06-02 14:06:34,65423357-0220-1,451169865770000,451169865770000,ADR-230300V(Milk),[Fbs] Статус неизвестен,Покупатель отменил заказ: не устроил срок доставки,2026-06-02 13:07:27,,"1,00","3 119,00",Нет,,,,
2026-06-02 14:06:34,37680015-0600-1,501669768441000,501669768441000,ADR-285300V(Milk),[Fbs] Статус неизвестен,Покупатель отказался при вручении: товар не подошел,2026-06-02 14:05:28,,"1,00","2 923,00",Нет,,,,
2026-06-02 15:06:34,57230572-0247-1,201904514746000,201904514746000,CANT-255300-WGR,[Fbs] Статус неизвестен,Покупатель отказался при вручении: товар не подошел,2026-06-02 14:26:07,,"1,00","16 959,00",Нет,,,,
2026-06-02 18:06:32,32310495-0770-1,251169590938000,251169590938000,FEST-265300-BIR,[Fbs] Статус неизвестен,Покупатель отказался при вручении: товар не подошел,2026-06-02 17:13:25,,"1,00","16 132,00",Нет,,,,
2026-06-02 18:06:32,32310495-0771-1,251169885725000,251169885725000,FEST-270250-BIR,[Fbs] Статус неизвестен,Покупатель отказался при вручении: товар не подошел,2026-06-02 17:13:25,,"1,00","12 642,00",Нет,,,,
2026-06-02 19:06:33,75252708-0561-1,,751166065039000,ADR-300290LR(Milk),[Fbs] Статус неизвестен,Покупатель отказался при вручении: товар не подошел,2026-06-02 18:39:14,,"1,00","3 298,00",Да,,,,
2026-06-02 19:06:33,75252708-0561-1,,751166065039000,ADR-300250L(Shamp),[Fbs] Статус неизвестен,Покупатель отказался при вручении: товар не подошел,2026-06-02 18:39:14,,"1,00","2 850,00",Да,,,,
2026-06-02 19:06:33,75252708-0561-1,,751166065039000,ADR-300250L(Shamp),[Fbs] Статус неизвестен,Покупатель отказался при вручении: товар не подошел,2026-06-02 18:39:14,,"1,00","2 850,00",Да,,,,
2026-06-02 19:06:33,75252708-0561-1,,751166065039000,ADR-300290LR(Milk),[Fbs] Статус неизвестен,Покупатель отказался при вручении: товар не подошел,2026-06-02 18:39:14,,"1,00","3 298,00",Да,,,,
2026-06-02 19:06:33,75252708-0561-1,,751166065039000,ADR-300250L,[Fbs] Статус неизвестен,Покупатель отказался при вручении: товар не подошел,2026-06-02 18:39:14,,"1,00","2 634,00",Да,,,,
2026-06-02 19:06:33,75252708-0561-1,,751166065039000,ADR-300290LR,[Fbs] Статус неизвестен,Покупатель отказался при вручении: товар не подошел,2026-06-02 18:39:14,,"1,00","3 879,00",Да,,,,
2026-06-02 19:06:33,75252708-0561-1,,751166065039000,ADR-300250L,[Fbs] Статус неизвестен,Покупатель отказался при вручении: товар не подошел,2026-06-02 18:39:14,,"1,00","2 634,00",Да,,,,
2026-06-02 19:06:33,75252708-0561-1,,751166065039000,ADR-300290LR,[Fbs] Статус неизвестен,Покупатель отказался при вручении: товар не подошел,2026-06-02 18:39:14,,"1,00","3 879,00",Да,,,,
2026-06-02 20:06:33,08466512-1399-1,ii16021766376,401663948444000,CANT-220150-OLIV,[Fbs] Статус неизвестен,Покупатель передумал,2026-06-02 19:26:31,,"1,00","9 665,00",Да,,,,
2026-06-02 20:06:33,47291566-0976-1,401680854709000,401680854709000,ADR-130700,[Fbs] Статус неизвестен,Покупатель отменил заказ,2026-06-02 19:58:10,,"1,00","3 476,00",Нет,,,,
2026-06-02 20:06:33,47291566-0976-1,401680854709000,401680854709000,ADR-110350,[Fbs] Статус неизвестен,Покупатель отменил заказ,2026-06-02 19:58:10,,"1,00","2 231,00",Нет,,,,
2026-06-02 20:06:33,47291566-0976-1,401680854709000,401680854709000,ADR-110350,[Fbs] Статус неизвестен,Покупатель отменил заказ,2026-06-02 19:58:10,,"1,00","2 231,00",Нет,,,,
2026-06-02 22:06:33,78890274-0317-1,201909778347000,201909778347000,ADR-150600(Grey),[Fbs] Статус неизвестен,Покупатель отменил заказ: не устроил срок доставки,2026-06-02 21:14:12,,"1,00","3 062,00",Нет,,,,
2026-06-02 22:06:33,78890274-0317-1,201909778347000,201909778347000,ADR-150600(Grey),[Fbs] Статус неизвестен,Покупатель отменил заказ: не устроил срок доставки,2026-06-02 21:14:12,,"1,00","3 062,00",Нет,,,,
2026-06-03 12:06:33,31145447-3009-3,ii15994262861,551132811143000,CANT-265150-BLUE,[Fbs] Статус неизвестен,Покупатель передумал,2026-06-03 11:34:09,,"1,00","8 684,00",Да,,,,
2026-06-03 12:06:33,31145447-3009-3,ii15994262859,551132811143000,CANT-265150-LGR,[Fbs] Статус неизвестен,Покупатель передумал,2026-06-03 11:34:09,,"1,00","8 684,00",Да,,,,
2026-06-03 15:06:33,12856594-0804-1,ii16018431476,551159302714000,CALM-275300-MLK,[Fbs] Статус неизвестен,Покупатель передумал,2026-06-03 14:56:57,,"1,00","12 633,00",Да,,,,
2026-06-03 16:06:35,42637721-0254-1,,501676326729000,STEL-240150ROS,[Fbs] Статус неизвестен,Покупатель передумал,2026-06-03 15:45:41,,"1,00","7 854,00",Да,,,,
2026-06-03 17:06:34,30400785-0102-1,701670902427000,701670902427000,CASA-255250-OLIV,[Fbs] Статус неизвестен,Покупатель отказался при вручении: товар не подошел,2026-06-03 16:27:46,,"1,00","14 219,00",Нет,,,,
2026-06-03 18:06:32,37307684-3107-1,ii16012642375,401651846404000,CANT-270150-OLIV,[Fbo] Статус неизвестен,Покупатель передумал,2026-06-03 17:37:44,,"1,00","8 684,00",Да,,,,
2026-06-03 19:06:34,52951438-0447-1,ii16009496199,651158548510000,CANT-260200-OLIV,[Fbs] Статус неизвестен,Покупатель передумал,2026-06-03 18:47:41,,"1,00","12 958,00",Да,,,,
2026-06-03 19:06:34,58496337-0268-1,751171324972000,751171324972000,CALM-265200-MLK,[Fbs] Статус неизвестен,Покупатель отказался при вручении: товар не подошел,2026-06-03 18:55:08,,"1,00","8 910,00",Нет,,,,
2026-06-03 20:06:33,80417461-0300-1,751137503038000,751137503038000,CANT-255200-CAP,[Fbs] Статус неизвестен,Покупатель отменил заказ: нашел дешевле,2026-06-03 19:26:30,,"1,00","11 433,00",Нет,,,,
2026-06-03 22:06:33,37514310-0856-1,ii15995479248,751173902501000,ADR-275350V,[Fbs] Статус неизвестен,Покупатель отказался при вручении: товар не подошел,2026-06-03 21:25:04,,"1,00","3 413,00",Да,,,,
2026-06-04 1:06:41,73837268-0041-1,401627194149000,401627194149000,CANT-255200-OLIV,[Fbs] Статус неизвестен,Покупатель не забрал заказ,2026-06-04 0:14:22,,"1,00","11 433,00",Нет,,,,
2026-06-04 6:06:34,51143939-0157-1,ii11528320104,801660334561000,CANT-245200-PUDR,[Fbs] Статус неизвестен,Покупатель передумал,2026-06-04 5:59:10,,"1,00","11 433,00",Да,,,,
2026-06-04 8:06:34,72783484-0281-2,ii15872548925,551161795463000,CASA-220150-MLK,[Fbs] Статус неизвестен,Покупатель передумал,2026-06-04 7:15:55,,"1,00","8 009,00",Да,,,,
2026-06-04 8:06:34,72783484-0281-2,ii15872548924,551161795463000,CASA-220150-MLK,[Fbs] Статус неизвестен,Покупатель передумал,2026-06-04 7:15:55,,"1,00","8 009,00",Да,,,,
2026-06-04 9:06:33,45474555-0665-1,ii15837376460,551162899815000,ADR-265400V,[Fbs] Статус неизвестен,Покупатель передумал,2026-06-04 8:35:50,,"1,00","3 251,00",Да,,,,
2026-06-04 14:06:33,37333416-0265-1,701680077913000,701680077913000,CANT-240250-MILK,[Fbs] Статус неизвестен,Покупатель отказался при вручении: товар не подошел,2026-06-04 13:32:41,,"1,00","16 378,00",Нет,,,,
2026-06-04 16:06:48,26080553-0335-1,451173202993000,451173202993000,ADR-100250(Shamp),[Fbs] Статус неизвестен,Покупатель отменил заказ: не устроил срок доставки,2026-06-04 15:28:37,,"1,00","1 921,00",Нет,,,,
2026-06-04 16:06:48,26080553-0335-1,451173202993000,451173202993000,ADR-100250(Shamp),[Fbs] Статус неизвестен,Покупатель отменил заказ: не устроил срок доставки,2026-06-04 15:28:37,,"1,00","1 921,00",Нет,,,,
2026-06-04 16:06:48,43180006-1047-1,801683801196000,801683801196000,ADR-285700V,[Fbs] Статус неизвестен,Покупатель отменил заказ: нашел дешевле,2026-06-04 15:35:16,,"1,00","6 682,00",Нет,,,,
2026-06-04 16:06:48,19629107-0227-3,501653046443000,501653046443000,CANT-255250-OLIV,[Fbs] Статус неизвестен,Покупатель отказался при вручении: товар не подошел,2026-06-04 15:59:01,,"1,00","16 945,00",Нет,,,,
2026-06-04 17:06:33,95156712-0931-1,,651169216327000,ADR-290400V(Milk),[Fbs] Статус неизвестен,Покупатель передумал,2026-06-04 16:14:48,,"1,00","4 125,00",Да,,,,
2026-06-04 17:06:33,46451048-0993-1,ii17319137095,951165862486000,CANT-270150-OLIV,[Fbo] Статус неизвестен,Покупатель передумал,2026-06-04 17:00:55,,"1,00","8 684,00",Да,,,,
2026-06-04 20:06:33,57230572-0250-1,951182657694000,951182657694000,CANT-255300-WGR,[Fbs] Статус неизвестен,Покупатель отказался при вручении: товар не подошел,2026-06-04 19:42:09,,"1,00","16 959,00",Нет,,,,
2026-06-04 20:06:33,59315848-0184-1,501648706610000,501648706610000,CANT-265300-LAT,[Fbs] Статус неизвестен,Покупатель не забрал заказ,2026-06-04 20:00:06,,"1,00","16 959,00",Нет,,,,
2026-06-04 21:06:35,0233156055-0083-1,501693599536000,501693599536000,CASA-260200-OLIV,[Fbs] Статус неизвестен,Покупатель отменил заказ: нашел дешевле,2026-06-04 20:27:37,,"1,00","10 870,00",Нет,,,,
2026-06-04 21:06:35,42851836-0163-5,951180363670000,951180363670000,CASA-270200-MLK,[Fbs] Статус неизвестен,Покупатель отказался при вручении: товар не подошел,2026-06-04 21:04:07,,"1,00","10 870,00",Нет,,,,
2026-06-04 21:06:35,42851836-0163-3,,951180363669000,CASA-270200-PUDR,[Fbs] Статус неизвестен,Покупатель отказался при вручении: товар не подошел,2026-06-04 21:04:10,,"1,00","10 870,00",Да,,,,
2026-06-04 22:06:33,37730457-0236-1,401680942371000,401680942371000,CASA-280200-CAP,[Fbs] Статус неизвестен,Покупатель отказался при вручении: товар не подошел,2026-06-04 21:29:37,,"1,00","10 751,00",Нет,,,,
2026-06-05 6:06:33,0193960444-0082-1,701671465524000,701671465524000,CANT-270250-PUDR,[Fbs] Статус неизвестен,Покупатель отказался при вручении: товар не подошел,2026-06-05 5:41:36,,"1,00","11 433,00",Нет,,,,
2026-06-05 13:06:33,0224284190-0133-1,,651152191314000,CALM-275200-MLK,[Fbs] Статус неизвестен,Покупатель передумал,2026-06-05 12:16:08,,"1,00","8 910,00",Да,,,,
2026-06-05 15:06:33,0111972427-0451-1,,751162141326000,CANT-240150-MILK,[Fbs] Статус неизвестен,Покупатель отказался при вручении: товар не подошел,2026-06-05 15:01:28,,"1,00","8 684,00",Да,,,,
2026-06-05 15:06:33,0111972427-0451-1,,751162141326000,CANT-240150-PUDR,[Fbs] Статус неизвестен,Покупатель отказался при вручении: товар не подошел,2026-06-05 15:01:28,,"1,00","8 684,00",Да,,,,
2026-06-05 15:06:33,32562146-0216-1,301679175027000,301679175027000,CANT-260150-MILK,[Fbs] Статус неизвестен,Покупатель отказался при вручении: товар не подошел,2026-06-05 15:04:24,,"1,00","8 684,00",Нет,,,,
2026-06-05 17:06:33,46237710-0272-1,701695329987000,701695329987000,CANT-270200-CAP,[Fbs] Статус неизвестен,Покупатель отменил заказ: нашел дешевле,2026-06-05 16:22:24,,"1,00","12 182,00",Нет,,,,
2026-06-05 20:06:34,31109829-0237-2,,401676118546000,ADR-285500V(Grey),[Fbs] Статус неизвестен,Покупатель передумал,2026-06-05 19:08:25,,"1,00","4 965,00",Да,,,,
2026-06-05 20:06:34,0111170927-0137-1,,651172965193000,ADR-150250(Shamp),[Fbs] Статус неизвестен,Покупатель передумал,2026-06-05 19:49:01,,"1,00","1 921,00",Да,,,,
2026-06-05 20:06:34,0111170927-0137-1,,651172965193000,ADR-150250(Shamp),[Fbs] Статус неизвестен,Покупатель передумал,2026-06-05 19:49:01,,"1,00","1 921,00",Да,,,,
2026-06-05 21:06:33,26391691-0814-2,ii15825382402,201914953814000,CASA-265200-GR,[Fbo] Статус неизвестен,Покупатель отказался при вручении: товар не подошел,2026-06-05 20:14:47,,"1,00","10 670,00",Нет,,,,
2026-06-06 0:06:33,26391691-0814-1,201914953809000,201914953809000,CASA-265250-GR,[Fbs] Статус неизвестен,Покупатель отменил заказ,2026-06-05 23:24:21,,"1,00","14 219,00",Нет,,,,
2026-06-06 7:06:33,0101310203-0488-1,,701664493542000,CANT-265300-WGR,[Fbs] Статус неизвестен,Покупатель передумал,2026-06-06 6:28:01,,"1,00","16 959,00",Да,,,,
2026-06-06 13:06:34,16991901-1163-1,801697602796000,801697602796000,CANT-250150-OLIV,[Fbs] Статус неизвестен,Покупатель отменил заказ: нашел дешевле,2026-06-06 12:15:21,,"1,00","9 965,00",Нет,,,,
2026-06-06 14:06:34,13394883-0666-1,ii11843078964,451162674058000,CASA-255200-B,[Fbs] Статус неизвестен,Покупатель передумал,2026-06-06 13:40:46,,"1,00","10 870,00",Да,,,,
2026-06-06 14:06:34,51920156-0457-1,901650491656000,901650491656000,ADR-265300V,[Fbs] Статус неизвестен,Покупатель отказался при вручении: товар не подошел,2026-06-06 13:54:39,,"1,00","3 104,00",Нет,,,,
2026-06-06 14:06:34,51920156-0457-1,901650491656000,901650491656000,ADR-265250V,[Fbs] Статус неизвестен,Покупатель отказался при вручении: товар не подошел,2026-06-06 13:54:39,,"1,00","2 611,00",Нет,,,,
2026-06-06 14:06:34,51920156-0457-1,901650491656000,901650491656000,ADR-265600V,[Fbs] Статус неизвестен,Покупатель отказался при вручении: товар не подошел,2026-06-06 13:54:39,,"1,00","5 748,00",Нет,,,,
2026-06-06 18:06:33,0117784088-0291-1,ii15840322805,751175837238000,ADR-150200L(Grey),[Fbs] Статус неизвестен,Покупатель передумал,2026-06-06 17:42:08,,"1,00","1 854,00",Да,,,,
2026-06-06 18:06:33,0117784088-0291-1,ii15840322804,751175837238000,ADR-140200L(Grey),[Fbs] Статус неизвестен,Покупатель передумал,2026-06-06 17:42:08,,"1,00","1 854,00",Да,,,,
2026-06-06 18:06:33,0117784088-0291-1,ii15840322806,751175837238000,ADR-230200L(Grey),[Fbs] Статус неизвестен,Покупатель передумал,2026-06-06 17:42:08,,"1,00","2 423,00",Да,,,,
2026-06-06 18:06:33,12867235-0099-1,801693460769000,801693460769000,CANT-270200-LAT,[Fbs] Статус неизвестен,Покупатель отказался при вручении: товар не подошел,2026-06-06 17:46:52,,"1,00","10 725,00",Нет,,,,
2026-06-06 19:06:33,0182303066-0635-1,401680133807000,401680133807000,CANT-245150-OLIV,[Fbs] Статус неизвестен,Покупатель отказался при вручении: товар не подошел,2026-06-06 18:57:48,,"1,00","9 965,00",Нет,,,,
2026-06-06 19:06:33,0182303066-0635-1,401680133807000,401680133807000,CANT-245150-OLIV,[Fbs] Статус неизвестен,Покупатель отказался при вручении: товар не подошел,2026-06-06 18:57:48,,"1,00","9 965,00",Нет,,,,
2026-06-06 19:06:33,0182303066-0644-1,601689673100000,601689673100000,CANT-245150-MILK,[Fbs] Статус неизвестен,Покупатель отказался при вручении: товар не подошел,2026-06-06 18:57:50,,"1,00","9 254,00",Нет,,,,
2026-06-06 20:06:33,99975037-0963-1,901687692490000,901687692490000,CANT-240200-PUDR,[Fbs] Статус неизвестен,Покупатель отказался при вручении: товар не подошел,2026-06-06 19:31:47,,"1,00","12 182,00",Нет,,,,
2026-06-06 21:06:33,18394703-0412-1,ii16004626783,701692618674000,CALM-265300-MLK,[Fbs] Статус неизвестен,Покупатель передумал,2026-06-06 20:17:16,,"1,00","12 633,00",Да,,,,
2026-06-06 21:06:33,68268873-0296-1,651174654873000,651174654873000,CANT-265150-PUDR,[Fbs] Статус неизвестен,Покупатель отказался при вручении: товар не подошел,2026-06-06 20:56:41,,"1,00","8 792,00",Нет,,,,
2026-06-06 21:06:33,36667833-0668-1,ii11843078972,751176013993000,ADR-245300L,[Fbs] Статус неизвестен,Покупатель передумал,2026-06-06 20:59:05,,"1,00","2 888,00",Да,,,,
2026-06-06 21:06:33,36667833-0668-1,ii11843078971,751176013993000,ADR-245350L,[Fbs] Статус неизвестен,Покупатель передумал,2026-06-06 20:59:05,,"1,00","3 164,00",Да,,,,
2026-06-06 21:06:33,36667833-0667-1,ii11843078970,651175460118000,ADR-245150L,[Fbs] Статус неизвестен,Покупатель передумал,2026-06-06 20:59:05,,"1,00","1 954,00",Да,,,,
2026-06-06 21:06:33,36667833-0667-1,,651175460118000,ADR-245150L,[Fbs] Статус неизвестен,Покупатель передумал,2026-06-06 21:01:25,,"1,00","1 954,00",Да,,,,
2026-06-06 22:06:33,68268873-0299-1,351188140746000,351188140746000,CANT-265150-PUDR,[Fbs] Статус неизвестен,Покупатель отменил заказ: не устроил срок доставки,2026-06-06 21:10:33,,"1,00","8 792,00",Нет,,,,
2026-06-06 23:06:33,0182303066-0654-1,651173158612000,651173158612000,CANT-245150-OLIV,[Fbs] Статус неизвестен,Покупатель отменил заказ,2026-06-06 22:52:29,,"1,00","9 965,00",Нет,,,,
2026-06-07 10:06:33,35984008-0454-1,,701679297030000,ADR-290400(Shamp),[Fbs] Статус неизвестен,Покупатель передумал,2026-06-07 9:18:02,,"1,00","3 189,00",Да,,,,
2026-06-07 10:06:33,35984008-0454-1,,701679297030000,ADR-290400(Shamp),[Fbs] Статус неизвестен,Покупатель передумал,2026-06-07 9:18:02,,"1,00","3 189,00",Да,,,,
2026-06-07 10:06:33,35984008-0454-1,,701679297030000,ADR-290200(Shamp),[Fbs] Статус неизвестен,Покупатель передумал,2026-06-07 9:18:02,,"1,00","2 043,00",Да,,,,
2026-06-07 10:06:33,35984008-0454-1,,701679297030000,ADR-290200(Shamp),[Fbs] Статус неизвестен,Покупатель передумал,2026-06-07 9:18:02,,"1,00","2 043,00",Да,,,,
2026-06-07 11:06:34,46149274-0301-1,551153414176000,551153414176000,CASA-250300-MLK,[Fbs] Статус неизвестен,Покупатель отказался при вручении: товар не подошел,2026-06-07 10:45:17,,"1,00","16 066,00",Нет,,,,
2026-06-07 11:06:34,48930554-0479-1,,551181591863000,ADR-285200,[Fbs] Статус неизвестен,Покупатель отказался при вручении: товар не подошел,2026-06-07 10:53:50,,"1,00","2 273,00",Да,,,,
2026-06-07 11:06:34,48930554-0479-1,,551181591863000,ADR-285200,[Fbs] Статус неизвестен,Покупатель отказался при вручении: товар не подошел,2026-06-07 10:53:50,,"1,00","2 273,00",Да,,,,
2026-06-07 13:06:35,43799496-0278-1,ii15863153644,451176347501000,ADR-270400L,[Fbs] Статус неизвестен,Покупатель отказался при вручении: недоволен качеством товара,2026-06-07 12:55:31,,"1,00","3 596,00",Да,,,,
2026-06-07 13:06:35,17906293-0037-1,551181678663000,551181678663000,CASA-270250-PUDR,[Fbs] Статус неизвестен,Покупатель отказался при вручении: товар не подошел,2026-06-07 13:05:12,,"1,00","14 219,00",Нет,,,,
2026-06-07 14:06:34,42064191-0125-1,ii16026351335,851172437040000,ADR-295290V(Milk),[Fbs] Статус неизвестен,Покупатель отказался при вручении: товар не подошел,2026-06-07 13:38:01,,"1,00","2 915,00",Да,,,,
2026-06-07 14:06:34,42064191-0125-1,ii16026351336,851172437040000,ADR-295290V(Milk),[Fbs] Статус неизвестен,Покупатель отказался при вручении: товар не подошел,2026-06-07 13:38:01,,"1,00","2 915,00",Да,,,,
2026-06-07 16:06:53,32938812-0305-1,ii16017704601,601695432298000,ADR-250700V(Grey),[Fbs] Статус неизвестен,Покупатель передумал,2026-06-07 15:33:59,,"1,00","6 414,00",Да,,,,
2026-06-07 16:06:53,32938812-0306-1,ii16017704600,701693106176000,ADR-250700V,[Fbs] Статус неизвестен,Покупатель передумал,2026-06-07 15:33:59,,"1,00","6 682,00",Да,,,,
2026-06-07 17:06:33,32873709-0128-1,601700734745000,601700734745000,CANT-250200-PUDR,[Fbs] Статус неизвестен,Покупатель отказался при вручении: товар не подошел,2026-06-07 16:19:47,,"1,00","12 182,00",Нет,,,,
2026-06-07 17:06:33,12856594-0808-1,851174267022000,851174267022000,CALM-270300-MLK,[Fbs] Статус неизвестен,Не удалось доставить заказ,2026-06-07 16:25:24,,"1,00","12 633,00",Нет,,,,
2026-06-07 17:06:33,81923670-0079-1,801681343947000,801681343947000,ADR-210200(Grey),[Fbs] Статус неизвестен,Не удалось доставить заказ,2026-06-07 16:25:25,,"1,00","2 169,00",Нет,,,,
2026-06-07 17:06:33,81923670-0079-1,801681343947000,801681343947000,ADR-210200(Grey),[Fbs] Статус неизвестен,Не удалось доставить заказ,2026-06-07 16:25:25,,"1,00","2 169,00",Нет,,,,
2026-06-07 17:06:33,81923670-0079-1,801681343947000,801681343947000,ADR-210200(Grey),[Fbs] Статус неизвестен,Не удалось доставить заказ,2026-06-07 16:25:25,,"1,00","2 169,00",Нет,,,,
2026-06-07 17:06:33,81923670-0079-1,801681343947000,801681343947000,ADR-210200(Grey),[Fbs] Статус неизвестен,Не удалось доставить заказ,2026-06-07 16:25:25,,"1,00","2 169,00",Нет,,,,
2026-06-07 17:06:33,81923670-0079-1,801681343947000,801681343947000,ADR-210200(Grey),[Fbs] Статус неизвестен,Не удалось доставить заказ,2026-06-07 16:25:25,,"1,00","2 169,00",Нет,,,,
2026-06-07 17:06:33,81923670-0079-1,801681343947000,801681343947000,ADR-210200(Grey),[Fbs] Статус неизвестен,Не удалось доставить заказ,2026-06-07 16:25:25,,"1,00","2 169,00",Нет,,,,
2026-06-07 17:06:33,45374678-0099-1,,501691413391000,FEST-240200-BIR,[Fbs] Статус неизвестен,Покупатель передумал,2026-06-07 16:32:27,,"1,00","10 626,00",Да,,,,
2026-06-07 18:06:35,33122986-0100-1,ii15840478277,251157973102000,CANT-265200-MILK,[Fbs] Статус неизвестен,Покупатель передумал,2026-06-07 17:19:02,,"1,00","11 433,00",Да,,,,
2026-06-07 18:06:35,37359481-0274-5,,301688170700000,CANT-260150-OLIV,[Fbs] Статус неизвестен,Покупатель передумал,2026-06-07 18:01:56,,"1,00","9 965,00",Да,,,,
2026-06-07 19:06:33,31986187-0796-1,201917566830000,201917566830000,CASA-255200-OLIV,[Fbs] Статус неизвестен,Покупатель отказался при вручении: товар не подошел,2026-06-07 18:40:29,,"1,00","10 870,00",Нет,,,,
2026-06-07 20:06:32,47546061-0667-1,,651166400580000,CANT-265200-BLUE,[Fbs] Статус неизвестен,Покупатель передумал,2026-06-07 19:10:50,,"1,00","12 182,00",Да,,,,
2026-06-07 20:06:32,0131302883-0254-1,951180784631000,951180784631000,ADR-150300(Shamp),[Fbs] Статус неизвестен,Покупатель отказался при вручении: товар не подошел,2026-06-07 19:19:18,,"1,00","1 856,00",Нет,,,,
2026-06-07 20:06:32,17204508-0651-1,701692502408000,701692502408000,CASA-275200-CAP,[Fbs] Статус неизвестен,Покупатель отказался при вручении: товар не подошел,2026-06-07 19:27:23,,"1,00","11 233,00",Нет,,,,
2026-06-07 20:06:32,81410642-1452-1,201901183840000,201901183840000,ADR-240200LR,[Fbs] Статус неизвестен,Покупатель отменил заказ,2026-06-07 19:37:37,,"1,00","2 360,00",Нет,,,,
2026-06-07 20:06:32,63969989-0391-1,,851182273950000,ADR-275300LR(Grey),[Fbs] Статус неизвестен,Покупатель передумал,2026-06-07 19:55:36,,"1,00","3 434,00",Да,,,,
2026-06-07 21:06:33,34854107-0335-1,301703478332000,301703478332000,CANT-255300-OLIV,[Fbs] Статус неизвестен,Покупатель отменил заказ,2026-06-07 20:08:39,,"1,00","20 990,00",Нет,,,,
2026-06-07 21:06:33,44888127-0141-2,351190974431000,351190974431000,CANT-240150-CAP,[Fbs] Статус неизвестен,Покупатель отказался при вручении: товар не подошел,2026-06-07 20:55:23,,"1,00","9 254,00",Нет,,,,
2026-06-07 22:06:33,35401426-0414-1,901701242248000,901701242248000,ADR-270600LR(Milk),[Fbs] Статус неизвестен,Покупатель отменил заказ,2026-06-07 21:25:30,,"1,00","5 935,00",Нет,,,,
2026-06-07 23:06:33,45257671-0524-1,551176218811000,551176218811000,CASA-270300-B,[Fbs] Статус неизвестен,Покупатель отказался при вручении: товар не подошел,2026-06-07 22:01:18,,"1,00","16 066,00",Нет,,,,
2026-06-07 23:06:33,35401426-0417-1,401697399487000,401697399487000,CANT-270300-MILK,[Fbs] Статус неизвестен,Покупатель отменил заказ,2026-06-07 22:12:01,,"1,00","18 393,00",Нет,,,,
2026-06-08 3:06:34,07201122-0248-1,201878905957000,201878905957000,ADR-140150L,[Fbs] Статус неизвестен,Покупатель не забрал заказ,2026-06-08 0:09:09,,"1,00","1 525,00",Нет,,,,
2026-06-08 3:06:34,07201122-0248-1,201878905957000,201878905957000,ADR-140150L,[Fbs] Статус неизвестен,Покупатель не забрал заказ,2026-06-08 0:09:09,,"1,00","1 525,00",Нет,,,,
2026-06-08 3:06:34,07201122-0248-1,201878905957000,201878905957000,ADR-140150V,[Fbs] Статус неизвестен,Покупатель не забрал заказ,2026-06-08 0:09:09,,"1,00","1 684,00",Нет,,,,
2026-06-08 3:06:34,07201122-0248-1,201878905957000,201878905957000,ADR-140150V,[Fbs] Статус неизвестен,Покупатель не забрал заказ,2026-06-08 0:09:09,,"1,00","1 684,00",Нет,,,,
2026-06-08 11:06:34,38584817-0214-1,651175504197000,651175504197000,ADR-285500V,[Fbs] Статус неизвестен,Покупатель отказался при вручении: товар не подошел,2026-06-08 10:42:30,,"1,00","4 527,00",Нет,,,,
2026-06-08 11:06:34,32708059-0344-3,ii11855404507,501686791796000,ADR-310290V(Milk),[Fbs] Статус неизвестен,Покупатель передумал,2026-06-08 11:00:17,,"1,00","3 293,00",Да,,,,
2026-06-08 11:06:34,32708059-0344-3,ii11855404506,501686791796000,ADR-310290V(Milk),[Fbs] Статус неизвестен,Покупатель передумал,2026-06-08 11:00:17,,"1,00","3 293,00",Да,,,,
2026-06-08 11:06:34,44238875-0272-1,751163053201000,751163053201000,ADR-130600(Shamp),[Fbs] Статус неизвестен,Покупатель отказался при вручении: товар не подошел,2026-06-08 11:01:00,,"1,00","3 062,00",Нет,,,,
2026-06-08 11:06:34,44238875-0272-1,751163053201000,751163053201000,ADR-130600(Shamp),[Fbs] Статус неизвестен,Покупатель отказался при вручении: товар не подошел,2026-06-08 11:01:00,,"1,00","3 062,00",Нет,,,,
2026-06-08 12:06:34,51138177-1723-1,ii15853006117,851174230843000,CANT-220200-OLIV,[Fbs] Статус неизвестен,Покупатель передумал,2026-06-08 11:07:42,,"1,00","13 358,00",Да,,,,
2026-06-08 12:06:34,51753379-0242-9,401686574385000,401686574385000,CANT-245250-OLIV,[Fbs] Статус неизвестен,Покупатель отказался при вручении: товар не подошел,2026-06-08 11:44:18,,"1,00","16 992,00",Нет,,,,
2026-06-08 13:06:35,0229872746-0026-1,951169220704000,951169220704000,ADR-320290V,[Fbs] Статус неизвестен,Покупатель отказался при вручении: товар не подошел,2026-06-08 12:16:43,,"1,00","2 946,00",Нет,,,,
2026-06-08 13:06:35,0106262999-0336-1,951185561556000,951185561556000,CANT-270200-CAP,[Fbs] Статус неизвестен,Покупатель отказался при вручении: товар не подошел,2026-06-08 12:44:28,,"1,00","12 182,00",Нет,,,,
2026-06-08 15:06:32,16991901-1161-1,601698173293000,601698173293000,CANT-260150-OLIV,[Fbs] Статус неизвестен,Покупатель отменил заказ: не устроил срок доставки,2026-06-08 14:07:35,,"1,00","9 965,00",Нет,,,,
2026-06-08 15:06:32,50604199-0161-1,,401679320676000,ADR-285500V(Grey),[Fbs] Статус неизвестен,Покупатель получил не те товары,2026-06-08 14:29:24,,"1,00","4 965,00",Да,соответствует высоте и ширине,Чернова,,
2026-06-08 15:06:32,50604199-0148-1,ii15874347252,851146104210000,ADR-285450V(Grey),[Fbs] Статус неизвестен,Упаковка и товар повреждены,2026-06-08 14:29:24,,"1,00","4 574,00",Да,соответствует высоте и ширине,,,
2026-06-08 17:06:34,38612517-0589-3,951183413714000,951183413714000,CALM-265150-LAT,[Fbs] Статус неизвестен,Покупатель отказался при вручении: товар не подошел,2026-06-08 16:41:17,,"1,00","6 613,00",Нет,,,,
2026-06-08 17:06:34,69539971-0023-1,,751187725289000,CANT-220150-WGR,[Fbs] Статус неизвестен,Покупатель отказался при вручении: товар не подошел,2026-06-08 16:44:50,,"1,00","8 456,00",Да,,,,
2026-06-08 17:06:34,46401534-0173-3,451184232527000,451184232527000,CASA-240150-OLIV,[Fbs] Статус неизвестен,Покупатель отказался при вручении: товар не подошел,2026-06-08 16:56:39,,"1,00","7 876,00",Нет,,,,
2026-06-08 17:06:34,46401534-0173-1,651179985864000,651179985864000,CASA-240150-OLIV,[Fbs] Статус неизвестен,Покупатель отказался при вручении: товар не подошел,2026-06-08 16:56:39,,"1,00","7 876,00",Нет,,,,
2026-06-08 17:06:34,46401534-0173-1,651179985864000,651179985864000,CASA-240150-OLIV,[Fbs] Статус неизвестен,Покупатель отказался при вручении: товар не подошел,2026-06-08 16:56:39,,"1,00","7 876,00",Нет,,,,
2026-06-08 18:06:33,37514310-0858-1,ii16030540617,301702281460000,ADR-275300L,[Fbs] Статус неизвестен,Покупатель передумал,2026-06-08 17:10:17,,"1,00","2 816,00",Да,,,,
2026-06-08 18:06:33,37514310-0858-1,ii16030540618,301702281460000,ADR-275300L,[Fbs] Статус неизвестен,Покупатель передумал,2026-06-08 17:10:17,,"1,00","2 816,00",Да,,,,
2026-06-08 18:06:33,47501734-0646-1,,751177933980000,ADR-130100(Shamp),[Fbs] Статус неизвестен,Покупатель передумал,2026-06-08 18:00:00,,"1,00","1 297,00",Да,,,,
2026-06-08 18:06:33,47501734-0646-1,,751177933980000,ADR-130100(Shamp),[Fbs] Статус неизвестен,Покупатель передумал,2026-06-08 18:00:00,,"1,00","1 297,00",Да,,,,
2026-06-08 19:06:33,38107806-0145-1,801705996652000,801705996652000,CANT-270250-MILK,[Fbs] Статус неизвестен,Покупатель отменил заказ,2026-06-08 17:50:49,,"1,00","16 378,00",Нет,,,,
2026-06-08 19:06:33,60731467-0177-1,601691000459000,601691000459000,CANT-245150-OLIV,[Fbs] Статус неизвестен,Покупатель отказался при вручении: товар не подошел,2026-06-08 18:43:20,,"1,00","9 965,00",Нет,,,,
2026-06-08 20:06:33,36177704-0193-1,751173433043000,751173433043000,CASA-245300-LGR,[Fbs] Статус неизвестен,Покупатель отказался при вручении: товар не подошел,2026-06-08 19:35:47,,"1,00","16 066,00",Нет,,,,
2026-06-08 21:06:34,55874994-2193-1,201912773318000,201912773318000,CANT-230150-LAT,[Fbs] Статус неизвестен,Покупатель отказался при вручении: товар не подошел,2026-06-08 20:12:10,,"1,00","8 456,00",Нет,,,,
2026-06-08 21:06:34,58496337-0276-1,ii16009496289,551177556445000,CALM-270200-MLK,[Fbs] Статус неизвестен,Покупатель передумал,2026-06-08 20:22:31,,"1,00","8 910,00",Да,,,,
2026-06-08 21:06:34,26391691-0813-1,,351187301863000,CALM-265200-GR,[Fbs] Статус неизвестен,Покупатель передумал,2026-06-08 20:35:50,,"1,00","8 910,00",Да,,,,
2026-06-08 22:06:33,94479266-0088-3,ii16000055411,401695222954000,ADR-285150V(Grey),[Fbs] Статус неизвестен,Покупатель передумал,2026-06-08 21:15:43,,"1,00","2 204,00",Да,,,,
2026-06-08 22:06:33,94479266-0088-3,ii16000055412,401695222954000,ADR-285150V(Grey),[Fbs] Статус неизвестен,Покупатель передумал,2026-06-08 21:23:08,,"1,00","2 204,00",Да,,,,
2026-06-09 8:06:32,11155409-0370-2,,551178164238000,ADR-290250,[Fbs] Статус неизвестен,Покупатель отказался при вручении: товар не подошел,2026-06-09 7:26:10,,"1,00","2 687,00",Да,,,,
2026-06-09 8:06:32,11155409-0370-2,,551178164238000,ADR-290250,[Fbs] Статус неизвестен,Покупатель отказался при вручении: товар не подошел,2026-06-09 7:26:10,,"1,00","2 687,00",Да,,,,
2026-06-09 8:06:32,11155409-0370-2,,551178164238000,ADR-290250,[Fbs] Статус неизвестен,Покупатель отказался при вручении: товар не подошел,2026-06-09 7:26:10,,"1,00","2 687,00",Да,,,,
2026-06-09 8:06:32,11155409-0370-2,,551178164238000,ADR-290250,[Fbs] Статус неизвестен,Покупатель отказался при вручении: товар не подошел,2026-06-09 7:26:10,,"1,00","2 687,00",Да,,,,
2026-06-09 10:06:33,66766806-0149-1,ii15868477758,801682907401000,ADR-275500L,[Fbs] Статус неизвестен,Покупатель передумал,2026-06-09 9:23:39,,"1,00","4 212,00",Да,,,,
2026-06-09 10:06:33,75200939-0451-1,401677158139000,401677158139000,CANT-265250-LGR,[Fbs] Статус неизвестен,Покупатель отказался при вручении: недоволен качеством товара,2026-06-09 9:25:55,,"1,00","16 378,00",Нет,,,,
2026-06-09 10:06:33,49030536-0468-1,,401651936423000,CASA-280150-CAP,[Fbs] Статус неизвестен,Покупатель передумал,2026-06-09 9:56:45,,"1,00","8 434,00",Да,,,,
2026-06-09 11:06:35,69817545-0616-1,601676708920000,601676708920000,STEL-245200CAP,[Fbs] Статус неизвестен,Покупатель отказался при вручении: товар не подошел,2026-06-09 10:08:20,,"1,00","10 688,00",Нет,,,,
2026-06-09 11:06:35,47393204-0170-1,851189872695000,851189872695000,CANT-265200-OLIV,[Fbs] Статус неизвестен,Покупатель отказался при вручении: товар не подошел,2026-06-09 10:23:45,,"1,00","14 026,00",Нет,,,,
2026-06-09 11:06:35,0126290089-0278-1,801694167859000,801694167859000,ADR-250500,[Fbs] Статус неизвестен,Покупатель отказался при вручении: товар не подошел,2026-06-09 10:50:12,,"1,00","3 890,00",Нет,,,,
2026-06-09 12:06:33,37533202-0235-1,551187914024000,551187914024000,CASA-260200-OLIV,[Fbs] Статус неизвестен,Покупатель отказался при вручении: товар не подошел,2026-06-09 12:04:34,,"1,00","10 870,00",Нет,,,,
2026-06-09 14:06:33,32596514-0620-1,551182257860000,551182257860000,CALM-270200-LAT,[Fbs] Статус неизвестен,Покупатель отказался при вручении: товар не подошел,2026-06-09 13:21:52,,"1,00","8 910,00",Нет,,,,
2026-06-09 14:06:33,0146121891-0557-7,ii16911109869,751172574214000,CANT-270150-OLIV,[Fbo] Статус неизвестен,Покупатель передумал,2026-06-09 13:38:10,,"1,00","9 965,00",Да,,,,
2026-06-09 15:06:34,78964158-0153-2,651182182939000,651182182939000,ADR-260600(Shamp),[Fbs] Статус неизвестен,Покупатель отказался при вручении: товар не подошел,2026-06-09 14:27:03,,"1,00","4 720,00",Нет,,,,
2026-06-09 17:06:33,0158491138-0308-1,701688643914000,701688643914000,CASA-275250-MLK,[Fbs] Статус неизвестен,Покупатель отказался при вручении: товар не подошел,2026-06-09 16:48:42,,"1,00","14 219,00",Нет,,,,
2026-06-09 18:06:34,74618194-0111-1,,651187480202000,ADR-140250V(Milk),[Fbs] Статус неизвестен,Покупатель передумал,2026-06-09 17:54:34,,"1,00","2 183,00",Да,,,,
2026-06-09 18:06:34,74618194-0111-1,,651187480202000,ADR-140250V(Milk),[Fbs] Статус неизвестен,Покупатель передумал,2026-06-09 17:54:34,,"1,00","2 183,00",Да,,,,
2026-06-09 20:06:33,41779816-0342-1,451184566185000,451184566185000,CALM-270300-GREEN,[Fbs] Статус неизвестен,Покупатель отказался при вручении: товар не подошел,2026-06-09 19:36:08,,"1,00","12 633,00",Нет,,,,
2026-06-10 13:06:34,0127691850-0083-1,,501664247487000,ADR-275400(Grey),[Fbs] Статус неизвестен,Покупатель передумал,2026-06-10 12:05:01,,"1,00","3 310,00",Да,,,,
2026-06-10 13:06:34,30128739-0715-1,701705391943000,701705391943000,ADR-140200V(Milk),[Fbs] Статус неизвестен,Покупатель отменил заказ: не устроил срок доставки,2026-06-10 12:39:55,,"1,00","1 929,00",Нет,,,,
2026-06-10 13:06:34,30128739-0714-1,951196501711000,951196501711000,ADR-140200V(Milk),[Fbs] Статус неизвестен,Покупатель отменил заказ: не устроил срок доставки,2026-06-10 12:40:09,,"1,00","1 929,00",Нет,,,,
2026-06-10 16:06:33,76890982-0403-1,201910283601000,201910283601000,ADR-100200L(Grey),[Fbs] Статус неизвестен,Покупатель отказался при вручении: товар не подошел,2026-06-10 15:59:25,,"1,00","1 826,00",Нет,,,,
2026-06-10 18:06:34,23465491-0180-6,251183794421000,251183794421000,CANT-250200-PUDR,[Fbs] Статус неизвестен,Покупатель отказался при вручении: товар не подошел,2026-06-10 17:58:10,,"1,00","12 182,00",Нет,,,,
2026-06-10 19:06:33,0124475902-0360-3,ii15848202972,901623442761000,CANT-250150-OLIV,[Fbs] Статус неизвестен,Покупатель передумал,2026-06-10 18:15:45,,"1,00","8 684,00",Да,,,,
2026-06-10 19:06:33,74608826-0857-1,951194298664000,951194298664000,ADR-120250,[Fbs] Статус неизвестен,Покупатель отказался при вручении: товар не подошел,2026-06-10 18:28:36,,"1,00","1 921,00",Нет,,,,
2026-06-10 19:06:33,84653088-0674-4,751191378491000,751191378491000,ADR-280400LR(Grey),[Fbs] Статус неизвестен,Покупатель отказался при вручении: товар не подошел,2026-06-10 19:05:22,,"1,00","4 063,00",Нет,,,,
2026-06-10 19:06:33,84653088-0674-4,751191378491000,751191378491000,ADR-280400LR(Grey),[Fbs] Статус неизвестен,Покупатель отказался при вручении: товар не подошел,2026-06-10 19:05:22,,"1,00","4 063,00",Нет,,,,
2026-06-10 20:06:32,74608826-0868-1,401701912306000,401701912306000,ADR-150250,[Fbs] Статус неизвестен,Покупатель отменил заказ,2026-06-10 19:42:37,,"1,00","1 921,00",Нет,,,,
2026-06-10 20:06:32,74608826-0870-1,701706982052000,701706982052000,ADR-150200,[Fbs] Статус неизвестен,Покупатель отменил заказ,2026-06-10 19:42:51,,"1,00","1 817,00",Нет,,,,
2026-06-10 21:06:32,70809603-0075-1,,451193465052000,ADR-245400L(Black),[Fbs] Статус неизвестен,Покупатель отказался при вручении: товар не подошел,2026-06-10 20:52:40,,"1,00","3 545,00",Да,,,,
2026-06-11 10:06:33,52916541-0533-1,351174405418000,351174405418000,ADR-100300V,[Fbs] Статус неизвестен,Покупатель отказался при вручении: товар не подошел,2026-06-11 9:07:17,,"1,00","2 220,00",Нет,,,,
2026-06-11 11:06:32,50342218-0220-1,551183487422000,551183487422000,ADR-300290V,[Fbs] Статус неизвестен,Покупатель отказался при вручении: товар не подошел,2026-06-11 10:20:29,,"1,00","3 143,00",Нет,,,,
2026-06-11 11:06:32,50342218-0220-1,551183487422000,551183487422000,ADR-300290V,[Fbs] Статус неизвестен,Покупатель отказался при вручении: товар не подошел,2026-06-11 10:20:29,,"1,00","3 143,00",Нет,,,,
2026-06-11 12:06:32,0151618169-0238-1,601712075253000,601712075253000,CANT-230150-CAP,[Fbs] Статус неизвестен,Покупатель отменил заказ,2026-06-11 12:02:47,,"1,00","9 254,00",Нет,,,,
2026-06-11 12:06:32,0151618169-0238-1,601712075253000,601712075253000,CANT-230150-PUDR,[Fbs] Статус неизвестен,Покупатель отменил заказ,2026-06-11 12:02:47,,"1,00","9 254,00",Нет,,,,
2026-06-11 14:06:32,39324660-2408-1,251180513819000,251180513819000,CANT-265150-LGR,[Fbs] Статус неизвестен,Покупатель отказался при вручении: товар не подошел,2026-06-11 13:36:23,,"1,00","9 254,00",Нет,,,,
2026-06-11 14:06:32,39324660-2408-1,251180513819000,251180513819000,CANT-265150-LGR,[Fbs] Статус неизвестен,Покупатель отказался при вручении: товар не подошел,2026-06-11 13:36:23,,"1,00","9 254,00",Нет,,,,
2026-06-11 14:06:32,39324660-2408-1,251180513819000,251180513819000,CANT-265150-LGR,[Fbs] Статус неизвестен,Покупатель отказался при вручении: товар не подошел,2026-06-11 13:36:23,,"1,00","9 254,00",Нет,,,,
2026-06-11 14:06:32,39324660-2408-3,601699835773000,601699835773000,CANT-265150-SIL,[Fbs] Статус неизвестен,Покупатель отказался при вручении: товар не подошел,2026-06-11 13:36:23,,"1,00","8 456,00",Нет,,,,
2026-06-11 14:06:32,39324660-2408-3,601699835773000,601699835773000,CANT-265150-SIL,[Fbs] Статус неизвестен,Покупатель отказался при вручении: товар не подошел,2026-06-11 13:36:23,,"1,00","8 456,00",Нет,,,,
2026-06-11 14:06:32,39324660-2408-3,601699835773000,601699835773000,CANT-265150-SIL,[Fbs] Статус неизвестен,Покупатель отказался при вручении: товар не подошел,2026-06-11 13:36:23,,"1,00","8 456,00",Нет,,,,
2026-06-11 14:06:32,98371014-0191-3,751187017910000,751187017910000,CASA-280300-OLIV,[Fbs] Статус неизвестен,Покупатель отказался при вручении: товар не подошел,2026-06-11 13:43:41,,"1,00","15 579,00",Нет,,,,
2026-06-11 18:06:34,47683879-0809-1,ii16030385736,751187746102000,ADR-320290LR(Milk),[Fbs] Статус неизвестен,Покупатель отказался при вручении: товар не подошел,2026-06-11 17:20:59,,"1,00","3 518,00",Да,,,,
2026-06-11 18:06:34,33122986-0107-1,901703077406000,901703077406000,CASA-265200-B,[Fbs] Статус неизвестен,Покупатель отказался при вручении: товар не подошел,2026-06-11 17:31:35,,"1,00","10 870,00",Нет,,,,
2026-06-11 18:06:34,47437414-1502-1,401701286631000,401701286631000,ADR-265200(Black),[Fbs] Статус неизвестен,Покупатель отказался при вручении: товар не подошел,2026-06-11 17:34:06,,"1,00","2 169,00",Нет,,,,
2026-06-11 19:06:34,37949349-1240-1,201925999581000,201925999581000,CANT-255300-PUDR,[Fbs] Статус неизвестен,Покупатель отменил заказ,2026-06-11 18:28:54,,"1,00","18 393,00",Нет,,,,
2026-06-11 20:06:33,57230572-0250-3,ii16015665172,551178123226000,CANT-255300-WGR,[Fbs] Статус неизвестен,Покупатель передумал,2026-06-11 19:11:48,,"1,00","16 959,00",Да,,,,
2026-06-11 20:06:33,83457318-0414-1,,851196504421000,ADR-285500V,[Fbs] Статус неизвестен,Покупатель отказался при вручении: товар не подошел,2026-06-11 19:33:02,,"1,00","4 527,00",Да,,,,
2026-06-11 20:06:33,83457318-0414-1,,851196504421000,ADR-285500V,[Fbs] Статус неизвестен,Покупатель отказался при вручении: товар не подошел,2026-06-11 19:33:02,,"1,00","4 527,00",Да,,,,
2026-06-11 20:06:33,32649659-0455-1,801714954161000,801714954161000,ADR-150100V(Milk),[Fbs] Статус неизвестен,Покупатель отменил заказ,2026-06-11 19:49:04,,"1,00","1 453,00",Нет,,,,
2026-06-11 21:06:33,31582637-0927-1,651187163461000,651187163461000,ADR-210250L,[Fbs] Статус неизвестен,Покупатель отказался при вручении: товар не подошел,2026-06-11 20:40:09,,"1,00","2 596,00",Нет,,,,
2026-06-11 21:06:33,58496337-0287-1,401697698983000,401697698983000,ADR-265400V(Milk),[Fbs] Статус неизвестен,Покупатель отказался при вручении: товар не подошел,2026-06-11 20:51:57,,"1,00","4 125,00",Нет,,,,
2026-06-11 21:06:33,58496337-0287-1,401697698983000,401697698983000,ADR-270400V(Milk),[Fbs] Статус неизвестен,Покупатель отказался при вручении: товар не подошел,2026-06-11 20:51:57,,"1,00","4 125,00",Нет,,,,
2026-06-11 23:06:38,59013296-1181-1,301695759787000,301695759787000,ADR-240400(Shamp),[Fbs] Статус неизвестен,Не удалось доставить заказ,2026-06-11 22:55:25,,"1,00","3 310,00",Нет,,,,
2026-06-12 1:06:33,38107806-0147-1,601716200466000,601716200466000,CASA-285150-CAP,[Fbs] Статус неизвестен,Покупатель отменил заказ,2026-06-12 0:23:41,,"1,00","8 434,00",Нет,,,,
2026-06-12 9:06:32,70076309-0233-1,751188665164000,751188665164000,ADR-260200L(Shamp),[Fbs] Статус неизвестен,Покупатель отказался при вручении: товар не подошел,2026-06-12 8:46:36,,"1,00","2 429,00",Нет,,,,
2026-06-12 9:06:32,70076309-0234-1,251187226163000,251187226163000,ADR-260150L(Shamp),[Fbs] Статус неизвестен,Покупатель отказался при вручении: товар не подошел,2026-06-12 8:46:37,,"1,00","2 036,00",Нет,,,,
2026-06-12 10:06:32,38903717-0773-1,ii15991664879,801704622313000,ADR-255500V(Milk),[Fbs] Статус неизвестен,Покупатель передумал,2026-06-12 9:58:28,,"1,00","4 831,00",Да,,,,
2026-06-12 12:06:32,11205338-0907-1,,251186827980000,ADR-260150LR,[Fbs] Статус неизвестен,Покупатель передумал,2026-06-12 11:55:18,,"1,00","2 215,00",Да,,,,
2026-06-12 13:06:32,12657708-0259-1,351175386055000,351175386055000,ADR-280600(Shamp),[Fbs] Статус неизвестен,Покупатель отказался при вручении: неполная комплектация,2026-06-12 12:53:32,,"1,00","5 757,00",Нет,,,,
2026-06-12 15:06:33,38458999-0408-2,301705583328000,301705583328000,CASA-280200-CAP,[Fbs] Статус неизвестен,Покупатель отказался при вручении: товар не подошел,2026-06-12 14:36:44,,"1,00","11 233,00",Нет,,,,
2026-06-12 15:06:33,38458999-0408-2,301705583328000,301705583328000,CASA-280250-OLIV,[Fbs] Статус неизвестен,Покупатель отказался при вручении: товар не подошел,2026-06-12 14:36:44,,"1,00","14 219,00",Нет,,,,
2026-06-12 16:06:36,52464778-0654-1,,751133805274000,CASA-260250-OLIV,[Fbs] Статус неизвестен,Покупатель передумал,2026-06-12 15:40:35,,"1,00","13 819,00",Да,,,,
2026-06-12 16:06:36,69539971-0028-3,701710811767000,701710811767000,CANT-230300-OLIV,[Fbs] Статус неизвестен,Покупатель отказался при вручении: товар не подошел,2026-06-12 16:00:26,,"1,00","20 990,00",Нет,,,,
2026-06-12 17:06:33,0182303066-0688-1,501701601294000,501701601294000,CANT-245150-MILK,[Fbs] Статус неизвестен,Покупатель отказался при вручении: товар не подошел,2026-06-12 16:37:06,,"1,00","9 254,00",Нет,,,,
2026-06-12 17:06:33,29892100-0355-1,ii11875566227,601713002164000,CANT-255250-PUDR,[Fbs] Статус неизвестен,Покупатель передумал,2026-06-12 16:52:12,,"1,00","12 182,00",Да,,,,
2026-06-12 17:06:33,29892100-0355-3,,701711312571000,CANT-260250-BLUE,[Fbs] Статус неизвестен,Покупатель передумал,2026-06-12 16:52:12,,"1,00","16 378,00",Да,,,,
2026-06-12 18:06:33,0167328068-0253-1,401696485919000,401696485919000,NAV-SHEN-5030-BLUE,[Fbs] Статус неизвестен,Покупатель отказался при вручении: товар не подошел,2026-06-12 17:37:35,,"1,00","856,00",Нет,,,,
2026-06-12 18:06:33,29888950-0378-1,601718745964000,601718745964000,CANT-250300-B,[Fbs] Статус неизвестен,Покупатель отменил заказ,2026-06-12 18:06:05,,"1,00","16 959,00",Нет,,,,
2026-06-12 20:06:33,43805936-0343-1,701685253247000,701685253247000,ADR-285300V,[Fbs] Статус неизвестен,Покупатель отказался при вручении: товар не подошел,2026-06-12 20:01:16,,"1,00","3 104,00",Нет,,,,
2026-06-12 20:06:33,43805936-0345-1,901685527978000,901685527978000,ADR-285300V,[Fbs] Статус неизвестен,Покупатель отказался при вручении: товар не подошел,2026-06-12 20:01:16,,"1,00","3 104,00",Нет,,,,
2026-06-12 20:06:33,43805936-0344-1,,251169816038000,ADR-285300V(Milk),[Fbs] Статус неизвестен,Покупатель отказался при вручении: товар не подошел,2026-06-12 20:01:19,,"1,00","3 119,00",Да,,,,
2026-06-12 20:06:33,43805936-0344-1,,251169816038000,ADR-285300V(Milk),[Fbs] Статус неизвестен,Покупатель отказался при вручении: товар не подошел,2026-06-12 20:01:19,,"1,00","3 119,00",Да,,,,
2026-06-12 21:06:36,64315166-0633-1,451197503692000,451197503692000,CANT-270300-BLUE,[Fbs] Статус неизвестен,Покупатель отказался при вручении: товар не подошел,2026-06-12 20:24:59,,"1,00","18 393,00",Нет,,,,
2026-06-12 21:06:36,57230572-0255-7,ii16015665183,751192973254000,CANT-255300-SIL,[Fbs] Статус неизвестен,Покупатель передумал,2026-06-12 20:28:38,,"1,00","16 959,00",Да,,,,
2026-06-12 21:06:36,57230572-0255-3,,851195555185000,CANT-255300-SIL,[Fbs] Статус неизвестен,Покупатель передумал,2026-06-12 20:28:38,,"1,00","16 959,00",Да,,,,
2026-06-13 0:06:35,0187556443-0735-1,401666214660000,401666214660000,ADR-150400L(Black),[Fbs] Статус неизвестен,Покупатель не забрал заказ,2026-06-13 0:04:30,,"1,00","2 649,00",Нет,,,,
2026-06-13 7:06:35,56497352-0149-1,ii15885780866,501687564884000,CANT-255200-PUDR,[Fbs] Статус неизвестен,Покупатель передумал,2026-06-13 6:10:40,,"1,00","12 182,00",Да,,,,
2026-06-13 7:06:35,24173615-0454-1,ii15874902792,201896203645000,CANT-255200-PUDR,[Fbs] Статус неизвестен,Покупатель передумал,2026-06-13 6:24:02,,"1,00","11 433,00",Да,,,,
2026-06-13 11:06:33,16050254-0303-1,901713802006000,901713802006000,ADR-305200V(Milk),[Fbs] Статус неизвестен,Покупатель отказался при вручении: товар не подошел,2026-06-13 10:09:38,,"1,00","2 600,00",Нет,,,,
2026-06-13 11:06:33,16050254-0303-1,901713802006000,901713802006000,ADR-305200V(Milk),[Fbs] Статус неизвестен,Покупатель отказался при вручении: товар не подошел,2026-06-13 10:09:38,,"1,00","2 600,00",Нет,,,,
2026-06-13 11:06:33,81410642-1473-1,801704889430000,801704889430000,ADR-230200LR,[Fbs] Статус неизвестен,Покупатель отменил заказ: нашел дешевле,2026-06-13 10:18:31,,"1,00","2 651,00",Нет,,,,
2026-06-13 11:06:33,81410642-1473-1,801704889430000,801704889430000,ADR-230200LR,[Fbs] Статус неизвестен,Покупатель отменил заказ: нашел дешевле,2026-06-13 10:18:31,,"1,00","2 651,00",Нет,,,,
2026-06-13 11:06:33,81410642-1473-1,801704889430000,801704889430000,ADR-230200LR,[Fbs] Статус неизвестен,Покупатель отменил заказ: нашел дешевле,2026-06-13 10:18:31,,"1,00","2 651,00",Нет,,,,
2026-06-13 11:06:33,81410642-1473-1,801704889430000,801704889430000,ADR-230200LR,[Fbs] Статус неизвестен,Покупатель отменил заказ: нашел дешевле,2026-06-13 10:18:31,,"1,00","2 651,00",Нет,,,,
2026-06-13 11:06:33,84653088-0676-1,ii15986568974,851200442126000,ADR-275400LR(Grey),[Fbs] Статус неизвестен,Покупатель передумал,2026-06-13 10:44:54,,"1,00","4 063,00",Да,,,,
2026-06-13 11:06:33,84653088-0676-1,ii15986568973,851200442126000,ADR-275400LR(Grey),[Fbs] Статус неизвестен,Покупатель передумал,2026-06-13 10:44:54,,"1,00","4 063,00",Да,,,,
2026-06-13 11:06:33,84653088-0676-1,ii15986568972,851200442126000,ADR-275400LR(Grey),[Fbs] Статус неизвестен,Покупатель передумал,2026-06-13 10:44:54,,"1,00","4 063,00",Да,,,,
2026-06-13 12:06:32,30128739-0716-1,501706345956000,501706345956000,ADR-130200V(Milk),[Fbs] Статус неизвестен,Покупатель отказался при вручении: товар не подошел,2026-06-13 11:21:00,,"1,00","1 929,00",Нет,,,,
2026-06-13 12:06:32,30128739-0716-1,501706345956000,501706345956000,ADR-130200V(Milk),[Fbs] Статус неизвестен,Покупатель отказался при вручении: товар не подошел,2026-06-13 11:21:00,,"1,00","1 929,00",Нет,,,,
2026-06-13 12:06:32,68596513-0230-1,ii15847064192,701702670389000,ADR-290150ALL,[Fbs] Статус неизвестен,Покупатель передумал,2026-06-13 12:05:12,,"1,00","1 915,00",Да,,,,
2026-06-13 12:06:32,68596513-0230-1,ii15847064193,701702670389000,ADR-290150ALL,[Fbs] Статус неизвестен,Покупатель передумал,2026-06-13 12:05:12,,"1,00","1 915,00",Да,,,,
2026-06-13 13:06:33,69818115-0184-2,251186241980000,251186241980000,ADR-260300(Shamp),[Fbs] Статус неизвестен,Покупатель отказался при вручении: товар не подошел,2026-06-13 12:07:05,,"1,00","2 791,00",Нет,,,,
2026-06-13 13:06:33,69818115-0184-2,251186241980000,251186241980000,ADR-260300(Shamp),[Fbs] Статус неизвестен,Покупатель отказался при вручении: товар не подошел,2026-06-13 12:07:05,,"1,00","2 791,00",Нет,,,,
2026-06-13 13:06:33,69818115-0184-2,251186241980000,251186241980000,ADR-260150(Shamp),[Fbs] Статус неизвестен,Покупатель отказался при вручении: товар не подошел,2026-06-13 12:07:05,,"1,00","1 940,00",Нет,,,,
2026-06-13 13:06:33,61313287-0607-1,701707122714000,701707122714000,CANT-255150-LAT,[Fbs] Статус неизвестен,Покупатель отказался при вручении: товар не подошел,2026-06-13 12:15:40,,"1,00","8 456,00",Нет,,,,
2026-06-13 13:06:33,61313287-0609-1,801707664985000,801707664985000,CANT-255200-MILK,[Fbs] Статус неизвестен,Покупатель отказался при вручении: товар не подошел,2026-06-13 12:15:41,,"1,00","12 182,00",Нет,,,,
2026-06-13 13:06:33,0153865581-0552-2,ii9072833737,351197100461000,ADR-100150(Shamp),[Fbs] Статус неизвестен,Покупатель передумал,2026-06-13 12:30:02,,"1,00","1 609,00",Да,,,,
2026-06-13 14:06:33,81874380-0071-2,351196351140000,351196351140000,CANT-240150-CAP,[Fbs] Статус неизвестен,Покупатель отказался при вручении: товар не подошел,2026-06-13 13:11:46,,"1,00","9 254,00",Нет,,,,
2026-06-13 14:06:33,75252708-0568-1,651179099500000,651179099500000,ADR-305250LR,[Fbs] Статус неизвестен,Покупатель отказался при вручении: товар не подошел,2026-06-13 13:26:58,,"1,00","3 041,00",Нет,,,,
2026-06-13 16:06:33,43227971-0152-2,,551181034825000,ADR-265100LR(Grey),[Fbs] Статус неизвестен,Покупатель передумал,2026-06-13 15:38:45,,"1,00","1 833,00",Да,,,,
2026-06-13 16:06:33,36652648-0081-1,851197374289000,851197374289000,CANT-260150-OLIV,[Fbs] Статус неизвестен,Покупатель отказался при вручении: товар не подошел,2026-06-13 15:53:39,,"1,00","10 464,00",Нет,,,,
2026-06-13 16:06:33,0107981294-0140-1,,901695507289000,CANT-230200-OLIV,[Fbs] Статус неизвестен,Покупатель передумал,2026-06-13 15:55:12,,"1,00","13 358,00",Да,,,,
2026-06-13 17:06:38,78320232-0505-1,801703388258000,801703388258000,ADR-310290V,[Fbs] Статус неизвестен,Покупатель отказался при вручении: товар не подошел,2026-06-13 16:09:38,,"1,00","3 143,00",Нет,,,,
2026-06-13 17:06:38,74797413-0337-3,601699851666000,601699851666000,CANT-265300-CAP,[Fbs] Статус неизвестен,Покупатель отказался при вручении: товар не подошел,2026-06-13 16:14:20,,"1,00","18 393,00",Нет,,,,
2026-06-13 17:06:38,74797413-0337-1,601699019591000,601699019591000,CANT-265200-CAP,[Fbs] Статус неизвестен,Покупатель отказался при вручении: товар не подошел,2026-06-13 16:14:20,,"1,00","12 182,00",Нет,,,,
2026-06-13 18:06:33,91538621-0274-1,451200315404000,451200315404000,ADR-285700V(Milk),[Fbs] Статус неизвестен,Покупатель отказался при вручении: товар не подошел,2026-06-13 17:18:29,,"1,00","6 317,00",Нет,,,,
2026-06-13 20:06:33,29888950-0369-1,,451174056274000,CANT-250300-LAT,[Fbs] Статус неизвестен,Покупатель передумал,2026-06-13 19:07:12,,"1,00","16 959,00",Да,,,,
2026-06-13 20:06:33,47780818-0075-2,251184685487000,251184685487000,CASA-275250-OLIV,[Fbs] Статус неизвестен,Покупатель отказался при вручении: товар не подошел,2026-06-13 19:09:09,,"1,00","13 508,00",Нет,,,,
2026-06-13 20:06:33,47780818-0075-5,351193388843000,351193388843000,CASA-270200-OLIV,[Fbs] Статус неизвестен,Покупатель отказался при вручении: товар не подошел,2026-06-13 19:09:09,,"1,00","10 870,00",Нет,,,,
2026-06-14 9:06:32,57154045-0254-1,801714142751000,801714142751000,CANT-240300-OLIV,[Fbs] Статус неизвестен,Покупатель отказался при вручении: товар не подошел,2026-06-14 9:03:47,,"1,00","20 990,00",Нет,,,,
2026-06-14 11:06:33,0155443782-0307-1,951201121255000,951201121255000,ADR-230200V(Milk),[Fbs] Статус неизвестен,Покупатель отказался при вручении: товар не подошел,2026-06-14 10:14:51,,"1,00","2 600,00",Нет,,,,
2026-06-14 11:06:33,0155443782-0307-1,951201121255000,951201121255000,ADR-230200V(Milk),[Fbs] Статус неизвестен,Покупатель отказался при вручении: товар не подошел,2026-06-14 10:14:51,,"1,00","2 600,00",Нет,,,,
2026-06-14 11:06:33,45210076-0043-1,201922221814000,201922221814000,CANT-270300-OLIV,[Fbs] Статус неизвестен,Покупатель отказался при вручении: товар не подошел,2026-06-14 10:34:19,,"1,00","20 990,00",Нет,,,,
2026-06-14 12:06:34,49140834-0333-1,851192245173000,851192245173000,CANT-270250-CAP,[Fbs] Статус неизвестен,Покупатель отказался при вручении: товар не подошел,2026-06-14 11:22:18,,"1,00","16 378,00",Нет,,,,
2026-06-14 13:06:34,14280300-1133-1,551205296851000,551205296851000,CALM-255250-LGR,[Fbs] Статус неизвестен,Покупатель отменил заказ,2026-06-14 12:43:47,,"1,00","10 462,00",Нет,,,,
2026-06-14 14:06:33,00216816-1673-1,,451152229941000,ADR-280300(Shamp),[Fbs] Статус неизвестен,Покупатель передумал,2026-06-14 13:11:15,,"1,00","2 436,00",Да,,,,
2026-06-14 14:06:33,41011047-0736-1,ii15880903116,351187350242000,CANT-240200-WGR,[Fbs] Статус неизвестен,Покупатель передумал,2026-06-14 13:24:17,,"1,00","10 665,00",Да,,,,
2026-06-14 15:06:32,0209960630-0014-1,251192599991000,251192599991000,ADR-240350L(Shamp),[Fbs] Статус неизвестен,Покупатель отказался при вручении: товар не подошел,2026-06-14 14:18:06,,"1,00","3 224,00",Нет,,,,
2026-06-14 17:06:33,42208524-0242-1,551190734722000,551190734722000,DONN-255300-SHAMP,[Fbs] Статус неизвестен,Покупатель отказался при вручении: товар не подошел,2026-06-14 16:46:42,,"1,00","15 769,00",Нет,,,,
2026-06-14 17:06:33,83726871-0193-3,501709455982000,501709455982000,CASA-250250-PUDR,[Fbs] Статус неизвестен,Покупатель отказался при вручении: товар не подошел,2026-06-14 16:55:52,,"1,00","14 219,00",Нет,,,,
2026-06-14 17:06:33,46812898-0530-1,,851201656546000,ADR-265600V,[Fbs] Статус неизвестен,Покупатель передумал,2026-06-14 17:06:13,,"1,00","5 748,00",Да,,,,
2026-06-14 18:06:33,0120682483-0033-1,ii7096989925,501676036716000,ADR-265250L,[Fbs] Статус неизвестен,Покупатель передумал,2026-06-14 17:21:33,,"1,00","2 596,00",Да,,,,
2026-06-14 18:06:33,0152202813-0022-1,551190843910000,551190843910000,ADR-245350L,[Fbs] Статус неизвестен,Покупатель отказался при вручении: товар не подошел,2026-06-14 17:47:33,,"1,00","3 164,00",Нет,,,,
2026-06-14 18:06:33,39439778-1802-2,ii11866329906,601702869693000,CASA-270300-SIL,[Fbs] Статус неизвестен,Покупатель передумал,2026-06-14 18:01:54,,"1,00","16 066,00",Да,,,,
2026-06-14 19:06:34,62917636-0244-4,501705611966000,501705611966000,CANT-265200-MILK,[Fbs] Статус неизвестен,Покупатель отказался при вручении: товар не подошел,2026-06-14 18:43:23,,"1,00","12 182,00",Нет,,,,
2026-06-14 20:06:33,74608826-0880-1,201931393214000,201931393214000,ADR-120250,[Fbs] Статус неизвестен,Покупатель отменил заказ,2026-06-14 19:07:59,,"1,00","1 921,00",Нет,,,,
2026-06-14 21:06:34,02493896-0082-1,951197305565000,951197305565000,ADR-270400(Shamp),[Fbs] Статус неизвестен,Покупатель отказался при вручении: товар не подошел,2026-06-14 20:18:34,,"1,00","3 310,00",Нет,,,,
2026-06-15 4:06:34,37705945-1002-1,451197027284000,451197027284000,CASA-265300-B,[Fbs] Статус неизвестен,Покупатель отменил заказ,2026-06-15 3:23:28,,"1,00","16 066,00",Нет,,,,
2026-06-15 11:06:33,44383666-0332-1,801692733970000,801692733970000,CANT-255200-LAT,[Fbs] Статус неизвестен,Покупатель отказался при вручении: товар не подошел,2026-06-15 10:59:23,,"1,00","10 745,00",Нет,,,,
2026-06-15 13:06:34,0213161977-0184-1,451189439329000,451189439329000,ADR-240300(Grey),[Fbs] Статус неизвестен,Покупатель отказался при вручении: товар не подошел,2026-06-15 12:19:05,,"1,00","2 791,00",Нет,,,,
2026-06-15 13:06:34,0213161977-0184-1,451189439329000,451189439329000,ADR-240300(Grey),[Fbs] Статус неизвестен,Покупатель отказался при вручении: товар не подошел,2026-06-15 12:19:05,,"1,00","2 791,00",Нет,,,,
2026-06-15 13:06:34,0213161977-0169-1,701701421989000,701701421989000,CANT-265200-OLIV,[Fbs] Статус неизвестен,Покупатель отказался при вручении: товар не подошел,2026-06-15 12:19:07,,"1,00","14 026,00",Нет,,,,
2026-06-15 13:06:34,0136226639-0122-3,351205387222000,351205387222000,CALM-245300-MLK,[Fbs] Статус неизвестен,Покупатель отказался при вручении: товар не подошел,2026-06-15 12:48:12,,"1,00","12 633,00",Нет,,,,
2026-06-15 13:06:34,0136226639-0122-1,251196262007000,251196262007000,CALM-245300-LAT,[Fbs] Статус неизвестен,Покупатель отказался при вручении: товар не подошел,2026-06-15 12:48:12,,"1,00","12 633,00",Нет,,,,
2026-06-15 14:06:32,39379349-0659-1,,651195911867000,ADR-120250(Shamp),[Fbs] Статус неизвестен,Покупатель передумал,2026-06-15 13:40:54,,"1,00","1 921,00",Да,,,,
2026-06-15 14:06:32,50518020-0624-3,ii11839763636,851197016837000,ADR-280450LR,[Fbs] Статус неизвестен,Покупатель передумал,2026-06-15 13:53:22,,"1,00","4 716,00",Да,,,,
2026-06-15 14:06:32,50518020-0624-1,ii11839763638,201927995285000,ADR-280300LR,[Fbs] Статус неизвестен,Покупатель передумал,2026-06-15 13:53:22,,"1,00","3 358,00",Да,,,,
2026-06-15 14:06:32,50518020-0624-1,ii11839763639,201927995285000,ADR-280400LR,[Fbs] Статус неизвестен,Покупатель передумал,2026-06-15 13:53:22,,"1,00","3 977,00",Да,,,,
2026-06-15 14:06:32,50518020-0624-1,ii11839763640,201927995285000,ADR-280400LR,[Fbs] Статус неизвестен,Покупатель передумал,2026-06-15 13:53:22,,"1,00","3 977,00",Да,,,,
2026-06-15 14:06:32,50518020-0624-3,ii11839763635,851197016837000,ADR-280450LR,[Fbs] Статус неизвестен,Покупатель передумал,2026-06-15 13:53:22,,"1,00","4 716,00",Да,,,,
2026-06-15 14:06:32,50518020-0624-1,ii11839763637,201927995285000,ADR-280300LR,[Fbs] Статус неизвестен,Покупатель передумал,2026-06-15 13:53:22,,"1,00","3 358,00",Да,,,,
2026-06-15 16:06:33,28920727-0796-1,,801712588031000,ADR-140200(Shamp),[Fbs] Статус неизвестен,Покупатель отказался при вручении: товар не подошел,2026-06-15 15:35:57,,"1,00","1 817,00",Да,,,,
2026-06-15 17:06:33,36314564-1213-1,ii11835633016,901707834845000,ADR-285200V,[Fbs] Статус неизвестен,Покупатель передумал,2026-06-15 16:33:35,,"1,00","2 354,00",Да,,,,
2026-06-15 17:06:33,36314564-1213-1,,901707834845000,ADR-285200V,[Fbs] Статус неизвестен,Покупатель передумал,2026-06-15 16:33:35,,"1,00","2 354,00",Да,,,,
2026-06-15 18:06:33,0116900863-0253-1,551204053987000,551204053987000,ADR-210250(Shamp),[Fbs] Статус неизвестен,Покупатель отказался при вручении: товар не подошел,2026-06-15 17:10:08,,"1,00","2 480,00",Нет,,,,
2026-06-15 18:06:33,0116900863-0253-1,551204053987000,551204053987000,ADR-210250(Shamp),[Fbs] Статус неизвестен,Покупатель отказался при вручении: товар не подошел,2026-06-15 17:10:08,,"1,00","2 480,00",Нет,,,,
2026-06-15 18:06:33,0116900863-0252-1,951208270748000,951208270748000,ADR-210250(Shamp),[Fbs] Статус неизвестен,Покупатель отказался при вручении: товар не подошел,2026-06-15 17:10:08,,"1,00","2 480,00",Нет,,,,
2026-06-15 18:06:33,39753900-0159-4,601716921157000,601716921157000,ADR-255150LR(Grey),[Fbs] Статус неизвестен,Покупатель отказался при вручении: товар не подошел,2026-06-15 17:25:17,,"1,00","2 264,00",Нет,,,,
2026-06-15 19:06:34,33122986-0112-2,451202824030000,451202824030000,CALM-265200-LAT,[Fbs] Статус неизвестен,Покупатель отказался при вручении: товар не подошел,2026-06-15 19:00:47,,"1,00","8 910,00",Нет,,,,
2026-06-15 20:06:33,28543057-0712-1,451188645507000,451188645507000,CANT-260150-OLIV,[Fbs] Статус неизвестен,Покупатель отказался при вручении: товар не подошел,2026-06-15 19:15:40,,"1,00","10 464,00",Нет,,,,
2026-06-15 20:06:33,25644242-0411-3,,851210216872000,CALM-245150-LGR,[Fbs] Статус неизвестен,Покупатель отказался при вручении: товар не подошел,2026-06-15 19:17:31,,"1,00","6 613,00",Да,,,,
2026-06-15 20:06:33,25644242-0411-3,,851210216872000,CALM-245250-MLK,[Fbs] Статус неизвестен,Покупатель отказался при вручении: товар не подошел,2026-06-15 19:17:31,,"1,00","10 462,00",Да,,,,
2026-06-15 20:06:33,25644242-0411-1,,701722770564000,CALM-245150-MLK,[Fbs] Статус неизвестен,Покупатель отказался при вручении: товар не подошел,2026-06-15 19:17:31,,"1,00","6 613,00",Да,,,,
2026-06-15 22:06:33,26502066-3122-1,601713844599000,601713844599000,CANT-265200-BLUE,[Fbs] Статус неизвестен,Покупатель отказался при вручении: товар не подошел,2026-06-15 21:40:43,,"1,00","12 182,00",Нет,,,,
2026-06-16 1:06:32,86133062-0409-2,301715536088000,301715536088000,ADR-230300V(Milk),[Fbs] Статус неизвестен,Покупатель отменил заказ: не устроил срок доставки,2026-06-16 0:45:57,,"1,00","3 119,00",Нет,,,,
2026-06-16 1:06:32,86133062-0409-2,301715536088000,301715536088000,ADR-230300V(Milk),[Fbs] Статус неизвестен,Покупатель отменил заказ: не устроил срок доставки,2026-06-16 0:45:57,,"1,00","3 119,00",Нет,,,,
2026-06-16 9:06:35,35984008-0460-1,ii11859630819,251186146287000,ADR-285400(Shamp),[Fbs] Статус неизвестен,Покупатель передумал,2026-06-16 8:15:16,,"1,00","3 580,00",Да,,,,
2026-06-16 10:06:32,32673583-0375-1,ii15988922167,951199407831000,ADR-210300(Grey),[Fbs] Статус неизвестен,Покупатель получил не те товары,2026-06-16 9:15:36,,"1,00","2 721,00",Да,,,,
2026-06-16 10:06:32,32673583-0375-1,ii15988922166,951199407831000,ADR-210300(Black),[Fbs] Статус неизвестен,Покупатель передумал,2026-06-16 9:15:36,,"1,00","2 721,00",Да,,,,
2026-06-16 11:06:34,0233156055-0078-1,651168995401000,651168995401000,CASA-260200-OLIV,[Fbs] Статус неизвестен,Покупатель отказался при вручении: товар не подошел,2026-06-16 10:08:15,,"1,00","10 870,00",Нет,,,,
2026-06-16 13:06:33,42851836-0163-1,ii16007637720,351180329703000,CASA-270200-B,[Fbs] Статус неизвестен,Покупатель передумал,2026-06-16 12:21:31,,"1,00","10 870,00",Да,,,,
2026-06-16 13:06:33,42851836-0163-1,ii16007637719,351180329703000,CASA-270200-B,[Fbs] Статус неизвестен,Покупатель передумал,2026-06-16 12:21:31,,"1,00","10 870,00",Да,,,,
2026-06-16 13:06:33,67455050-0343-1,ii15877810972,751178390838000,ADR-305290V,[Fbs] Статус неизвестен,Покупатель передумал,2026-06-16 12:30:49,,"1,00","2 915,00",Да,,,,
2026-06-16 17:06:35,37713348-0120-1,751160592948000,751160592948000,ADR-255200LR(Grey),[Fbs] Статус неизвестен,Покупатель отказался при вручении: товар не подошел,2026-06-16 16:17:18,,"1,00","2 584,00",Нет,,,,
2026-06-16 17:06:35,37713348-0120-1,751160592948000,751160592948000,ADR-255200LR(Grey),[Fbs] Статус неизвестен,Покупатель отказался при вручении: товар не подошел,2026-06-16 16:17:18,,"1,00","2 584,00",Нет,,,,
2026-06-16 17:06:35,89336439-0137-1,ii15878284021,851204798879000,ADR-305250V,[Fbs] Статус неизвестен,Покупатель отказался при вручении: товар не подошел,2026-06-16 16:54:19,,"1,00","2 915,00",Да,,,,
2026-06-16 17:06:35,89336439-0137-1,ii15878284020,851204798879000,ADR-305250V,[Fbs] Статус неизвестен,Покупатель отказался при вручении: товар не подошел,2026-06-16 16:54:19,,"1,00","2 915,00",Да,,,,
2026-06-16 18:06:36,59838794-0102-1,ii15860464604,551176979701000,ADR-245250V,[Fbs] Статус неизвестен,Покупатель передумал,2026-06-16 17:37:45,,"1,00","2 786,00",Да,,,,
2026-06-16 19:06:34,14349032-0384-1,ii15999120848,201934511933000,CANT-260200-GR,[Fbs] Статус неизвестен,Покупатель передумал,2026-06-16 18:18:52,,"1,00","10 945,00",Да,,,,
2026-06-16 19:06:34,47329266-0806-1,ii11855243716,651185444817000,ADR-310250V,[Fbs] Статус неизвестен,Покупатель передумал,2026-06-16 18:20:25,,"1,00","3 025,00",Да,,,,
2026-06-16 19:06:34,47329266-0806-1,ii11855243714,651185444817000,ADR-310250V,[Fbs] Статус неизвестен,Покупатель передумал,2026-06-16 18:23:49,,"1,00","3 025,00",Да,,,,
2026-06-16 19:06:34,35452233-0346-1,901720019675000,901720019675000,CASA-265300-BLUE,[Fbs] Статус неизвестен,Покупатель отказался при вручении: товар не подошел,2026-06-16 18:44:27,,"1,00","16 066,00",Нет,,,,
2026-06-16 20:06:35,32005216-0256-1,301722515373000,301722515373000,CANT-265250-MILK,[Fbs] Статус неизвестен,Покупатель отказался при вручении: товар не подошел,2026-06-16 19:16:50,,"1,00","16 378,00",Нет,,,,
2026-06-16 20:06:35,32005216-0257-1,651202488499000,651202488499000,CANT-265250-BLUE,[Fbs] Статус неизвестен,Покупатель отказался при вручении: товар не подошел,2026-06-16 19:16:51,,"1,00","16 378,00",Нет,,,,
2026-06-16 20:06:35,79460075-0159-1,ii15854133309,901690845760000,ADR-150150(Shamp),[Fbs] Статус неизвестен,Покупатель передумал,2026-06-16 19:24:03,,"1,00","1 609,00",Да,,,,
2026-06-16 20:06:35,79460075-0159-1,ii15854133308,901690845760000,ADR-150150(Shamp),[Fbs] Статус неизвестен,Покупатель передумал,2026-06-16 19:24:03,,"1,00","1 609,00",Да,,,,
2026-06-16 21:06:34,25814620-0404-1,ii16028805376,701718788666000,CANT-265150-OLIV,[Fbs] Статус неизвестен,Покупатель отказался при вручении: товар не подошел,2026-06-16 20:06:36,,"1,00","9 949,00",Да,,,,
2026-06-16 21:06:34,68596513-0231-1,201937218060000,201937218060000,ADR-290300ALL,[Fbs] Статус неизвестен,Покупатель отказался при вручении: товар не подошел,2026-06-16 20:26:26,,"1,00","3 048,00",Нет,,,,
2026-06-16 21:06:34,68596513-0231-1,201937218060000,201937218060000,ADR-290300ALL,[Fbs] Статус неизвестен,Покупатель отказался при вручении: товар не подошел,2026-06-16 20:26:26,,"1,00","3 048,00",Нет,,,,
2026-06-16 21:06:34,74608826-0858-1,,801703552301000,ADR-120200,[Fbs] Статус неизвестен,Покупатель передумал,2026-06-16 20:59:03,,"1,00","1 817,00",Да,,,,
2026-06-16 21:06:34,74608826-0875-1,,751196989118000,ADR-150250,[Fbs] Статус неизвестен,Покупатель передумал,2026-06-16 20:59:03,,"1,00","1 921,00",Да,,,,
2026-06-16 21:06:34,74608826-0876-1,,901711870351000,ADR-150200,[Fbs] Статус неизвестен,Покупатель передумал,2026-06-16 20:59:03,,"1,00","1 817,00",Да,,,,
2026-06-16 21:06:34,74608826-0878-1,,501711920114000,ADR-120200,[Fbs] Статус неизвестен,Покупатель передумал,2026-06-16 20:59:03,,"1,00","1 817,00",Да,,,,
2026-06-16 21:06:34,74608826-0881-1,,301715319340000,ADR-110250,[Fbs] Статус неизвестен,Покупатель передумал,2026-06-16 20:59:03,,"1,00","1 921,00",Да,,,,
2026-06-16 21:06:34,74608826-0883-1,,751197113208000,ADR-110150,[Fbs] Статус неизвестен,Покупатель получил не те товары,2026-06-16 20:59:03,,"1,00","1 609,00",Да,за место белой-шампань,павлова,,
2026-06-16 21:06:34,74608826-0882-1,,951203994325000,ADR-120150,[Fbs] Статус неизвестен,Покупатель получил не те товары,2026-06-16 20:59:03,,"1,00","1 609,00",Да,за место белой-шампань,павлова,,
2026-06-16 22:06:33,62040067-0131-1,251191113749000,251191113749000,ADR-240200LR(Grey),[Fbs] Статус неизвестен,Не удалось доставить заказ,2026-06-16 21:20:00,,"1,00","2 584,00",Нет,,,,
2026-06-17 0:06:33,07766913-0131-1,551172210236000,551172210236000,CANT-270200-CAP,[Fbs] Статус неизвестен,Покупатель не забрал заказ,2026-06-17 0:02:33,,"1,00","12 182,00",Нет,,,,
2026-06-17 8:06:33,52004318-0049-1,ii15863616481,701681775100000,CANT-240250-LAT,[Fbs] Статус неизвестен,Покупатель передумал,2026-06-17 7:30:45,,"1,00","14 277,00",Да,,,,
2026-06-17 13:06:32,38107806-0148-1,551213027033000,551213027033000,CANT-245200-PUDR,[Fbs] Статус неизвестен,Покупатель отменил заказ: нашел дешевле,2026-06-17 12:32:07,,"1,00","12 182,00",Нет,,,,
2026-06-17 14:06:34,81814240-0599-1,ii16019538665,351213568381000,ADR-210300,[Fbs] Статус неизвестен,Покупатель передумал,2026-06-17 13:35:29,,"1,00","2 791,00",Да,,,,
2026-06-17 14:06:34,81814240-0599-1,ii16019538666,351213568381000,ADR-210300,[Fbs] Статус неизвестен,Покупатель передумал,2026-06-17 13:35:29,,"1,00","2 791,00",Да,,,,
2026-06-17 15:06:33,35020383-0084-1,ii15842058055,601716174600000,CANT-270250-LAT,[Fbs] Статус неизвестен,Покупатель передумал,2026-06-17 14:06:56,,"1,00","14 795,00",Да,,,,
2026-06-17 15:06:33,45764972-0188-2,301730116501000,301730116501000,STEL-255200CAP,[Fbs] Статус неизвестен,Покупатель отказался при вручении: товар не подошел,2026-06-17 15:05:35,,"1,00","7 778,00",Нет,,,,
2026-06-17 16:06:33,0195602413-0021-1,ii15986324531,801717053770000,ADR-305290V,[Fbs] Статус неизвестен,Покупатель отказался при вручении: товар не подошел,2026-06-17 15:28:24,,"1,00","2 915,00",Да,,,,
2026-06-17 16:06:33,0195602413-0021-1,ii15986324533,801717053770000,ADR-305200V,[Fbs] Статус неизвестен,Покупатель отказался при вручении: товар не подошел,2026-06-17 15:28:24,,"1,00","2 600,00",Да,,,,
2026-06-17 16:06:33,0195602413-0021-1,ii15986324530,801717053770000,ADR-305290V,[Fbs] Статус неизвестен,Покупатель отказался при вручении: товар не подошел,2026-06-17 15:28:24,,"1,00","2 915,00",Да,,,,
2026-06-17 16:06:33,0195602413-0021-1,ii15986324532,801717053770000,ADR-305200V,[Fbs] Статус неизвестен,Покупатель отказался при вручении: товар не подошел,2026-06-17 15:28:24,,"1,00","2 600,00",Да,,,,
2026-06-17 16:06:33,43735104-0545-1,ii16026670486,401706146234000,STEL-255250B,[Fbs] Статус неизвестен,Покупатель передумал,2026-06-17 15:29:22,,"1,00","10 644,00",Да,,,,
2026-06-17 17:06:33,43674467-0027-1,901720528052000,901720528052000,CASA-230150-LGR,[Fbs] Статус неизвестен,Покупатель отменил заказ,2026-06-17 17:02:27,,"1,00","8 009,00",Нет,,,,
2026-06-17 17:06:33,46401534-0171-1,,701692177201000,CANT-240150-OLIV,[Fbs] Статус неизвестен,Покупатель передумал,2026-06-17 17:03:18,,"1,00","9 716,00",Да,,,,
2026-06-17 17:06:33,46401534-0171-1,,701692177201000,CANT-240150-OLIV,[Fbs] Статус неизвестен,Покупатель передумал,2026-06-17 17:03:18,,"1,00","9 716,00",Да,,,,
2026-06-17 19:06:32,12856594-0811-1,ii16018431610,601707993463000,CALM-270300-MLK,[Fbs] Статус неизвестен,Покупатель передумал,2026-06-17 18:38:19,,"1,00","12 633,00",Да,,,,
2026-06-17 19:06:32,61803900-0161-1,351208991115000,351208991115000,CANT-270250-BLUE,[Fbs] Статус неизвестен,Покупатель отказался при вручении: товар не подошел,2026-06-17 19:01:29,,"1,00","16 378,00",Нет,,,,
2026-06-17 20:06:34,50775969-0327-1,901723963865000,901723963865000,CASA-275200-B,[Fbs] Статус неизвестен,Покупатель отказался при вручении: товар не подошел,2026-06-17 19:10:51,,"1,00","10 870,00",Нет,,,,
2026-06-17 20:06:34,13847690-0259-1,701720480324000,701720480324000,CANT-270200-PUDR,[Fbs] Статус неизвестен,Покупатель отказался при вручении: товар не подошел,2026-06-17 19:11:17,,"1,00","12 182,00",Нет,,,,
2026-06-17 20:06:34,13847690-0259-3,851207872672000,851207872672000,CANT-270200-PUDR,[Fbs] Статус неизвестен,Покупатель отказался при вручении: товар не подошел,2026-06-17 19:11:17,,"1,00","12 182,00",Нет,,,,
2026-06-18 0:06:33,76158120-0099-1,751168596806000,751168596806000,ADR-140600LR(Milk),[Fbs] Статус неизвестен,Покупатель не забрал заказ,2026-06-18 0:00:41,,"1,00","4 214,00",Нет,,,,
2026-06-18 0:06:33,56480201-0172-1,651170065993000,651170065993000,ADR-250250ALL,[Fbs] Статус неизвестен,Покупатель не забрал заказ,2026-06-18 0:03:07,,"1,00","2 713,00",Нет,,,,
2026-06-18 0:06:33,56480201-0172-1,651170065993000,651170065993000,ADR-250450ALL,[Fbs] Статус неизвестен,Покупатель не забрал заказ,2026-06-18 0:03:07,,"1,00","4 253,00",Нет,,,,
2026-06-18 0:06:33,0132541673-0052-1,251167200817000,251167200817000,FEST-265200-BIR,[Fbs] Статус неизвестен,Покупатель не забрал заказ,2026-06-18 0:05:30,,"1,00","10 626,00",Нет,,,,
2026-06-18 8:06:33,0141329334-0057-2,901708610463000,901708610463000,CALM-265300-VIOLET,[Fbs] Статус неизвестен,Покупатель отказался при вручении: товар не подошел,2026-06-18 7:38:14,,"1,00","12 115,00",Нет,,,,
2026-06-18 11:06:33,26502066-3133-1,251208387033000,251208387033000,CANT-265150-MILK,[Fbs] Статус неизвестен,Покупатель отказался при вручении: товар не подошел,2026-06-18 10:31:15,,"1,00","9 254,00",Нет,,,,
2026-06-18 15:06:35,46326962-0436-1,901706432266000,901706432266000,ADR-260500LR(Milk),[Fbs] Статус неизвестен,Покупатель отказался при вручении: товар не подошел,2026-06-18 14:50:16,,"1,00","4 963,00",Нет,,,,
2026-06-18 16:06:38,43180006-1051-1,ii15837622537,301700030586000,ADR-285350V,[Fbs] Статус неизвестен,Покупатель передумал,2026-06-18 15:09:47,,"1,00","3 413,00",Да,,,,
2026-06-18 16:06:38,43180006-1051-1,ii15837622534,301700030586000,ADR-285350V,[Fbs] Статус неизвестен,Покупатель передумал,2026-06-18 15:09:47,,"1,00","3 413,00",Да,,,,
2026-06-18 16:06:38,61002688-0062-1,501717876344000,501717876344000,CASA-260150-B,[Fbs] Статус неизвестен,Покупатель отказался при вручении: товар не подошел,2026-06-18 15:13:03,,"1,00","8 009,00",Нет,,,,
2026-06-18 16:06:38,61449327-0355-1,601716470370000,601716470370000,ADR-285200V(Grey),[Fbs] Статус неизвестен,Покупатель отказался при вручении: товар не подошел,2026-06-18 15:18:42,,"1,00","2 638,00",Нет,,,,
2026-06-18 18:06:34,30673579-0471-2,951209810386000,951209810386000,CANT-250150-OLIV,[Fbs] Статус неизвестен,Покупатель отказался при вручении: товар не подошел,2026-06-18 17:52:35,,"1,00","10 464,00",Нет,,,,
2026-06-18 18:06:34,38434528-0877-1,751216522172000,751216522172000,CANT-270300-PUDR,[Fbs] Статус неизвестен,Покупатель отменил заказ,2026-06-18 17:53:43,,"1,00","18 393,00",Нет,,,,
2026-06-18 18:06:34,38434528-0876-1,651214965207000,651214965207000,CANT-270300-MILK,[Fbs] Статус неизвестен,Покупатель отменил заказ,2026-06-18 17:54:07,,"1,00","18 393,00",Нет,,,,
2026-06-18 18:06:34,0169014853-0224-9,801721371056000,801721371056000,FEST-255250-BLUE,[Fbs] Статус неизвестен,Покупатель отказался при вручении: товар не подошел,2026-06-18 18:03:31,,"1,00","10 619,00",Нет,,,,
2026-06-18 18:06:34,0169014853-0224-2,801721347494000,801721347494000,FEST-255250-PUDR,[Fbs] Статус неизвестен,Покупатель отказался при вручении: товар не подошел,2026-06-18 18:03:31,,"1,00","11 580,00",Нет,,,,
2026-06-18 21:06:34,58496337-0284-1,,401691380016000,CALM-265200-MLK,[Fbs] Статус неизвестен,Покупатель передумал,2026-06-18 20:17:41,,"1,00","8 910,00",Да,,,,
2026-06-18 22:06:34,53063006-2369-1,651214873455000,651214873455000,ADR-310200(Grey),[Fbs] Статус неизвестен,Покупатель отменил заказ,2026-06-18 21:40:36,,"1,00","2 273,00",Нет,,,,
2026-06-19 10:06:38,06762069-0430-1,401715769432000,401715769432000,ADR-265200LR(Grey),[Fbs] Статус неизвестен,Покупатель отказался при вручении: товар не подошел,2026-06-19 9:13:52,,"1,00","2 584,00",Нет,,,,
2026-06-19 10:06:38,06762069-0430-1,401715769432000,401715769432000,ADR-265200LR(Grey),[Fbs] Статус неизвестен,Покупатель отказался при вручении: товар не подошел,2026-06-19 9:13:52,,"1,00","2 584,00",Нет,,,,
2026-06-19 12:06:34,38107806-0154-1,551220128860000,551220128860000,CANT-265300-MILK,[Fbs] Статус неизвестен,Покупатель отменил заказ,2026-06-19 11:53:12,,"1,00","18 393,00",Нет,,,,
2026-06-19 12:06:34,51690180-0252-1,701712604187000,701712604187000,CASA-265200-B,[Fbs] Статус неизвестен,Покупатель отказался при вручении: товар не подошел,2026-06-19 11:56:09,,"1,00","10 352,00",Нет,,,,
2026-06-19 13:06:33,08399340-1563-1,201930055681000,201930055681000,CANT-270200-MILK,[Fbs] Статус неизвестен,Покупатель отказался при вручении: товар не подошел,2026-06-19 12:40:49,,"1,00","12 182,00",Нет,,,,
2026-06-19 13:06:33,08399340-1574-1,951206598475000,951206598475000,CANT-265300-PUDR,[Fbs] Статус неизвестен,Покупатель отказался при вручении: товар не подошел,2026-06-19 12:40:51,,"1,00","18 393,00",Нет,,,,
2026-06-19 14:06:35,23758247-1406-1,ii15988338916,601718394533000,ADR-275500V(Milk),[Fbs] Статус неизвестен,Покупатель передумал,2026-06-19 13:50:43,,"1,00","4 831,00",Да,,,,
2026-06-19 15:06:34,32649659-0452-1,ii16018958779,801706358190000,ADR-150100V(Milk),[Fbs] Статус неизвестен,Покупатель получил не те товары,2026-06-19 14:49:29,,"1,00","1 453,00",Да,,,,
2026-06-19 15:06:34,32649659-0452-1,ii16018958782,801706358190000,ADR-150100V(Milk),[Fbs] Статус неизвестен,Покупатель передумал,2026-06-19 14:49:29,,"1,00","1 453,00",Да,,,,
2026-06-19 15:06:34,48452416-0318-1,ii11840437405,901719988453000,CASA-300250-CAP,[Fbs] Статус неизвестен,Покупатель передумал,2026-06-19 15:02:57,,"1,00","14 655,00",Да,,,,
2026-06-19 16:06:34,44383666-0334-1,,801701508036000,CANT-255200-PUDR,[Fbs] Статус неизвестен,Покупатель передумал,2026-06-19 15:06:30,,"1,00","11 702,00",Да,,,,
2026-06-19 17:06:33,0152520338-0066-1,651204584193000,651204584193000,ADR-260500(Shamp),[Fbs] Статус неизвестен,Покупатель отказался при вручении: товар не подошел,2026-06-19 16:14:44,,"1,00","3 696,00",Нет,,,,
2026-06-19 17:06:33,46654606-0853-1,451212242361000,451212242361000,FEST-230150-GR,[Fbs] Статус неизвестен,Покупатель отказался при вручении: товар не подошел,2026-06-19 16:46:30,,"1,00","7 248,00",Нет,,,,
2026-06-19 18:06:34,16968699-0992-1,ii15996220660,901729747512000,ADR-110450(Shamp),[Fbs] Статус неизвестен,Покупатель передумал,2026-06-19 17:07:10,,"1,00","2 646,00",Да,,,,
2026-06-19 18:06:34,16968699-0992-1,ii15996220659,901729747512000,ADR-110250(Shamp),[Fbs] Статус неизвестен,Покупатель передумал,2026-06-19 17:07:10,,"1,00","1 921,00",Да,,,,
2026-06-19 18:06:34,66273691-0194-1,851199187220000,851199187220000,CANT-250150-PUDR,[Fbs] Статус неизвестен,Покупатель отказался при вручении: товар не подошел,2026-06-19 17:22:49,,"1,00","9 254,00",Нет,,,,
2026-06-19 18:06:34,0181092830-0236-2,,351180380153000,ADR-305250V,[Fbs] Статус неизвестен,Покупатель передумал,2026-06-19 17:40:34,,"1,00","2 915,00",Да,,,,
2026-06-19 18:06:34,99975037-0974-1,451203115447000,451203115447000,CANT-250200-LAT,[Fbs] Статус неизвестен,Покупатель отказался при вручении: товар не подошел,2026-06-19 18:03:13,,"1,00","11 226,00",Нет,,,,
2026-06-19 20:06:32,52951438-0451-1,ii16011158545,851182216921000,CANT-260300-OLIV,[Fbs] Статус неизвестен,Покупатель передумал,2026-06-19 19:43:36,,"1,00","18 991,00",Да,,,,
2026-06-19 20:06:32,12848522-0915-1,201944405286000,201944405286000,ADR-265500V(Milk),[Fbs] Статус неизвестен,Покупатель отказался при вручении: товар не подошел,2026-06-19 19:57:07,,"1,00","4 831,00",Нет,,,,
2026-06-19 21:06:37,00216816-1678-1,ii16022076090,751161192202000,ADR-285300(Shamp),[Fbs] Статус неизвестен,Покупатель передумал,2026-06-19 20:45:07,,"1,00","2 564,00",Да,,,,
2026-06-19 21:06:37,02476170-0051-1,551193631929000,551193631929000,CANT-260250-OLIV,[Fbs] Статус неизвестен,Покупатель отказался при вручении: товар не подошел,2026-06-19 20:47:05,,"1,00","17 847,00",Нет,,,,
2026-06-20 7:06:38,89341969-0003-3,851209763856000,851209763856000,CANT-250250-BLUE,[Fbs] Статус неизвестен,Покупатель отказался при вручении: товар не подошел,2026-06-20 6:14:21,,"1,00","16 378,00",Нет,,,,
2026-06-20 7:06:38,89341969-0003-1,351213233515000,351213233515000,CASA-250250-BLUE,[Fbs] Статус неизвестен,Покупатель отказался при вручении: товар не подошел,2026-06-20 6:14:21,,"1,00","14 219,00",Нет,,,,
2026-06-20 9:06:33,80518381-0779-1,451210563082000,451210563082000,CANT-240150-LGR,[Fbs] Статус неизвестен,Покупатель отказался при вручении: товар не подошел,2026-06-20 8:46:26,,"1,00","9 254,00",Нет,,,,
2026-06-20 14:06:33,0160120017-0256-1,601698190937000,601698190937000,CANT-245150-PUDR,[Fbs] Статус неизвестен,Покупатель отказался при вручении: товар не подошел,2026-06-20 13:07:01,,"1,00","9 254,00",Нет,,,,
2026-06-20 14:06:33,07260715-1250-3,251215223952000,251215223952000,ADR-300290V,[Fbs] Статус неизвестен,Покупатель отказался при вручении: товар не подошел,2026-06-20 13:49:58,,"1,00","2 987,00",Нет,,,,
2026-06-20 14:06:33,0126661392-0393-1,ii15885702201,451208591388000,CASA-255200-B,[Fbs] Статус неизвестен,"Товар поврежден, но упаковка цела",2026-06-20 13:52:28,,"1,00","10 870,00",Да,,,,
2026-06-20 15:06:33,0161186480-0216-1,,801726668213000,STEL-270150CAP,[Fbs] Статус неизвестен,Покупатель передумал,2026-06-20 14:32:21,,"1,00","7 163,00",Да,,,,
2026-06-20 15:06:33,29138266-0180-3,351224459525000,351224459525000,ADR-280300LR(Milk),[Fbs] Статус неизвестен,Покупатель отказался при вручении: товар не подошел,2026-06-20 14:51:42,,"1,00","3 559,00",Нет,,,,
2026-06-20 15:06:33,29138266-0180-3,351224459525000,351224459525000,ADR-280300LR(Milk),[Fbs] Статус неизвестен,Покупатель отказался при вручении: товар не подошел,2026-06-20 14:51:42,,"1,00","3 559,00",Нет,,,,
2026-06-20 18:06:33,49904990-0228-1,451226201203000,451226201203000,CALM-220200-LGR,[Fbs] Статус неизвестен,Покупатель отменил заказ,2026-06-20 13:49:34,,"1,00","8 466,00",Нет,,,,
2026-06-20 20:06:33,44463456-0345-1,301738505352000,301738505352000,NAV-CANT-5030-OLIV-B,[Fbs] Статус неизвестен,Покупатель отказался при вручении: товар не подошел,2026-06-20 19:22:36,,"1,00","904,00",Нет,,,,
2026-06-20 20:06:33,71656557-0473-1,ii15998287518,301705806839000,NAV-CANV-4040-BR,[Fbs] Статус неизвестен,Покупатель передумал,2026-06-20 19:31:22,,"1,00","581,00",Да,,,,
2026-06-20 20:06:33,71656557-0473-1,ii15998287519,301705806839000,NAV-CANV-4040-BR,[Fbs] Статус неизвестен,Покупатель передумал,2026-06-20 19:31:22,,"1,00","581,00",Да,,,,
2026-06-21 1:06:33,59013296-1182-1,301695761265000,301695761265000,ADR-240600(Shamp),[Fbs] Статус неизвестен,Покупатель не забрал заказ,2026-06-21 0:07:32,,"1,00","4 720,00",Нет,,,,
2026-06-21 9:06:33,72783484-0284-1,ii15872548838,501687947969000,CALM-285150-MLK,[Fbs] Статус неизвестен,Покупатель передумал,2026-06-21 8:09:14,,"1,00","6 613,00",Да,,,,
2026-06-21 9:06:33,72783484-0284-1,ii15872548840,501687947969000,CALM-285150-MLK,[Fbs] Статус неизвестен,Покупатель передумал,2026-06-21 8:09:14,,"1,00","6 613,00",Да,,,,
2026-06-21 11:06:32,73336688-0295-3,901731546668000,901731546668000,ADR-250300(Shamp),[Fbs] Статус неизвестен,Покупатель отказался при вручении: товар не подошел,2026-06-21 10:12:43,,"1,00","2 791,00",Нет,,,,
2026-06-21 11:06:32,36667833-0688-1,ii11843079117,801710577842000,ADR-245300LR(Grey),[Fbs] Статус неизвестен,Покупатель передумал,2026-06-21 10:47:02,,"1,00","3 434,00",Да,,,,
2026-06-21 11:06:32,36667833-0688-1,ii11843079116,801710577842000,ADR-245350LR(Grey),[Fbs] Статус неизвестен,Покупатель передумал,2026-06-21 10:47:02,,"1,00","3 782,00",Да,,,,
2026-06-21 11:06:32,36667833-0688-1,ii11843079118,801710577842000,ADR-245250LR(Grey),[Fbs] Статус неизвестен,Покупатель передумал,2026-06-21 10:47:02,,"1,00","3 041,00",Да,,,,
2026-06-21 12:06:33,24173615-0483-1,ii15874902743,451206502715000,CANT-250200-CAP,[Fbs] Статус неизвестен,Упаковка и товар повреждены,2026-06-21 11:09:51,,"1,00","12 182,00",Да,,,,
2026-06-21 12:06:33,39324660-2438-1,751206779014000,751206779014000,CANT-265150-SIL,[Fbs] Статус неизвестен,Не удалось доставить заказ,2026-06-21 11:45:56,,"1,00","8 456,00",Нет,,,,
2026-06-21 12:06:33,41182328-0238-1,ii16028989296,301725125731000,CANT-270250-PUDR,[Fbs] Статус неизвестен,Покупатель передумал,2026-06-21 11:53:53,,"1,00","12 182,00",Да,,,,
2026-06-21 13:06:34,57119203-0436-3,,601721867277000,ADR-265250L,[Fbs] Статус неизвестен,Покупатель отказался при вручении: товар не подошел,2026-06-21 12:54:03,,"1,00","2 596,00",Да,,,,
2026-06-21 13:06:34,57119203-0436-3,,601721867277000,ADR-265250L,[Fbs] Статус неизвестен,Покупатель отказался при вручении: товар не подошел,2026-06-21 12:54:03,,"1,00","2 596,00",Да,,,,
2026-06-21 14:06:33,50131840-0299-1,701724820984000,701724820984000,ADR-230150L(Shamp),[Fbs] Статус неизвестен,Покупатель отказался при вручении: товар не подошел,2026-06-21 13:47:56,,"1,00","2 036,00",Нет,,,,
2026-06-21 14:06:33,50131840-0299-1,701724820984000,701724820984000,ADR-230150L(Shamp),[Fbs] Статус неизвестен,Покупатель отказался при вручении: товар не подошел,2026-06-21 13:47:56,,"1,00","2 036,00",Нет,,,,
2026-06-21 15:06:33,26519602-0256-1,401690069916000,401690069916000,ADR-210100V(Milk),[Fbs] Статус неизвестен,Покупатель отказался при вручении: товар не подошел,2026-06-21 14:08:03,,"1,00","1 763,00",Нет,,,,
2026-06-21 15:06:33,44512791-0191-1,951211662465000,951211662465000,CANT-260250-OLIV,[Fbs] Статус неизвестен,Покупатель отказался при вручении: товар не подошел,2026-06-21 14:37:25,,"1,00","18 349,00",Нет,,,,
2026-06-21 16:06:33,48941032-0327-7,ii9096915082,301735010427000,CANT-245200-PUDR,[Fbs] Статус неизвестен,Покупатель отказался при вручении: товар не подошел,2026-06-21 15:08:44,,"1,00","12 182,00",Нет,,,,
2026-06-21 16:06:33,73280536-0308-1,ii15865974109,801723757510000,CANT-265150-LAT,[Fbs] Статус неизвестен,Покупатель отказался при вручении: товар не подошел,2026-06-21 15:14:32,,"1,00","8 456,00",Да,,,,
2026-06-21 16:06:33,10726107-0928-1,601735307974000,601735307974000,ADR-255200V(Milk),[Fbs] Статус неизвестен,Покупатель отменил заказ: нашел дешевле,2026-06-21 15:47:46,,"1,00","2 600,00",Нет,,,,
2026-06-21 16:06:33,10726107-0928-1,601735307974000,601735307974000,ADR-255200V(Milk),[Fbs] Статус неизвестен,Покупатель отменил заказ: нашел дешевле,2026-06-21 15:47:46,,"1,00","2 600,00",Нет,,,,
2026-06-21 16:06:33,57841470-0287-1,,651192728754000,CANT-265150-WGR,[Fbs] Статус неизвестен,Покупатель передумал,2026-06-21 15:48:28,,"1,00","8 456,00",Да,,,,
2026-06-21 18:06:34,45919474-0018-2,,501734393105000,ADR-240200(Shamp),[Fbs] Статус неизвестен,Покупатель отказался при вручении: товар не подошел,2026-06-21 18:05:37,,"1,00","2 169,00",Да,,,,
2026-06-21 18:06:34,45919474-0018-2,,501734393105000,ADR-240200(Shamp),[Fbs] Статус неизвестен,Покупатель отказался при вручении: товар не подошел,2026-06-21 18:05:37,,"1,00","2 169,00",Да,,,,
2026-06-21 19:06:38,29888950-0383-1,,451216081010000,CANT-250300-OLIV,[Fbs] Статус неизвестен,Покупатель передумал,2026-06-21 18:23:20,,"1,00","20 990,00",Да,,,,
2026-06-21 20:06:40,0114395863-0186-1,851211484245000,851211484245000,CASA-310300-CAP,[Fbs] Статус неизвестен,Покупатель отказался при вручении: товар не подошел,2026-06-21 19:44:31,,"1,00","18 357,00",Нет,,,,
2026-06-22 9:06:34,41883368-0509-1,701702354543000,701702354543000,CANT-240150-OLIV,[Fbs] Статус неизвестен,Покупатель отказался при вручении: товар не подошел,2026-06-22 8:56:18,,"1,00","10 464,00",Нет,,,,
2026-06-22 12:06:33,24890734-0266-1,201950345802000,201950345802000,CASA-260200-PUDR,[Fbs] Статус неизвестен,Покупатель отказался при вручении: товар не подошел,2026-06-22 11:08:44,,"1,00","10 870,00",Нет,,,,
2026-06-22 13:06:33,06762069-0432-1,ii16033698193,251210049151000,ADR-265250LR(Grey),[Fbs] Статус неизвестен,Покупатель отказался при вручении: товар не подошел,2026-06-22 12:16:14,,"1,00","3 041,00",Да,,,,
2026-06-22 13:06:33,06762069-0432-1,ii16033698192,251210049151000,ADR-265250LR(Grey),[Fbs] Статус неизвестен,Покупатель отказался при вручении: товар не подошел,2026-06-22 12:16:14,,"1,00","3 041,00",Да,,,,
2026-06-22 14:06:32,26502066-3149-1,601733561389000,601733561389000,FEST-265150-BLUE,[Fbs] Статус неизвестен,Покупатель отказался при вручении: товар не подошел,2026-06-22 13:06:41,,"1,00","6 646,00",Нет,,,,
2026-06-22 14:06:32,26502066-3158-1,451225185423000,451225185423000,FEST-265200-BLUE,[Fbs] Статус неизвестен,Покупатель отказался при вручении: товар не подошел,2026-06-22 13:06:41,,"1,00","9 720,00",Нет,,,,
2026-06-22 14:06:32,16444890-0092-2,301725188293000,301725188293000,CANT-265250-OLIV,[Fbs] Статус неизвестен,Покупатель отказался при вручении: товар не подошел,2026-06-22 13:41:17,,"1,00","18 349,00",Нет,,,,
2026-06-22 16:06:32,24226587-1383-1,751217665140000,751217665140000,CANT-260250-OLIV,[Fbs] Статус неизвестен,Покупатель отказался при вручении: товар не подошел,2026-06-22 15:35:11,,"1,00","18 349,00",Нет,,,,
2026-06-22 16:06:32,24226587-1384-1,851221052818000,851221052818000,CANT-260300-OLIV,[Fbs] Статус неизвестен,Покупатель отказался при вручении: товар не подошел,2026-06-22 15:35:11,,"1,00","20 990,00",Нет,,,,
2026-06-22 16:06:32,42095694-0270-1,,801698723210000,CALM-280150-BR,[Fbs] Статус неизвестен,Покупатель передумал,2026-06-22 16:04:21,,"1,00","6 284,00",Да,,,,
2026-06-22 16:06:32,42095694-0270-1,ii15841355054,801698723210000,CALM-280150-BLUE,[Fbs] Статус неизвестен,Покупатель передумал,2026-06-22 16:04:21,,"1,00","6 284,00",Да,,,,
2026-06-22 17:06:34,08309040-0409-1,,801718008143000,ADR-290100V(Milk),[Fbs] Статус неизвестен,Покупатель передумал,2026-06-22 16:54:56,,"1,00","1 024,00",Да,,,,
2026-06-22 17:06:34,86786025-0129-1,251212547472000,251212547472000,CALM-280300-BR,[Fbs] Статус неизвестен,Покупатель отказался при вручении: товар не подошел,2026-06-22 16:56:54,,"1,00","12 153,00",Нет,,,,
2026-06-22 18:06:34,14670064-0482-5,,351197685073000,ADR-260150LR(Milk),[Fbs] Статус неизвестен,Покупатель передумал,2026-06-22 17:12:21,,"1,00","2 230,00",Да,,,,
2026-06-22 19:06:34,55881582-0485-1,,301735320065000,STEL-250300CAP,[Fbs] Статус неизвестен,Покупатель передумал,2026-06-22 18:07:48,,"1,00","13 513,00",Да,,,,
2026-06-22 19:06:34,48941032-0327-1,301734469228000,301734469228000,CANT-245200-MILK,[Fbs] Статус неизвестен,Покупатель отказался при вручении: товар не подошел,2026-06-22 18:58:04,,"1,00","12 182,00",Нет,,,,
2026-06-22 19:06:34,48941032-0327-1,301734469228000,301734469228000,CANT-245200-LAT,[Fbs] Статус неизвестен,Покупатель отказался при вручении: товар не подошел,2026-06-22 18:58:04,,"1,00","11 226,00",Нет,,,,
2026-06-22 19:06:34,07682108-0104-1,201959020721000,201959020721000,CANT-250150-LAT,[Fbs] Статус неизвестен,Покупатель отказался при вручении: товар не подошел,2026-06-22 19:00:17,,"1,00","8 456,00",Нет,,,,
2026-06-22 21:06:34,13892279-0622-1,,451209713954000,CALM-230150-GREEN,[Fbs] Статус неизвестен,Покупатель передумал,2026-06-22 20:37:44,,"1,00","6 613,00",Да,,,,
2026-06-23 11:06:33,44733988-0161-1,ii16018785288,451209122334000,FRES-245150MLK,[Fbs] Статус неизвестен,Покупатель передумал,2026-06-23 10:36:29,,"1,00","3 358,00",Да,,,,
2026-06-23 13:06:34,0112118600-0031-1,,701731262760000,ADR-150200(Shamp),[Fbs] Статус неизвестен,Покупатель передумал,2026-06-23 12:23:45,,"1,00","1 817,00",Да,,,,