Товар,,,,,,,Статус,Готов к выдаче,Забрали,Истёк срок хранения,Информация,,,,,ПВЗ,
Бренд,Предмет,Баркод,Артикул WB,Штрихкод,Стикер,КИЗ,,,,,Тип,Дата заказа,Причина,Номер сборочного задания,Srid,Адрес,ID
ADRIANA FESTA,Шторы интерьерные,2048838836451,810348871,51552183267,50515161388,,Выдано,2026-03-26 09:48:22,2026-03-27 12:34:26,,"Возврат товара, который приехал по МП, продавцу",2026-03-23,,4806525927,mp.026fd135bc994f88bd93aae2856ad811.r,"Тверь, Улица Вагжанова 21",211256
ADRIANA FESTA,Шторы интерьерные,2048927912707,820169051,51552183270,50515161528,,Выдано,2026-03-26 09:42:55,2026-03-27 12:34:26,,"Возврат товара, который приехал по МП, продавцу",2026-03-23,,4806525929,mp.1cdd2a7aaa7b4c28889b4a0849bd01d7.r,"Тверь, Улица Вагжанова 21",211256
ADRIANA CALMA,Шторы интерьерные,2043749261842,396849766,51551589486,48623596969,,Выдано,2026-03-27 14:20:07,2026-03-31 11:51:30,,"Возврат товара, который приехал по МП, продавцу",2026-03-23,,4805931266,mp.1d396b35089e4c248952ba0805d9d14a.r,"Тверь, Улица Вагжанова 21",211256
ADRIANA LARGO,Тюль,2037547980364,149519177,51407590711,42229162067,,Выдано,2026-03-30 08:56:31,2026-03-31 11:51:30,,"Возврат товара, который приехал по МП, продавцу",2026-03-23,,4798922010,mp.3d79f967ac504638bd7253e70cc2dc5e.r,"Тверь, Улица Вагжанова 21",211256
ADRIANA LARGO,Тюль,2039755123298,220984041,51372699328,49136723964,,Выдано,2026-03-27 09:28:09,2026-03-27 12:34:26,,"Возврат товара, который приехал по МП, продавцу",2026-03-23,,4798396779,mp.522888858eab420d880919df1b8339c0.r,"Тверь, Улица Вагжанова 21",211256
ADRIANA LARGO,Тюль,2039755123298,220984041,51372689521,49136723956,,Выдано,2026-03-27 09:27:48,2026-03-27 12:34:26,,"Возврат товара, который приехал по МП, продавцу",2026-03-23,,4798386924,mp.83a3d50653ab4444b5dfdadb6a76be22.r,"Тверь, Улица Вагжанова 21",211256
ADRIANA FESTA,Шторы интерьерные,2048838837342,810348959,51421238084,45830057565,,Выдано,2026-03-26 10:25:41,2026-03-27 12:34:26,,"Возврат товара, который приехал по МП, продавцу",2026-03-23,,4800099047,mp.8bd15a4367364f1b9e805774507dd70a.r,"Тверь, Улица Вагжанова 21",211256
ADRIANA LARGO,Тюль,2037265419139,139222137,50717693707,48944870145,,Выдано,2026-03-29 15:00:52,2026-03-31 11:51:30,,"Возврат товара, который приехал по МП, продавцу",2026-03-23,,4740632512,mp.8da826fdf42048e69c8b1317bb450cc7.r,"Тверь, Улица Вагжанова 21",211256
VELO MONTI PARMA,Тюль,2040400420570,237738171,51473658769,50505704692,,Выдано,2026-03-25 17:51:37,2026-03-27 12:34:26,,"Возврат товара, который приехал по МП, продавцу",2026-03-23,,4804351570,mp.9de9ab8a8d8a40c582c6578193a8d143.r,"Тверь, Улица Вагжанова 21",211256
ADRIANA VIVO,Тюль,2036881548469,105248698,51491684229,51491684229,,Выдано,2026-04-07 09:58:28,2026-04-10 11:07:37,,"Возврат товара, который приехал по МП, продавцу",2026-03-23,,4805022545,mp.c55d807adf944468a9c9392271e77afb.r,"Тверь, Улица Вагжанова 21",211256
ADRIANA LARGO,Тюль,2039755123298,220984041,51372690411,49136723960,,Выдано,2026-03-27 09:31:29,2026-03-27 12:34:26,,"Возврат товара, который приехал по МП, продавцу",2026-03-23,,4798387819,mp.ce8e483afcf74ad19c818a6d3de0a8a0.r,"Тверь, Улица Вагжанова 21",211256
ADRIANA STELLA,Шторы интерьерные,2038087023702,166694067,51300059254,46926663740,,Выдано,2026-03-27 09:08:07,2026-03-27 12:34:26,,"Возврат товара, который приехал по МП, продавцу",2026-03-23,,4788596122,mp.d27afe054a9c40448a3c858517e70974.r,"Тверь, Улица Вагжанова 21",211256
ADRIANA LARGO,Тюль,2037547980364,149519177,51407590262,42229162071,,Выдано,2026-03-30 08:56:39,2026-03-31 11:51:30,,"Возврат товара, который приехал по МП, продавцу",2026-03-23,,4798921561,mp.e8488b3dcf5149ec97112d09d5f17394.r,"Тверь, Улица Вагжанова 21",211256
VELO MONTI MILANO,Тюль,2040519493045,240119868,51358615727,49512353724,,Выдано,2026-04-01 13:09:45,2026-04-03 11:28:53,,"Возврат товара, который приехал по МП, продавцу",2026-03-23,,4796646174,mp.e87a3553f7304f1db36927b8964d2a35.r,"Тверь, Улица Вагжанова 21",211256
ADRIANA DONNA,Шторы интерьерные,2040881379879,250639449,43419696150,48083239812,,Выдано,2026-03-26 09:35:37,2026-03-27 12:34:26,,Возврат брака,2026-03-24,,0,8559351372334db0876480c314e9454f,"Тверь, Улица Вагжанова 21",211256
ADRIANA LARGO,Тюль,2039755124349,220984112,51434933575,47080827897,,Выдано,2026-03-27 09:42:34,2026-03-27 12:34:26,,"Возврат товара, который приехал по МП, продавцу",2026-03-24,,4800570462,mp.12ec32b0d95b4378adee90732120b7be.r,"Тверь, Улица Вагжанова 21",211256
VELO MONTI ROMA,Тюль,2040586046885,241713164,51434933574,47080827901,,Выдано,2026-03-27 09:42:24,2026-03-27 12:34:26,,"Возврат товара, который приехал по МП, продавцу",2026-03-24,,4800570461,mp.13360c96f7824f829f90c99803d1b3c7.r,"Тверь, Улица Вагжанова 21",211256
ADRIANA CASA,Шторы интерьерные,2038757480873,181095869,51299841920,51299841920,,Выдано,2026-04-04 08:42:54,2026-04-06 11:17:24,,"Возврат товара, который приехал по МП, продавцу",2026-03-24,,4788378789,mp.7117a655811b4c21ab26661b2e96fbd7.r,"Тверь, Улица Вагжанова 21",211256
VELO MONTI ROMA,Тюль,2040637383136,242971159,51363537662,48950470338,,Выдано,2026-03-28 08:28:43,2026-03-31 11:51:30,,"Возврат товара, который приехал по МП, продавцу",2026-03-24,,4797275877,mp.7876fe8f6a2c44a29afa3e4f5f94c813.r,"Тверь, Улица Вагжанова 21",211256
ADRIANA CASA,Шторы интерьерные,2038757481313,181095917,51323722396,49252802476,,Выдано,2026-03-28 11:33:35,2026-03-31 11:51:30,,"Возврат товара, который приехал по МП, продавцу",2026-03-24,,4793488653,mp.b3f8e2c7519a4c359f979e47b2c280e8.r,"Тверь, Улица Вагжанова 21",211256
ADRIANA VIVO,Тюль,2039755197367,220985950,51455436459,49137157242,,Выдано,2026-03-31 08:43:40,2026-03-31 11:51:30,,"Возврат товара, который приехал по МП, продавцу",2026-03-24,,4801463735,mp.ec7d6326c9fc485eb436eae5b440e0ef.r,"Тверь, Улица Вагжанова 21",211256
ADRIANA CASA,Шторы интерьерные,2038937810582,188397344,51323722397,49252802484,,Выдано,2026-03-28 11:33:53,2026-03-31 11:51:30,,"Возврат товара, который приехал по МП, продавцу",2026-03-24,,4793488655,mp.f407062e7e324cf18624caaee4e14695.r,"Тверь, Улица Вагжанова 21",211256
ADRIANA CASA,Шторы интерьерные,2038757481535,181096027,51008621304,49243345311,,Выдано,2026-03-30 09:21:00,2026-03-31 11:51:30,,"Возврат товара, который приехал по МП, продавцу",2026-03-25,,4766112721,mp.0779e55e863a405da2206c8081ae4266.r,"Тверь, Улица Вагжанова 21",211256
ADRIANA ALLEGRO,Тюль,2037385453884,143574534,51570110124,50505025548,,Выдано,2026-03-27 17:37:16,2026-03-31 11:51:30,,"Возврат товара, который приехал по МП, продавцу",2026-03-25,,4809601640,mp.1f1f2419031146b486878980c5b757c2.r,"Тверь, Улица Вагжанова 21",211256
VELO MONTI MILANO,Тюль,2040519491478,240119828,50865261876,44742063955,,Выдано,2026-03-29 09:40:44,2026-03-31 11:51:30,,"Возврат товара, который приехал по МП, продавцу",2026-03-25,,4753493712,mp.4229d77099c545d983872a30810b178a.r,"Тверь, Улица Вагжанова 21",211256
ADRIANA PRIMA,Шторы интерьерные,2040122102921,233524970,51474958122,49134057122,,Выдано,2026-03-27 09:11:40,2026-03-27 12:34:26,,"Возврат товара, который приехал по МП, продавцу",2026-03-25,,4804598617,mp.7864e0fe2e7742659536b446a6574e1f.r,"Тверь, Улица Вагжанова 21",211256
ADRIANA ADAGIO,Тюль,2040673646233,244226820,51475155899,50518112777,,Выдано,2026-04-05 08:43:27,2026-04-06 11:17:24,,"Возврат товара, который приехал по МП, продавцу",2026-03-25,,4804796477,mp.80029ec956c448bb931a0e7059c02551.r,"Тверь, Улица Вагжанова 21",211256
ADRIANA CASA,Шторы интерьерные,2038757481993,181096055,51363572132,48939509733,,Выдано,2026-04-01 09:46:52,2026-04-03 11:28:53,,"Возврат товара, который приехал по МП, продавцу",2026-03-25,,4797310583,mp.85257cc3f6a641a9b476491da71a9248.r,"Тверь, Улица Вагжанова 21",211256
VELO MONTI MILANO,Тюль,2040519491478,240119828,50865261875,44742063951,,Выдано,2026-03-29 09:40:40,2026-03-31 11:51:30,,"Возврат товара, который приехал по МП, продавцу",2026-03-25,,4753493711,mp.9068831da8814a18b418a9316c74783e.r,"Тверь, Улица Вагжанова 21",211256
ADRIANA ADAGIO,Тюль,2040673646233,244226820,51475158371,50518112781,,Выдано,2026-04-05 08:43:29,2026-04-06 11:17:24,,"Возврат товара, который приехал по МП, продавцу",2026-03-25,,4804798952,mp.d0a4aa77335242aea9b0da9d293a600a.r,"Тверь, Улица Вагжанова 21",211256
ADRIANA VIVO,Тюль,2037547868433,149517344,51363959573,48675362086,,Выдано,2026-03-29 15:04:58,2026-03-31 11:51:30,,"Возврат товара, который приехал по МП, продавцу",2026-03-25,,4797699725,mp.e8279a617a904d8f8b989931e7f2adb1.r,"Тверь, Улица Вагжанова 21",211256
ADRIANA ADAGIO,Тюль,2040673647346,244226779,50534296733,50222677427,,Выдано,2026-03-29 11:20:46,2026-03-31 11:51:30,,"Возврат товара, который приехал по МП, продавцу",2026-03-25,,4731520887,mp.edff4d7885e14772bdaa3a0d3162dafc.r,"Тверь, Улица Вагжанова 21",211256
ADRIANA ALLEGRO,Тюль,2037411159131,144454629,18960923706,31412046249,,Выдано,2026-03-28 11:32:53,2026-03-31 11:51:30,,Возврат брака,2026-03-26,,0,0d2992bee28841d28686d112c6499b58,"Тверь, Улица Вагжанова 21",211256
ADRIANA VIVO,Тюль,2037241494259,138175690,51390256634,27059376389,,Выдано,2026-03-31 09:11:45,2026-03-31 11:51:30,,"Возврат товара, который приехал по МП, продавцу",2026-03-26,,4798727650,mp.1bbdfcaa4f264bff9d214a7bd9434af9.r,"Тверь, Улица Вагжанова 21",211256
ADRIANA LENTO,Тюль,2040681266805,244447348,51232792962,48963352600,,Выдано,2026-03-30 09:07:09,2026-03-31 11:51:30,,"Возврат товара, который приехал по МП, продавцу",2026-03-26,,4781856849,mp.36e68474198c4d87b7da570a591f993b.r,"Тверь, Улица Вагжанова 21",211256
ADRIANA ADAGIO,Тюль,2037545280091,149410081,51293573830,49491193357,,Выдано,2026-04-02 12:44:47,2026-04-03 11:28:53,,"Возврат товара, который приехал по МП, продавцу",2026-03-26,,4787585517,mp.406e4b0ede834f5fb354875b2167b94d.r,"Тверь, Улица Вагжанова 21",211256
ADRIANA ADAGIO,Тюль,2037545280091,149410081,51293573806,49491193373,,Выдано,2026-04-02 12:44:11,2026-04-03 11:28:53,,"Возврат товара, который приехал по МП, продавцу",2026-03-26,,4787585501,mp.4a959e920d1b4e5b857f13c59ae202d7.r,"Тверь, Улица Вагжанова 21",211256
VELO MONTI VERONA,Тюль,2039900617993,227577915,51555454675,50469023759,,Выдано,2026-03-31 15:56:04,2026-04-03 11:28:53,,"Возврат товара, который приехал по МП, продавцу",2026-03-26,,4809297557,mp.4bb18aa3413a4c06a4b7fc8ed20936e9.r,"Тверь, Улица Вагжанова 21",211256
ADRIANA CASA,Шторы интерьерные,2038757481337,181095884,51586927742,50412714187,,Выдано,2026-04-01 13:25:00,2026-04-03 11:28:53,,"Возврат товара, который приехал по МП, продавцу",2026-03-26,,4809899306,mp.56a87344def644c898ae34b5fc94c98f.r,"Тверь, Улица Вагжанова 21",211256
ADRIANA ADAGIO,Тюль,2037545280091,149410081,51293573822,49491193377,,Выдано,2026-04-02 12:44:32,2026-04-03 11:28:53,,"Возврат товара, который приехал по МП, продавцу",2026-03-26,,4787585519,mp.57ce25e1b7554afba9d183aab0b46f74.r,"Тверь, Улица Вагжанова 21",211256
ADRIANA ADAGIO,Тюль,2037545280091,149410081,51293573838,49491193361,,Выдано,2026-04-02 12:44:26,2026-04-03 11:28:53,,"Возврат товара, который приехал по МП, продавцу",2026-03-26,,4787585520,mp.6f8b5ec89089453fac289e2f7076dae1.r,"Тверь, Улица Вагжанова 21",211256
ADRIANA ADAGIO,Тюль,2040673645861,244226769,51731941912,46288570888,,Выдано,2026-03-29 09:36:41,2026-03-31 11:51:30,,"Возврат товара, который приехал по МП, продавцу",2026-03-26,,4818860433,mp.74fe31ce54fe4b7ca688046d62f88f1b.r,"Тверь, Улица Вагжанова 21",211256
VELO MONTI VERONA,Тюль,2040768277182,246980006,51640749782,48889509751,,Выдано,2026-03-30 17:04:45,2026-03-31 11:51:30,,"Возврат товара, который приехал по МП, продавцу",2026-03-26,,4813208651,mp.773d062ab989439291eedb0c067661f0.r,"Тверь, Улица Вагжанова 21",211256
ADRIANA ADAGIO,Тюль,2037545280091,149410081,51293573816,49491193369,,Выдано,2026-04-02 12:43:26,2026-04-03 11:28:53,,"Возврат товара, который приехал по МП, продавцу",2026-03-26,,4787585518,mp.7bb2c48694894405a1cd2537a3ad27f0.r,"Тверь, Улица Вагжанова 21",211256
ADRIANA CASA,Шторы интерьерные,2043048880256,345232969,51639431252,47375265169,,Выдано,2026-03-30 09:45:31,2026-03-31 11:51:30,,"Возврат товара, который приехал по МП, продавцу",2026-03-26,,4812494386,mp.877bb60559b54c22a25eafd1496770b4.r,"Тверь, Улица Вагжанова 21",211256
VELO MONTI VERONA,Тюль,2039900617993,227577915,51555548788,50469023763,,Выдано,2026-03-31 15:55:50,2026-04-03 11:28:53,,"Возврат товара, который приехал по МП, продавцу",2026-03-26,,4809391609,mp.8bc1aed535eb440cb2f70840d466fb41.r,"Тверь, Улица Вагжанова 21",211256
ADRIANA ADAGIO,Тюль,2040673647100,244226701,51640749864,48889509755,,Выдано,2026-03-30 17:04:36,2026-03-31 11:51:30,,"Возврат товара, который приехал по МП, продавцу",2026-03-26,,4813208733,mp.96bf90cc12be40a5ad29f97101301ca9.r,"Тверь, Улица Вагжанова 21",211256
ADRIANA CASA,Шторы интерьерные,2043048880126,345232956,51640424952,47172719896,,Выдано,2026-03-28 15:46:47,2026-03-31 11:51:30,,"Возврат товара, который приехал по МП, продавцу",2026-03-26,,4812883729,mp.bf5ddbc2fa6d47248dcee0630c58452a.r,"Тверь, Улица Вагжанова 21",211256
ADRIANA ADAGIO,Тюль,2040673645861,244226769,51731941911,46288570892,,Выдано,2026-03-29 09:30:47,2026-03-31 11:51:30,,"Возврат товара, который приехал по МП, продавцу",2026-03-26,,4818860432,mp.d157119f604b452b8b6d4557f5c68b61.r,"Тверь, Улица Вагжанова 21",211256
ADRIANA ADAGIO,Тюль,2037545280091,149410081,51293573841,49491193365,,Выдано,2026-04-02 12:44:42,2026-04-03 11:28:53,,"Возврат товара, который приехал по МП, продавцу",2026-03-26,,4787585522,mp.d4418d0a324e48f799a8aefe2d415f18.r,"Тверь, Улица Вагжанова 21",211256
ADRIANA VIVO,Тюль,2039755198081,220985827,51663593075,51663593075,,Выдано,2026-04-03 15:21:08,2026-04-06 11:17:24,,"Возврат товара, который приехал по МП, продавцу",2026-03-26,,4814757947,mp.da5962beeb404dc585f2e540d3a2faf6.r,"Тверь, Улица Вагжанова 21",211256
ADRIANA CASA,Шторы интерьерные,2044039075125,420226068,51321862246,50468376062,,Выдано,2026-03-30 17:26:44,2026-03-31 11:51:30,,"Возврат товара, который приехал по МП, продавцу",2026-03-26,,4792129145,mp.db6c16a3c24c45de8523fdcb091c3bf8.r,"Тверь, Улица Вагжанова 21",211256
ADRIANA CASA,Шторы интерьерные,2044039075262,420226091,51473847774,47427197440,,Выдано,2026-03-31 09:29:26,2026-03-31 11:51:30,,"Возврат товара, который приехал по МП, продавцу",2026-03-26,,4804540354,mp.e4b211187a6840089a1e0a14053e608c.r,"Тверь, Улица Вагжанова 21",211256
ADRIANA LARGO,Тюль,2039755123700,220984095,51321956939,48791325592,,Выдано,2026-03-29 09:42:52,2026-03-31 11:51:30,,"Возврат товара, который приехал по МП, продавцу",2026-03-27,,4792223884,mp.297c0a90e73f45a8ab1765c63a099a5b.r,"Тверь, Улица Вагжанова 21",211256
VELO MONTI PARMA,Тюль,2040413487010,237988789,43123218062,43123218062,,Выдано,2026-04-01 12:37:44,2026-04-03 11:28:53,,"Возврат товара, который приехал по МП, продавцу",2026-03-27,,4809050808,mp.4774cd757f6c481c9630d6a0fceea96c.r,"Тверь, Улица Вагжанова 21",211256
ADRIANA ADAGIO,Тюль,2020406193043,63233617,50973514540,50508410913,,Выдано,2026-04-01 12:53:01,2026-04-03 11:28:53,,"Возврат товара, который приехал по МП, продавцу",2026-03-27,,4762715328,mp.8370199a0517400ea64d5e3aaa98104d.r,"Тверь, Улица Вагжанова 21",211256
ADRIANA VIVO,Тюль,2039755196148,220985981,51551759926,47147186285,,Выдано,2026-03-30 09:06:55,2026-03-31 11:51:30,,"Возврат товара, который приехал по МП, продавцу",2026-03-27,,4806102016,mp.870fa9b6e1714ffb99dc4cbb0c9219df.r,"Тверь, Улица Вагжанова 21",211256
ADRIANA DONNA,Шторы интерьерные,2040861194386,250207908,51718137936,42793563865,,Выдано,2026-03-28 11:33:28,2026-03-31 11:51:30,,"Возврат товара, который приехал по МП, продавцу",2026-03-27,,4815756952,mp.a0c1c310bce34eacba367e0b2ddc6640.r,"Тверь, Улица Вагжанова 21",211256
ADRIANA CASA,Шторы интерьерные,2043048879915,345232934,51634753935,50349046843,,Выдано,2026-04-01 09:38:15,2026-04-03 11:28:53,,"Возврат товара, который приехал по МП, продавцу",2026-03-27,,4811202778,mp.b364aa1eb72f4341b6d54a656f6c6dcc.r,"Тверь, Улица Вагжанова 21",211256
ADRIANA ADAGIO,Тюль,2042471140623,117934204,51730796661,50414931545,,Выдано,2026-04-01 17:12:44,2026-04-03 11:28:53,,"Возврат товара, который приехал по МП, продавцу",2026-03-27,,4818365000,mp.c92a42b1ad0d4be99794a0d75c6aff9d.r,"Тверь, Улица Вагжанова 21",211256
ADRIANA ADAGIO,Тюль,2020533507010,63480996,51358174455,50729631480,,Выдано,2026-04-01 09:48:52,2026-04-03 11:28:53,,"Возврат товара, который приехал по МП, продавцу",2026-03-27,,4796204671,mp.d2a776e9427a4ae4bffedc438c3bd4d7.r,"Тверь, Улица Вагжанова 21",211256
ADRIANA ADAGIO,Тюль,2020406193043,63233617,50973514542,50508410909,,Выдано,2026-04-01 12:55:04,2026-04-03 11:28:53,,"Возврат товара, который приехал по МП, продавцу",2026-03-27,,4762715329,mp.dc645d6fcb044ba2abfc03be27d15750.r,"Тверь, Улица Вагжанова 21",211256
ADRIANA DONNA,Шторы интерьерные,2040848774853,249850134,51351245939,48809433086,,Выдано,2026-03-29 11:24:15,2026-03-31 11:51:30,,"Возврат товара, который приехал по МП, продавцу",2026-03-27,,4794636116,mp.e844de41fc22424eb8fb1a83da7c56d5.r,"Тверь, Улица Вагжанова 21",211256
ADRIANA ADAGIO,Тюль,2020383265016,63200845,51358173257,50729631488,,Выдано,2026-04-01 09:50:10,2026-04-03 11:28:53,,"Возврат товара, который приехал по МП, продавцу",2026-03-27,,4796203471,mp.eb900b70026849ba85ddfa9ae4d43707.r,"Тверь, Улица Вагжанова 21",211256
VELO MONTI ROMA,Тюль,2040639722797,243085409,51719086428,49041966808,,Выдано,2026-03-30 08:56:20,2026-03-31 11:51:30,,"Возврат товара, который приехал по МП, продавцу",2026-03-28,,4816707401,mp.06dda52190bf454c8cb9ca611ab9b54a.r,"Тверь, Улица Вагжанова 21",211256
VELO MONTI ROMA,Тюль,2040599653919,242077980,51784168333,46980894209,,Выдано,2026-03-31 08:51:40,2026-03-31 11:51:30,,"Возврат товара, который приехал по МП, продавцу",2026-03-28,,4825731225,mp.31acffc655944d34a141ac5dbb15e2eb.r,"Тверь, Улица Вагжанова 21",211256
VELO MONTI MILANO,Тюль,2040747328362,246377473,51635267121,50473184971,,Выдано,2026-03-31 15:51:19,2026-04-03 11:28:53,,"Возврат товара, который приехал по МП, продавцу",2026-03-28,,4811716227,mp.438fd65cffdc4bdab01ea772d12207f0.r,"Тверь, Улица Вагжанова 21",211256
VELO MONTI MILANO,Тюль,2039905557638,227786210,51469282761,50651084836,,Выдано,2026-04-01 10:13:46,2026-04-03 11:28:53,,"Возврат товара, который приехал по МП, продавцу",2026-03-28,,4804234090,mp.4cabccf92b3e498581a24242749bf5bc.r,"Тверь, Улица Вагжанова 21",211256
ADRIANA CASA,Шторы интерьерные,2044039075552,420226113,51634559133,50691000924,,Выдано,2026-04-01 09:37:54,2026-04-03 11:28:53,,"Возврат товара, который приехал по МП, продавцу",2026-03-28,,4811007827,mp.4f87ff87bb2d402d940435969c9d13c8.r,"Тверь, Улица Вагжанова 21",211256
VELO MONTI MILANO,Тюль,2040747328362,246377473,51635267124,50473184991,,Выдано,2026-03-31 15:53:20,2026-04-03 11:28:53,,"Возврат товара, который приехал по МП, продавцу",2026-03-28,,4811716231,mp.9b2e7808338146a4b1303ad580314548.r,"Тверь, Улица Вагжанова 21",211256
ADRIANA FESTA,Шторы интерьерные,2048838837076,810348931,51696117690,50528358069,,Выдано,2026-03-30 09:42:16,2026-03-31 11:51:30,,"Возврат товара, который приехал по МП, продавцу",2026-03-28,,4815254850,mp.9b2e8feb86e14aa1ada6aa424eb092dc.r,"Тверь, Улица Вагжанова 21",211256
VELO MONTI MILANO,Тюль,2040737561755,246094498,51740595938,50686553019,,Выдано,2026-03-31 16:04:56,2026-04-03 11:28:53,,"Возврат товара, который приехал по МП, продавцу",2026-03-28,,4820013970,mp.a5c7ab172ae8443ab2ffca3c25833516.r,"Тверь, Улица Вагжанова 21",211256
ADRIANA LARGO,Тюль,2038279976557,171828940,51740641916,49163210567,,Выдано,2026-04-01 13:12:21,2026-04-03 11:28:53,,"Возврат товара, который приехал по МП, продавцу",2026-03-28,,4820060006,mp.b3fdc15bba6e4ea48ea456d167e8b137.r,"Тверь, Улица Вагжанова 21",211256
ADRIANA ADAGIO,Тюль,2040673646585,244226830,51755308929,49339893389,,Выдано,2026-03-30 09:26:58,2026-03-31 11:51:30,,"Возврат товара, который приехал по МП, продавцу",2026-03-28,,4822430346,mp.dd7507216a264a6b86a333b893841f99.r,"Тверь, Улица Вагжанова 21",211256
ADRIANA LENTO,Тюль,2044506197626,120366333,51356383685,39245254212,,Выдано,2026-04-03 09:27:00,2026-04-03 11:28:53,,"Возврат товара, который приехал по МП, продавцу",2026-03-28,,4795452185,mp.e3d413ce45e3403ea05a7686c94d9572.r,"Тверь, Улица Вагжанова 21",211256
ADRIANA LARGO,Тюль,2038279976557,171828940,51740641919,49163210559,,Выдано,2026-04-01 13:14:32,2026-04-03 11:28:53,,"Возврат товара, который приехал по МП, продавцу",2026-03-28,,4820060007,mp.e8fe0d6c2fe640c7bc27b5da9167afcf.r,"Тверь, Улица Вагжанова 21",211256
ADRIANA ADAGIO,Тюль,2040673646585,244226830,51755308933,49339893381,,Выдано,2026-03-30 09:26:01,2026-03-31 11:51:30,,"Возврат товара, который приехал по МП, продавцу",2026-03-28,,4822430347,mp.ebd2927f65f74a76a15bd6e68a1c6e0b.r,"Тверь, Улица Вагжанова 21",211256
VELO MONTI ROMA,Тюль,2040599653919,242077980,51784168331,46980894205,,Выдано,2026-03-31 08:50:57,2026-03-31 11:51:30,,"Возврат товара, который приехал по МП, продавцу",2026-03-28,,4825731226,mp.fd42ae8590354839bba14e4392740a8e.r,"Тверь, Улица Вагжанова 21",211256
ADRIANA ADAGIO,Тюль,2037541816911,149262830,51859116785,49497172744,,Выдано,2026-03-31 08:55:03,2026-03-31 11:51:30,,"Возврат товара, который приехал по МП, продавцу",2026-03-29,,4829685004,mp.5548f470f0a044e28d340c3fb483ce39.r,"Тверь, Улица Вагжанова 21",211256
ADRIANA STELLA,Шторы интерьерные,2038090337551,166776349,51855908931,44025154047,,Выдано,2026-04-01 10:21:12,2026-04-03 11:28:53,,"Возврат товара, который приехал по МП, продавцу",2026-03-29,,4828371056,mp.6d09bf0a0943476580730606f07ca7e5.r,"Тверь, Улица Вагжанова 21",211256
ADRIANA CALMA,Шторы интерьерные,2038597423573,176487101,51741448997,50417764993,,Выдано,2026-04-02 12:40:34,2026-04-03 11:28:53,,"Возврат товара, который приехал по МП, продавцу",2026-03-29,,4820867911,mp.7ac9251e943747e3a9d0013d3cc9487e.r,"Тверь, Улица Вагжанова 21",211256
VELO MONTI ROMA,Тюль,2040599653926,242077982,51171968330,51371143327,,Выдано,2026-03-31 09:07:12,2026-03-31 11:51:30,,"Возврат товара, который приехал по МП, продавцу",2026-03-29,,4779063739,mp.94f66e2042ee430fbcc960b5cdab0361.r,"Тверь, Улица Вагжанова 21",211256
ADRIANA ADAGIO,Тюль,2040673646080,244226678,49358053218,49358053218,,Отмена по задержке,,,,"Возврат товара, который приехал по МП, продавцу",2026-03-29,,4593213973,mp.a57deaba202b4693b19747c523ba0d83.r,"Тверь, Улица Вагжанова 21",211256
ADRIANA CASA,Шторы интерьерные,2038937810315,188397366,51293073493,50583058238,,Выдано,2026-04-01 13:46:11,2026-04-03 11:28:53,,"Возврат товара, который приехал по МП, продавцу",2026-03-29,,4787085710,mp.a651e5620fe44c27b83f651a395f0fd2.r,"Тверь, Улица Вагжанова 21",211256
VELO MONTI ROMA,Тюль,2040599653926,242077982,51171968326,51371143307,,Выдано,2026-03-31 09:00:15,2026-03-31 11:51:30,,"Возврат товара, который приехал по МП, продавцу",2026-03-29,,4779063738,mp.d9d04a1538f846c385c0f7dc73419f9d.r,"Тверь, Улица Вагжанова 21",211256
ADRIANA FESTA,Шторы интерьерные,2048838837182,810348943,51859127368,50753007008,,Выдано,2026-04-01 17:11:19,2026-04-03 11:28:53,,"Возврат товара, который приехал по МП, продавцу",2026-03-29,,4829695590,mp.dc09bf2a4b2e4e21a76660d1294e6790.r,"Тверь, Улица Вагжанова 21",211256
ADRIANA ADAGIO,Тюль,2040673647766,244226851,51939222647,48829142421,,Выдано,2026-04-03 08:49:24,2026-04-03 11:28:53,,"Возврат товара, который приехал по МП, продавцу",2026-03-30,,4832724029,mp.08dc1e5f382045618dd6ef42b12c8a0b.r,"Тверь, Улица Вагжанова 21",211256
ADRIANA LARGO,Тюль,2039755124547,220984055,51859732540,50517658060,,Выдано,2026-04-01 14:24:52,2026-04-03 11:28:53,,"Возврат товара, который приехал по МП, продавцу",2026-03-30,,4830301223,mp.116358b1aa754d73ae16fc2f1680957f.r,"Тверь, Улица Вагжанова 21",211256
ADRIANA LARGO,Тюль,2039755124547,220984055,51859732539,50517658068,,Выдано,2026-04-01 14:24:37,2026-04-03 11:28:53,,"Возврат товара, который приехал по МП, продавцу",2026-03-30,,4830301224,mp.11e6d521b81a4e9f8974149105f29009.r,"Тверь, Улица Вагжанова 21",211256
ADRIANA ALLEGRO,Тюль,2042959576838,338817672,51987696542,49401588446,,Выдано,2026-04-03 10:41:18,2026-04-03 11:28:53,,"Возврат товара, который приехал по МП, продавцу",2026-03-30,,4837004054,mp.4d300455550f4981b81911dc5afabaaf.r,"Тверь, Улица Вагжанова 21",211256
ADRIANA CASA,Шторы интерьерные,2038937810476,188397394,51173644757,50669430893,,Выдано,2026-04-01 14:23:03,2026-04-03 11:28:53,,"Возврат товара, который приехал по МП, продавцу",2026-03-30,,4780213309,mp.4d84895efa83449bacf702ed57e75832.r,"Тверь, Улица Вагжанова 21",211256
VELO MONTI MILANO,Тюль,2040737560697,246094509,51798198816,50593454760,,Выдано,2026-04-02 12:58:17,2026-04-03 11:28:53,,"Возврат товара, который приехал по МП, продавцу",2026-03-30,,4826112990,mp.698969c814174bf69c846167ff3e79ec.r,"Тверь, Улица Вагжанова 21",211256
ADRIANA ADAGIO,Тюль,2040673647339,244226738,50913682440,49491109791,,Выдано,2026-04-03 20:08:12,2026-04-06 11:17:24,,"Возврат товара, который приехал по МП, продавцу",2026-03-30,,4757933565,mp.69dd63d45a4e46f58b9a63f44d2a6202.r,"Тверь, Улица Вагжанова 21",211256
VELO MONTI PARMA,Тюль,2040404412649,237814095,51554414957,47358441276,,Выдано,2026-04-02 12:39:51,2026-04-03 11:28:53,,"Возврат товара, который приехал по МП, продавцу",2026-03-30,,4808257312,mp.6d96917757b54746928cb0a82b5c205b.r,"Тверь, Улица Вагжанова 21",211256
ADRIANA CASA,Шторы интерьерные,2043048880416,345232986,50723918345,50473018867,,Выдано,2026-04-01 09:51:25,2026-04-03 11:28:53,,"Возврат товара, который приехал по МП, продавцу",2026-03-30,,4742666507,mp.82601ec128e749149396d9a06d1b5898.r,"Тверь, Улица Вагжанова 21",211256
VELO MONTI VERONA,Тюль,2040334481142,236899074,50028961097,50028961097,,Выдано,2026-04-04 09:52:06,2026-04-06 11:17:24,,"Возврат товара, который приехал по МП, продавцу",2026-03-30,,4808115252,mp.95712b73a76e4e83841f6f6f5b1f3bcf.r,"Тверь, Улица Вагжанова 21",211256
VELO MONTI MILANO,Тюль,2040737560697,246094509,51798198819,50593454762,,Выдано,2026-04-02 12:58:54,2026-04-03 11:28:53,,"Возврат товара, который приехал по МП, продавцу",2026-03-30,,4826112991,mp.9b3710c0683e4c72a3e77e90948c4271.r,"Тверь, Улица Вагжанова 21",211256
VELO MONTI VERONA,Тюль,2039900617979,227577700,51990258087,49117887040,,Выдано,2026-04-03 15:22:16,2026-04-06 11:17:24,,"Возврат товара, который приехал по МП, продавцу",2026-03-30,,4837734532,mp.b79a10fe4f774644b03b76c1255dd8cc.r,"Тверь, Улица Вагжанова 21",211256
VELO MONTI VERONA,Тюль,2040768277106,246980318,51783766222,49046769707,,Выдано,2026-04-05 09:05:22,2026-04-06 11:17:24,,"Возврат товара, который приехал по МП, продавцу",2026-03-30,,4825328825,mp.ccf292fc0e624f5cb94db922ba1640f6.r,"Тверь, Улица Вагжанова 21",211256
VELO MONTI VERONA,Тюль,2040334481142,236899074,51554272979,50425316507,,Выдано,2026-04-04 09:47:37,2026-04-06 11:17:24,,"Возврат товара, который приехал по МП, продавцу",2026-03-30,,4808115253,mp.cde7933d36a04742bdb834394fff7303.r,"Тверь, Улица Вагжанова 21",211256
ADRIANA ADAGIO,Тюль,2040673647766,244226851,51939222648,48829142417,,Выдано,2026-04-03 08:45:07,2026-04-03 11:28:53,,"Возврат товара, который приехал по МП, продавцу",2026-03-30,,4832724031,mp.d9b186f336ae4d608c8d2f947bbe9708.r,"Тверь, Улица Вагжанова 21",211256
ADRIANA STELLA,Шторы интерьерные,2037609033182,152016941,51858936651,51365896395,,Выдано,2026-04-02 12:28:41,2026-04-03 11:28:53,,"Возврат товара, который приехал по МП, продавцу",2026-03-30,,4829504790,mp.e13ef7e3ea0e464c84ac2f792ed2c6db.r,"Тверь, Улица Вагжанова 21",211256
ADRIANA CASA,Шторы интерьерные,2038757480781,181095929,47297417407,49874937506,,Выдано,2026-04-04 08:44:06,2026-04-06 11:17:24,,Возврат брака,2026-03-31,,0,b9eeff61a03e43b9895774c7ae7abd76,"Тверь, Улица Вагжанова 21",211256
ADRIANA CASA,Шторы интерьерные,2038757480781,181095929,51992020317,50669145960,,Выдано,2026-04-03 09:18:05,2026-04-03 11:28:53,,"Возврат товара, который приехал по МП, продавцу",2026-03-31,,4838996556,mp.2d08abb4d6a64d72a0954f803cd7edb3.r,"Тверь, Улица Вагжанова 21",211256
VELO MONTI VERONA,Тюль,2040768277595,246980444,51164039133,49486259874,,Выдано,2026-04-02 12:53:39,2026-04-03 11:28:53,,"Возврат товара, который приехал по МП, продавцу",2026-03-31,,4775188622,mp.38ae8a158ab0467890970f7e50d2f8ea.r,"Тверь, Улица Вагжанова 21",211256
VELO MONTI MILANO,Тюль,2040737560987,246094446,51987635052,50681929340,,Выдано,2026-04-03 20:09:10,2026-04-06 11:17:24,,"Возврат товара, который приехал по МП, продавцу",2026-03-31,,4836942658,mp.6ebe1e82759742e2b0bb41b97878420a.r,"Тверь, Улица Вагжанова 21",211256
ADRIANA CASA,Шторы интерьерные,2043048880416,345232986,51986400971,50338901144,,Выдано,2026-04-03 09:42:33,2026-04-03 11:28:53,,"Возврат товара, который приехал по МП, продавцу",2026-03-31,,4836313031,mp.d34753a425f1480a92d5222f4d1d2810.r,"Тверь, Улица Вагжанова 21",211256
VELO MONTI VERONA,Тюль,2040768277595,246980444,51164039142,49486259870,,Выдано,2026-04-02 12:56:47,2026-04-03 11:28:53,,"Возврат товара, который приехал по МП, продавцу",2026-03-31,,4775188626,mp.e28faddd71cd425a94345cb7a6671f5b.r,"Тверь, Улица Вагжанова 21",211256
ADRIANA CASA,Шторы интерьерные,2038757480699,181096031,51756155178,51756155178,,Отмена по задержке,,,,"Возврат товара, который приехал по МП, продавцу",2026-03-31,,4823276033,mp.f6e89e8113214539beef1899daf54ef7.r,"Тверь, Улица Вагжанова 21",211256
ADRIANA CALMA,Шторы интерьерные,2038598094710,176507895,51871658063,48957411305,,Выдано,2026-04-05 08:52:26,2026-04-06 11:17:24,,"Возврат товара, который приехал по МП, продавцу",2026-04-01,,4830926913,mp.175b970ab25e46a38233cbf1ecc9d06c.r,"Тверь, Улица Вагжанова 21",211256
ADRIANA FESTA,Шторы интерьерные,2048927913650,820169081,51907313550,50426061657,,Выдано,2026-04-04 15:03:08,2026-04-06 11:17:24,,"Возврат товара, который приехал по МП, продавцу",2026-04-01,,4831954721,mp.24b66af91ed14bfd869590820030d206.r,"Тверь, Улица Вагжанова 21",211256
VELO MONTI MILANO,Тюль,2040737560611,246094587,51730826970,51730826970,,Выдано,2026-04-14 14:47:47,2026-04-17 11:23:41,,"Возврат товара, который приехал по МП, продавцу",2026-04-01,,4818395318,mp.2c58db3fb3cb4d8e9056cebca9f69709.r,"Тверь, Улица Вагжанова 21",211256
ADRIANA LARGO,Тюль,2038279976366,171828859,51782840537,49485441383,,Выдано,2026-04-07 10:04:56,2026-04-10 11:07:37,,"Возврат товара, который приехал по МП, продавцу",2026-04-01,,4824402292,mp.4b50b6b663a94afb9559ff951f506967.r,"Тверь, Улица Вагжанова 21",211256
ADRIANA ADAGIO,Тюль,2042610442625,118046216,51956308922,46841902869,,Выдано,2026-04-05 08:50:59,2026-04-06 11:17:24,,"Возврат товара, который приехал по МП, продавцу",2026-04-01,,4833684102,mp.573918fb537545bfbd34c778b27b7c89.r,"Тверь, Улица Вагжанова 21",211256
ADRIANA CALMA,Шторы интерьерные,2038598094338,176507858,51857910967,49415218776,,Выдано,2026-04-06 16:12:52,2026-04-10 11:07:37,,"Возврат товара, который приехал по МП, продавцу",2026-04-01,,4828978931,mp.829ad79e0c244a8f8d9d3be827fa10b2.r,"Тверь, Улица Вагжанова 21",211256
ADRIANA LENTO,Тюль,2044506183629,120366323,51634191728,42265271051,,Выдано,2026-04-06 09:40:48,2026-04-06 11:17:24,,"Возврат товара, который приехал по МП, продавцу",2026-04-01,,4810640072,mp.c471e20ac93345da99242a7b4a8a7e5d.r,"Тверь, Улица Вагжанова 21",211256
ADRIANA LENTO,Тюль,2044507087629,120370329,52007146039,47309886404,,Выдано,2026-04-05 09:07:05,2026-04-06 11:17:24,,"Возврат товара, который приехал по МП, продавцу",2026-04-01,,4840801831,mp.ddab3e6bcce54f59823133d869f5bce2.r,"Тверь, Улица Вагжанова 21",211256
VELO MONTI MILANO,Тюль,2040737560864,246094556,51798370766,50468353376,,Выдано,2026-04-05 08:40:16,2026-04-06 11:17:24,,"Возврат товара, который приехал по МП, продавцу",2026-04-01,,4826285008,mp.f7444d5b7fdb454e931a6fac27fd89b3.r,"Тверь, Улица Вагжанова 21",211256
VELO MONTI MILANO,Тюль,2040737560611,246094587,51730826973,51730826973,,Выдано,2026-04-14 14:47:51,2026-04-17 11:23:41,,"Возврат товара, который приехал по МП, продавцу",2026-04-01,,4818395319,mp.ffe3d6da4c1945b1bceba0cf77a47d8d.r,"Тверь, Улица Вагжанова 21",211256
ADRIANA CASA,Шторы интерьерные,2038757481702,181095901,51752987940,51752987940,,Выдано,2026-04-05 13:53:59,2026-04-06 11:17:24,,Возврат брака,2026-04-02,,0,06f3612d517449cb8c202d64338c1f20,"Тверь, Улица Вагжанова 21",211256
ADRIANA CANTO,Шторы интерьерные,2040191803385,234407674,44593358056,30978965735,,Выдано,2026-04-05 08:57:25,2026-04-06 11:17:24,,Возврат брака,2026-04-02,,0,9eea913061ed46bcadbfa86f04caa704,"Тверь, Улица Вагжанова 21",211256
ADRIANA VIVO,Тюль,2039755197855,220985849,44006967135,48343028449,,Выдано,2026-04-04 08:43:55,2026-04-06 11:17:24,,Возврат брака,2026-04-02,,0,e719cab4ebf140488203c12c82d2f36e,"Тверь, Улица Вагжанова 21",211256
ADRIANA BIANCO,Шторы интерьерные,2038563750085,175735932,51882455603,46831621226,,Выдано,2026-04-07 10:07:50,2026-04-10 11:07:37,,"Возврат товара, который приехал по МП, продавцу",2026-04-02,,4831215214,mp.273d68e14c9540718988edc5c03a19cd.r,"Тверь, Улица Вагжанова 21",211256
ADRIANA BIANCO,Шторы интерьерные,2038563750085,175735932,51882455601,46831621230,,Выдано,2026-04-07 10:07:29,2026-04-10 11:07:37,,"Возврат товара, который приехал по МП, продавцу",2026-04-02,,4831215213,mp.41c12ae6b5a447cf8aab3e3566a77c6c.r,"Тверь, Улица Вагжанова 21",211256
ADRIANA CASA,Шторы интерьерные,2038757481702,181095901,51752987940,51752987940,,Неподбор,,,,"Возврат товара, который приехал по МП, продавцу",2026-04-02,,4822286447,mp.6b95187a71b64bb499185b3df1aac33a.r,"Тверь, Улица Вагжанова 21",211256
ADRIANA LENTO,Тюль,2040681266812,244447326,52010440068,52010440068,,Выдано,2026-04-05 19:26:37,2026-04-06 11:17:24,,"Возврат товара, который приехал по МП, продавцу",2026-04-02,,4843596000,mp.87c02cc0ab8040e8b211fd3886402225.r,"Тверь, Улица Вагжанова 21",211256
ADRIANA BELLA,Шторы интерьерные,2040826849962,249202973,52006593561,50523289221,,Отмена по задержке,,,,"Возврат товара, который приехал по МП, продавцу",2026-04-02,,4840250459,mp.8a164e4521b34c9ba23c6950af214c0e.r,"Тверь, Улица Вагжанова 21",211256
VELO MONTI PARMA,Тюль,2040428390817,238226376,52140760959,51209298894,,Выдано,2026-04-06 16:14:41,2026-04-10 11:07:37,,"Возврат товара, который приехал по МП, продавцу",2026-04-02,,4849406614,mp.b1e14873969b4ff886160b1a46bc12c9.r,"Тверь, Улица Вагжанова 21",211256
ADRIANA ADAGIO,Тюль,2037545197733,149406055,51894427379,45747412445,,Выдано,2026-04-08 09:41:37,2026-04-10 11:07:37,,"Возврат товара, который приехал по МП, продавцу",2026-04-02,,4831429570,mp.dfae457a9d584c3192a517f486cc8d11.r,"Тверь, Улица Вагжанова 21",211256
ADRIANA ADAGIO,Тюль,2040673647469,244226713,51858810188,49484355180,,Выдано,2026-04-06 09:50:21,2026-04-06 11:17:24,,"Возврат товара, который приехал по МП, продавцу",2026-04-02,,4829378149,mp.fbb893f5c3674066bcdbd08d8df8c44d.r,"Тверь, Улица Вагжанова 21",211256
ADRIANA VIVO,Тюль,2036881548476,105248695,15194346159,32386093877,,Выдано,2026-04-07 10:04:08,2026-04-10 11:07:37,,Возврат брака,2026-04-03,,0,1f549a67f73c4e89ba40a9936f95150a,"Тверь, Улица Вагжанова 21",211256
ADRIANA LENTO,Тюль,2040681266850,244447205,51718295531,50656816360,,Выдано,2026-04-06 09:53:39,2026-04-06 11:17:24,,"Возврат товара, который приехал по МП, продавцу",2026-04-03,,4815914633,mp.12c4fe5ad44d4491ba7ac80eee8fa417.r,"Тверь, Улица Вагжанова 21",211256
VELO MONTI ROMA,Тюль,2040608919777,242396657,52009210638,50584630652,,Выдано,2026-04-05 09:06:04,2026-04-06 11:17:24,,"Возврат товара, который приехал по МП, продавцу",2026-04-03,,4842366917,mp.17e968411e0b4ecd93065cbed33f4ddc.r,"Тверь, Улица Вагжанова 21",211256
ADRIANA CALMA,Шторы интерьерные,2043749261842,396849766,52122766665,49402797965,,Выдано,2026-04-08 11:52:00,2026-04-10 11:07:37,,"Возврат товара, который приехал по МП, продавцу",2026-04-03,,4848952651,mp.218c3a545bae4de0836ad8a9a25a2221.r,"Тверь, Улица Вагжанова 21",211256
VELO MONTI ROMA,Тюль,2040608919777,242396657,52009210639,50584630648,,Выдано,2026-04-05 09:06:53,2026-04-06 11:17:24,,"Возврат товара, который приехал по МП, продавцу",2026-04-03,,4842366918,mp.3ffeecb12b6148768aa4076a79aa1179.r,"Тверь, Улица Вагжанова 21",211256
ADRIANA ADAGIO,Тюль,2040673646745,244226809,52060318730,50729609126,,Выдано,2026-04-05 09:08:02,2026-04-06 11:17:24,,"Возврат товара, который приехал по МП, продавцу",2026-04-03,,4844626192,mp.48547160825e476cb21416f800197529.r,"Тверь, Улица Вагжанова 21",211256
ADRIANA VIVO,Тюль,2037547859639,149517188,51287565130,50669150308,,Выдано,2026-04-07 10:03:41,2026-04-10 11:07:37,,"Возврат товара, который приехал по МП, продавцу",2026-04-03,,4786679751,mp.56a4045a1f1243f28053675115aa3db6.r,"Тверь, Улица Вагжанова 21",211256
ADRIANA CASA,Шторы интерьерные,2044039075569,420226112,51958156165,50505227682,,Выдано,2026-04-06 09:40:14,2026-04-06 11:17:24,,"Возврат товара, который приехал по МП, продавцу",2026-04-03,,4834993892,mp.56dde1b79aae4f5698410d343b27a4af.r,"Тверь, Улица Вагжанова 21",211256
ADRIANA CALMA,Шторы интерьерные,2038597423863,176487138,52080172241,42548508588,,Выдано,2026-05-17 09:34:52,2026-05-18 16:39:59,,"Возврат товара, который приехал по МП, продавцу",2026-04-03,,4845246857,mp.6a049ef5397a4140a0744667b645fda4.r,"Тверь, Улица Вагжанова 21",211256
ADRIANA VIVO,Тюль,2037547868464,149517352,52007153597,50585725708,,Выдано,2026-04-06 09:40:29,2026-04-06 11:17:24,,"Возврат товара, который приехал по МП, продавцу",2026-04-03,,4840809521,mp.6f3ef37d093d4f65aa13221000d7d059.r,"Тверь, Улица Вагжанова 21",211256
VELO MONTI PARMA,Тюль,2040413487560,237988932,52189671667,48683111166,,Выдано,2026-04-06 16:08:59,2026-04-10 11:07:37,,"Возврат товара, который приехал по МП, продавцу",2026-04-03,,4853362653,mp.836ff26c7c4e456793343956d5b64185.r,"Тверь, Улица Вагжанова 21",211256
ADRIANA CALMA,Шторы интерьерные,2038597423863,176487138,52080172244,42548508580,,Выдано,2026-05-17 09:34:50,2026-05-18 16:39:59,,"Возврат товара, который приехал по МП, продавцу",2026-04-03,,4845246854,mp.94a57923ed5a47e79d9b153438868619.r,"Тверь, Улица Вагжанова 21",211256
ADRIANA CASA,Шторы интерьерные,2043048879915,345232934,52177376991,50505278911,,Выдано,2026-04-21 15:17:20,2026-04-23 13:15:45,,"Возврат товара, который приехал по МП, продавцу",2026-04-03,,4851599682,mp.c3fae4a213594eadb4b70542bd3c5af7.r,"Тверь, Улица Вагжанова 21",211256
ADRIANA CALMA,Шторы интерьерные,2043749261842,396849766,52122766667,49402797961,,Выдано,2026-04-08 11:50:39,2026-04-10 11:07:37,,"Возврат товара, который приехал по МП, продавцу",2026-04-03,,4848952652,mp.d02c85194e184b25a0eb077a3d84c1a0.r,"Тверь, Улица Вагжанова 21",211256
Adriana's Home,Наволочки декоративные,2049914349292,911149655,52190491009,51284073411,,Выдано,2026-04-06 09:50:16,2026-04-06 11:17:24,,"Возврат товара, который приехал по МП, продавцу",2026-04-03,,4854182550,mp.ddbba9b02c4149afaae77fc378a13d98.r,"Тверь, Улица Вагжанова 21",211256
VELO MONTI PARMA,Тюль,2040413487508,237988959,52189559627,49413348708,,Выдано,2026-04-06 09:43:11,2026-04-06 11:17:24,,"Возврат товара, который приехал по МП, продавцу",2026-04-03,,4853250538,mp.e30ec8c861d34337af7726e5d44f4ea1.r,"Тверь, Улица Вагжанова 21",211256
Adriana's Home,Наволочки декоративные,2049914349292,911149655,52190491493,51284073407,,Выдано,2026-04-06 09:52:46,2026-04-06 11:17:24,,"Возврат товара, который приехал по МП, продавцу",2026-04-03,,4854183167,mp.e3dfbdd99dcb4718a002626efe841b68.r,"Тверь, Улица Вагжанова 21",211256
ADRIANA BIANCO,Шторы интерьерные,2038557672126,175636663,52122802318,50679075843,,Выдано,2026-04-07 09:36:32,2026-04-10 11:07:37,,"Возврат товара, который приехал по МП, продавцу",2026-04-03,,4848988573,mp.ebd7585b340b40e0b5ab4519e44682c6.r,"Тверь, Улица Вагжанова 21",211256
ADRIANA CALMA,Шторы интерьерные,2038597423863,176487138,52080172240,42548508584,,Выдано,2026-05-17 09:34:54,2026-05-18 16:39:59,,"Возврат товара, который приехал по МП, продавцу",2026-04-03,,4845246855,mp.ed8644605f9b4670be316a093d12611f.r,"Тверь, Улица Вагжанова 21",211256
VELO MONTI ROMA,Тюль,2040586045536,241713064,52102514747,51209024351,,Выдано,2026-04-09 16:16:30,2026-04-10 11:07:37,,"Возврат товара, который приехал по МП, продавцу",2026-04-04,,4847948077,mp.1266c174b420475cbe78eb3f1a1cc50c.r,"Тверь, Улица Вагжанова 21",211256
ADRIANA BIANCO,Шторы интерьерные,2038557672201,175636656,51783026078,50414932062,,Выдано,2026-04-11 09:07:09,2026-04-14 11:02:34,,"Возврат товара, который приехал по МП, продавцу",2026-04-04,,4824587960,mp.277ca4fb4ef0400ea520859e30feb50b.r,"Тверь, Улица Вагжанова 21",211256
ADRIANA LENTO,Тюль,2040681266805,244447348,52253828143,49092640555,,Выдано,2026-04-06 09:45:43,2026-04-06 11:17:24,,"Возврат товара, который приехал по МП, продавцу",2026-04-04,,4861826127,mp.332de42e64b54953a447f4e00121931c.r,"Тверь, Улица Вагжанова 21",211256
ADRIANA VIVO,Тюль,2039755196438,220985889,51882790320,51369430196,,Выдано,2026-04-09 09:39:20,2026-04-10 11:07:37,,"Возврат товара, который приехал по МП, продавцу",2026-04-04,,4831396337,mp.3c4b035df3f741a7a88112d777f424c2.r,"Тверь, Улица Вагжанова 21",211256
ADRIANA LARGO,Тюль,2037547963725,149518457,51782712711,49409674528,,Выдано,2026-04-10 11:17:20,2026-04-14 11:02:34,,"Возврат товара, который приехал по МП, продавцу",2026-04-04,,4824274316,mp.9358687a72174c969f33f5419fd01f8c.r,"Тверь, Улица Вагжанова 21",211256
ADRIANA ADAGIO,Тюль,2037545204301,149406550,51324519249,49424051449,,Выдано,2026-04-07 10:01:22,2026-04-10 11:07:37,,"Возврат товара, который приехал по МП, продавцу",2026-04-04,,4794285474,mp.a58f1a3925964db689f470cc1e7139bb.r,"Тверь, Улица Вагжанова 21",211256
ADRIANA BIANCO,Шторы интерьерные,2038557672331,175636643,51783026079,50414932066,,Выдано,2026-04-11 09:07:06,2026-04-14 11:02:34,,"Возврат товара, который приехал по МП, продавцу",2026-04-04,,4824587959,mp.c6f992dac0604d7d9789a7bfaa30bf54.r,"Тверь, Улица Вагжанова 21",211256
ADRIANA BIANCO,Шторы интерьерные,2038563749690,175735942,43191326632,38990858402,,Выдано,2026-04-21 11:16:20,2026-04-23 13:15:45,,Возврат брака,2026-04-05,,0,53168c8aaf01463d82fb7455bd69f2bc,"Тверь, Улица Вагжанова 21",211256
ADRIANA ADAGIO,Тюль,2019921024086,62010297,52251041690,51205058421,,Выдано,2026-04-08 09:28:50,2026-04-10 11:07:37,,"Возврат товара, который приехал по МП, продавцу",2026-04-05,,4859538439,mp.037f944dcfb24829bf5fa3622ef29419.r,"Тверь, Улица Вагжанова 21",211256
ADRIANA LENTO,Тюль,2044507018623,120370282,52152764701,48782858459,,Выдано,2026-04-12 09:05:23,2026-04-14 11:02:34,,"Возврат товара, который приехал по МП, продавцу",2026-04-05,,4849602747,mp.0d160b60f38b48ad9d87bd33c73c3244.r,"Тверь, Улица Вагжанова 21",211256
VELO MONTI PARMA,Тюль,2040413487898,237988794,52003710697,51266826402,,Выдано,2026-04-08 09:50:34,2026-04-10 11:07:37,,"Возврат товара, который приехал по МП, продавцу",2026-04-05,,4839909560,mp.2eceb3d575f74f468d07de105b7c14c7.r,"Тверь, Улица Вагжанова 21",211256
VELO MONTI MILANO,Тюль,2039905557843,227786158,52010307961,51226828794,,Выдано,2026-04-14 14:33:32,2026-04-17 11:23:41,,"Возврат товара, который приехал по МП, продавцу",2026-04-05,,4843463846,mp.423cad61096040fab5f917b3de9aa1a6.r,"Тверь, Улица Вагжанова 21",211256
ADRIANA LENTO,Тюль,2044507018623,120370282,52152764707,52152764707,,Выдано,2026-04-12 09:04:47,2026-04-14 11:02:34,,"Возврат товара, который приехал по МП, продавцу",2026-04-05,,4849602745,mp.8af5cd59483140be8357a48177f4f55b.r,"Тверь, Улица Вагжанова 21",211256
ADRIANA LARGO,Тюль,2036894060453,106109274,52246852660,50676259523,,Выдано,2026-04-10 11:31:38,2026-04-14 11:02:34,,"Возврат товара, который приехал по МП, продавцу",2026-04-05,,4858821043,mp.a39796759b124e6cb7e1b5893fb7c1e6.r,"Тверь, Улица Вагжанова 21",211256
ADRIANA DONNA,Шторы интерьерные,2040849051243,249874667,52122802319,50679076467,,Выдано,2026-04-09 09:51:10,2026-04-10 11:07:37,,"Возврат товара, который приехал по МП, продавцу",2026-04-05,,4848988574,mp.af6c91208d3447efb82eceb4308ae259.r,"Тверь, Улица Вагжанова 21",211256
VELO MONTI MILANO,Тюль,2039905558031,227786120,52152910514,48795930858,,Выдано,2026-04-07 09:37:36,2026-04-10 11:07:37,,"Возврат товара, который приехал по МП, продавцу",2026-04-05,,4849749203,mp.fa3799b3eb4d42fbaad81b322d7f60f6.r,"Тверь, Улица Вагжанова 21",211256
VELO MONTI VERONA,Тюль,2040768277083,246980174,52252625989,50475311038,,Выдано,2026-04-07 09:58:34,2026-04-10 11:07:37,,"Возврат товара, который приехал по МП, продавцу",2026-04-05,,4861123287,mp.ff1350c9a89c4494a1960467ee30c749.r,"Тверь, Улица Вагжанова 21",211256
ADRIANA ADAGIO,Тюль,2042477266624,117943127,50727550898,49093818543,,Выдано,2026-04-07 18:05:46,2026-04-10 11:07:37,,Возврат товара продавцу по отзыву,2026-04-06,,0,c3f7b589c2d7457a8b2bb9f1f0693849,"Тверь, Улица Вагжанова 21",211256
ADRIANA ADAGIO,Тюль,2020383265016,63200845,51640354461,42825656688,,Выдано,2026-04-11 18:48:55,2026-04-14 11:02:34,,"Возврат товара, который приехал по МП, продавцу",2026-04-06,,4812813201,mp.1e37103f0bb84f92b786319927442506.r,"Тверь, Улица Вагжанова 21",211256
VELO MONTI ROMA,Тюль,2040637382634,242971088,51172096740,51172096740,,Выдано,2026-04-13 09:52:59,2026-04-14 11:02:34,,"Возврат товара, который приехал по МП, продавцу",2026-04-06,,4779192376,mp.2a970cd0aadf4c6290bc049ccd3f89c9.r,"Тверь, Улица Вагжанова 21",211256
ADRIANA DONNA,Шторы интерьерные,2040881379602,250639446,52251047336,47144224237,,Выдано,2026-04-09 12:19:17,2026-04-10 11:07:37,,"Возврат товара, который приехал по МП, продавцу",2026-04-06,,4859544086,mp.34f4117572c74e77b489f8492e004f5c.r,"Тверь, Улица Вагжанова 21",211256
ADRIANA CASA,Шторы интерьерные,2038757480439,181095867,51907456431,51142928125,,Выдано,2026-04-08 09:43:44,2026-04-10 11:07:37,,"Возврат товара, который приехал по МП, продавцу",2026-04-06,,4832017628,mp.681e61ade933435fbb0be6ce3dc28eb0.r,"Тверь, Улица Вагжанова 21",211256
ADRIANA CASA,Шторы интерьерные,2038937810902,188397381,51356186869,50653003916,,Выдано,2026-04-11 18:43:29,2026-04-14 11:02:34,,"Возврат товара, который приехал по МП, продавцу",2026-04-06,,4795256226,mp.a1552d7bec5f46dd89e07efbde86fa5f.r,"Тверь, Улица Вагжанова 21",211256
VELO MONTI ROMA,Тюль,2040637382634,242971088,51172096739,51172096739,,Выдано,2026-04-13 09:53:09,2026-04-14 11:02:34,,"Возврат товара, который приехал по МП, продавцу",2026-04-06,,4779192375,mp.a24fac9a4ca64337b2290466504045b0.r,"Тверь, Улица Вагжанова 21",211256
ADRIANA CASA,Шторы интерьерные,2038757480828,181095957,52250539016,50492125628,,Выдано,2026-04-11 18:42:45,2026-04-14 11:02:34,,"Возврат товара, который приехал по МП, продавцу",2026-04-07,,4859033594,mp.06c8bcf6a66f4bf38df800746d10f583.r,"Тверь, Улица Вагжанова 21",211256
ADRIANA VIVO,Тюль,2039755196551,220985938,52376518700,52376518700,,Выдано,2026-04-10 09:56:30,2026-04-10 11:07:37,,"Возврат товара, который приехал по МП, продавцу",2026-04-07,,4871030591,mp.1b7c0f9ee2ec43259a417f23aeb8b227.r,"Тверь, Улица Вагжанова 21",211256
VELO MONTI ROMA,Тюль,2040586045468,241713243,52235515647,50848734731,,Выдано,2026-04-13 09:53:15,2026-04-14 11:02:34,,"Возврат товара, который приехал по МП, продавцу",2026-04-07,,4857515788,mp.22c321f4999944ddb8d062fe06b25e79.r,"Тверь, Улица Вагжанова 21",211256
VELO MONTI ROMA,Тюль,2040586045468,241713243,52235515643,50848734727,,Выдано,2026-04-12 16:51:45,2026-04-14 11:02:34,,"Возврат товара, который приехал по МП, продавцу",2026-04-07,,4857515787,mp.4660bac9ed63430d91a0f2af20896e69.r,"Тверь, Улица Вагжанова 21",211256
ADRIANA CASA,Шторы интерьерные,2038937810704,188397355,52382955063,52382955063,,Выдано,2026-04-11 18:50:10,2026-04-14 11:02:34,,"Возврат товара, который приехал по МП, продавцу",2026-04-07,,4872139967,mp.57ba08517d3e4dc4ad45ae01cf3495e4.r,"Тверь, Улица Вагжанова 21",211256
ADRIANA ALLEGRO,Тюль,2042959576685,338817655,52371426331,49111824906,,Выдано,2026-04-10 09:56:45,2026-04-10 11:07:37,,"Возврат товара, который приехал по МП, продавцу",2026-04-07,,4869063526,mp.6bb270fe23674837a67669f2defb4686.r,"Тверь, Улица Вагжанова 21",211256
VELO MONTI MILANO,Тюль,2040737561335,246094612,52177289166,50993978479,,Выдано,2026-04-18 09:55:51,2026-04-23 13:15:45,,"Возврат товара, который приехал по МП, продавцу",2026-04-07,,4851511770,mp.7f965bd7bf63448188695570d14d878a.r,"Тверь, Улица Вагжанова 21",211256
VELO MONTI PARMA,Тюль,2040388383225,237500215,52279488935,51065850515,,Выдано,2026-04-10 11:28:32,2026-04-14 11:02:34,,"Возврат товара, который приехал по МП, продавцу",2026-04-07,,4862751899,mp.81a5314c9d1845a3ac798fe3a5343023.r,"Тверь, Улица Вагжанова 21",211256
ADRIANA LARGO,Тюль,2037265280715,139218588,52314397837,48957166946,,Выдано,2026-04-10 11:25:35,2026-04-14 11:02:34,,"Возврат товара, который приехал по МП, продавцу",2026-04-07,,4866178197,mp.87e4526b98e44470aea68f865b20f503.r,"Тверь, Улица Вагжанова 21",211256
ADRIANA VIVO,Тюль,2039755196551,220985938,52376518705,52376518705,,Выдано,2026-04-10 09:56:33,2026-04-10 11:07:37,,"Возврат товара, который приехал по МП, продавцу",2026-04-07,,4871030593,mp.8ed145faf39f40e8bc5b3a0a692e6a78.r,"Тверь, Улица Вагжанова 21",211256
ADRIANA VIVO,Тюль,2039755196551,220985938,52376518702,52376518702,,Выдано,2026-04-10 09:56:36,2026-04-10 11:07:37,,"Возврат товара, который приехал по МП, продавцу",2026-04-07,,4871030592,mp.934a5ce947174d06aaa1ebb0ee564b96.r,"Тверь, Улица Вагжанова 21",211256
ADRIANA LARGO,Тюль,2039755122925,220984216,52235515644,50848734743,,Выдано,2026-04-13 13:24:17,2026-04-14 11:02:34,,"Возврат товара, который приехал по МП, продавцу",2026-04-07,,4857515784,mp.9989734881874cccb14b6a245c0b73ff.r,"Тверь, Улица Вагжанова 21",211256
VELO MONTI VERONA,Тюль,2040768277403,246980223,52313599404,48673217265,,Выдано,2026-04-12 09:14:49,2026-04-14 11:02:34,,"Возврат товара, который приехал по МП, продавцу",2026-04-07,,4865379091,mp.b826adaf662245ca8b2306dbc0f0740e.r,"Тверь, Улица Вагжанова 21",211256
ADRIANA FESTA,Шторы интерьерные,2048927912738,820169052,52250396022,50683460880,,Выдано,2026-04-10 17:41:06,2026-04-14 11:02:34,,"Возврат товара, который приехал по МП, продавцу",2026-04-07,,4858889900,mp.bd45bf5ba174480f8b5c7a87393ced66.r,"Тверь, Улица Вагжанова 21",211256
ADRIANA VIVO,Тюль,2039755196551,220985938,52376518751,52376518751,,Выдано,2026-04-10 09:56:41,2026-04-10 11:07:37,,"Возврат товара, который приехал по МП, продавцу",2026-04-07,,4871030645,mp.c689eac46f4f4dcfbab7698b2a6183eb.r,"Тверь, Улица Вагжанова 21",211256
VELO MONTI MILANO,Тюль,2040737561335,246094612,52320141031,51544976086,,Выдано,2026-04-11 18:49:41,2026-04-14 11:02:34,,"Возврат товара, который приехал по МП, продавцу",2026-04-07,,4866788892,mp.e5478bd1e90d401d983e7973d8732465.r,"Тверь, Улица Вагжанова 21",211256
ADRIANA CASA,Шторы интерьерные,2038757480552,181096009,44380296667,48684076366,,Выдано,2026-04-11 08:51:12,2026-04-14 11:02:34,,Возврат брака,2026-04-08,,0,10039e631ec64542b6cdabd93417c6aa,"Тверь, Улица Вагжанова 21",211256
ADRIANA CASA,Шторы интерьерные,2038937810261,188397274,48087232863,48684076370,,Выдано,2026-04-11 08:51:19,2026-04-14 11:02:34,,Возврат брака,2026-04-08,,0,a78c6bc954ab4a49ad8383846c26ce42,"Тверь, Улица Вагжанова 21",211256
ADRIANA LENTO,Тюль,2040681265778,244447166,52388113774,50526378763,,Выдано,2026-04-10 17:44:42,2026-04-14 11:02:34,,"Возврат товара, который приехал по МП, продавцу",2026-04-08,,4872284306,mp.07c5979c8885430598527fa2dfbb03ff.r,"Тверь, Улица Вагжанова 21",211256
ADRIANA LENTO,Тюль,2040681266874,244447246,52279527031,48831934643,,Выдано,2026-04-13 09:58:28,2026-04-14 11:02:34,,"Возврат товара, который приехал по МП, продавцу",2026-04-08,,4862790016,mp.1ae392dc0711432bbca4f6363083c9f3.r,"Тверь, Улица Вагжанова 21",211256
VELO MONTI MILANO,Тюль,2040519491348,240119815,52477392833,50663293928,,Выдано,2026-04-10 09:56:23,2026-04-10 11:07:37,,"Возврат товара, который приехал по МП, продавцу",2026-04-08,,4880156555,mp.1e3cf4949aa9479087a9f63ca04c3969.r,"Тверь, Улица Вагжанова 21",211256
ADRIANA ALLEGRO,Тюль,2037411098676,144450061,52398580239,50641342395,,Выдано,2026-04-11 08:56:19,2026-04-14 11:02:34,,"Возврат товара, который приехал по МП, продавцу",2026-04-08,,4876105304,mp.240913e73d3e4542812922d89ff2e66d.r,"Тверь, Улица Вагжанова 21",211256
VELO MONTI MILANO,Тюль,2040737561526,246094418,52235428666,50644321191,,Выдано,2026-04-10 09:55:02,2026-04-10 11:07:37,,"Возврат товара, который приехал по МП, продавцу",2026-04-08,,4857428215,mp.3d5bdc0a0aaa4778a251fe6625ee4ebf.r,"Тверь, Улица Вагжанова 21",211256
VELO MONTI VERONA,Тюль,2040334480923,236899108,52477393552,50663293856,,Выдано,2026-04-10 09:46:01,2026-04-10 11:07:37,,"Возврат товара, который приехал по МП, продавцу",2026-04-08,,4880157273,mp.4acc1cdab44a431aa73c6efe0787d4d1.r,"Тверь, Улица Вагжанова 21",211256
VELO MONTI VERONA,Тюль,2040334480923,236899108,52477393548,50663293852,,Выдано,2026-04-10 09:54:55,2026-04-10 11:07:37,,"Возврат товара, который приехал по МП, продавцу",2026-04-08,,4880157274,mp.5b47756afde246b8a396d8b201c68975.r,"Тверь, Улица Вагжанова 21",211256
ADRIANA LENTO,Тюль,2044564825622,120459498,52382718011,50384211195,,Выдано,2026-04-11 08:55:11,2026-04-14 11:02:34,,"Возврат товара, который приехал по МП, продавцу",2026-04-08,,4871903878,mp.8f38da6af8ab444aa86abbeee7cafc21.r,"Тверь, Улица Вагжанова 21",211256
ADRIANA CALMA,Шторы интерьерные,2038597725233,176496502,52310806033,50420848489,,Выдано,2026-04-12 09:19:49,2026-04-14 11:02:34,,"Возврат товара, который приехал по МП, продавцу",2026-04-08,,4864205403,mp.95d10c56797a4d30af5e4ac8d639ff27.r,"Тверь, Улица Вагжанова 21",211256
ADRIANA ADAGIO,Тюль,2042473502627,117936572,52477394917,50663293860,,Выдано,2026-04-10 09:47:45,2026-04-10 11:07:37,,"Возврат товара, который приехал по МП, продавцу",2026-04-08,,4880158647,mp.a218b93b549a4ddbb1dcb106cee06175.r,"Тверь, Улица Вагжанова 21",211256
VELO MONTI MILANO,Тюль,2040519491348,240119815,52477392837,50663293932,,Выдано,2026-04-10 09:56:26,2026-04-10 11:07:37,,"Возврат товара, который приехал по МП, продавцу",2026-04-08,,4880156556,mp.a7bfc9002e99400aa83fd825f42a01c8.r,"Тверь, Улица Вагжанова 21",211256
ADRIANA LENTO,Тюль,2044564825622,120459498,52382718008,50384211207,,Выдано,2026-04-11 08:54:54,2026-04-14 11:02:34,,"Возврат товара, который приехал по МП, продавцу",2026-04-08,,4871903877,mp.a9909326c0cd40cea659313df2263bdd.r,"Тверь, Улица Вагжанова 21",211256
ADRIANA LENTO,Тюль,2044564825622,120459498,52382718010,50384211199,,Выдано,2026-04-11 08:54:52,2026-04-14 11:02:34,,"Возврат товара, который приехал по МП, продавцу",2026-04-08,,4871903876,mp.c5f78ec543dd476798eaf29bb7776e87.r,"Тверь, Улица Вагжанова 21",211256
ADRIANA LENTO,Тюль,2044564825622,120459498,52382717994,50384211203,,Выдано,2026-04-11 08:55:19,2026-04-14 11:02:34,,"Возврат товара, который приехал по МП, продавцу",2026-04-08,,4871903862,mp.c61c1bcb27cc47bc8a5cd59fa9b154aa.r,"Тверь, Улица Вагжанова 21",211256
ADRIANA ALLEGRO,Тюль,2037411098676,144450061,52398580241,50641342399,,Выдано,2026-04-11 08:54:43,2026-04-14 11:02:34,,"Возврат товара, который приехал по МП, продавцу",2026-04-08,,4876105306,mp.f055d29ee64c42ba94b8bac3393c871a.r,"Тверь, Улица Вагжанова 21",211256
ADRIANA ADAGIO,Тюль,2042473502627,117936572,52477394920,50663293864,,Выдано,2026-04-10 11:11:11,2026-04-14 11:02:34,,"Возврат товара, который приехал по МП, продавцу",2026-04-08,,4880158648,mp.f98278dc4efc43a9a8c4221d1f884689.r,"Тверь, Улица Вагжанова 21",211256
VELO MONTI VERONA,Тюль,2040768277793,246980119,52382962648,52382962648,,Выдано,2026-04-12 17:05:17,2026-04-14 11:02:34,,"Возврат товара, который приехал по МП, продавцу",2026-04-09,,4872147559,mp.36bfd1c017b34baf84835029e73e75e1.r,"Тверь, Улица Вагжанова 21",211256
ADRIANA CASA,Шторы интерьерные,2044039075644,420226121,52435218521,49341767417,,Выдано,2026-04-12 09:23:59,2026-04-14 11:02:34,,"Возврат товара, который приехал по МП, продавцу",2026-04-09,,4877422082,mp.b6de36274e6d4c8fa999ec08ad86d5aa.r,"Тверь, Улица Вагжанова 21",211256
ADRIANA CASA,Шторы интерьерные,2044039075644,420226121,52435218524,49341767413,,Выдано,2026-04-12 09:18:42,2026-04-14 11:02:34,,"Возврат товара, который приехал по МП, продавцу",2026-04-09,,4877422083,mp.bb3e2f95b30a47e6a3639a5fc926b0cf.r,"Тверь, Улица Вагжанова 21",211256
ADRIANA LENTO,Тюль,2044505669629,120365889,52476983103,23104139708,,Выдано,2026-04-12 09:09:03,2026-04-14 11:02:34,,"Возврат товара, который приехал по МП, продавцу",2026-04-09,,4879746249,mp.cedd07d8845f494ead82ab2f800417a4.r,"Тверь, Улица Вагжанова 21",211256
VELO MONTI VERONA,Тюль,2040768277373,246980485,52259789524,48687853999,,Выдано,2026-04-15 14:34:56,2026-04-17 11:23:41,,"Возврат товара, который приехал по МП, продавцу",2026-04-09,,4862197185,mp.d5013926f64a4bf28712db6e9067043f.r,"Тверь, Улица Вагжанова 21",211256
ADRIANA ADAGIO,Тюль,2040673647285,244226784,52436133182,51130770612,,Выдано,2026-04-12 12:03:28,2026-04-14 11:02:34,,"Возврат товара, который приехал по МП, продавцу",2026-04-09,,4877768462,mp.f33e6d704aa145c2867a5facac4cdb31.r,"Тверь, Улица Вагжанова 21",211256
ADRIANA PRESTO,Тюль,2037262852977,139115428,52251468130,50675521663,,Выдано,2026-04-16 09:21:55,2026-04-17 11:23:41,,"Возврат товара, который приехал по МП, продавцу",2026-04-10,,4859965544,mp.15c8de8f0db64826b7a2a33c47a8df7b.r,"Тверь, Улица Вагжанова 21",211256
ADRIANA LARGO,Тюль,2039755122673,220984085,52476725767,51376893444,,Выдано,2026-04-16 09:08:10,2026-04-17 11:23:41,,"Возврат товара, который приехал по МП, продавцу",2026-04-10,,4879488651,mp.300875847fbd4b97bef1d7c34532e5d1.r,"Тверь, Улица Вагжанова 21",211256
ADRIANA ADAGIO,Тюль,2042475378626,117939346,52371502314,51251684799,,Выдано,2026-04-16 09:20:28,2026-04-17 11:23:41,,"Возврат товара, который приехал по МП, продавцу",2026-04-10,,4869139537,mp.3c2ed7e9569f4e448197ae8d44cfc01f.r,"Тверь, Улица Вагжанова 21",211256
VELO MONTI VERONA,Тюль,2040769367363,247049486,52489341518,43115119868,,Выдано,2026-04-13 13:44:17,2026-04-14 11:02:34,,"Возврат товара, который приехал по МП, продавцу",2026-04-10,,4882416370,mp.4f04b8d6730e4de695a63a1c2f83a9db.r,"Тверь, Улица Вагжанова 21",211256
VELO MONTI VERONA,Тюль,2039900617450,227577869,52546143245,50560176070,,Выдано,2026-04-12 12:04:25,2026-04-14 11:02:34,,"Возврат товара, который приехал по МП, продавцу",2026-04-10,,4884849914,mp.6d36c9e60eee4f0490011d521d178005.r,"Тверь, Улица Вагжанова 21",211256
ADRIANA ADAGIO,Тюль,2042616738623,118054561,52506478946,49249397622,,Выдано,2026-04-13 09:58:54,2026-04-14 11:02:34,,"Возврат товара, который приехал по МП, продавцу",2026-04-10,,4882712895,mp.6e6446b20e9d41539e60e5b28f0515a2.r,"Тверь, Улица Вагжанова 21",211256
VELO MONTI VERONA,Тюль,2040769367363,247049486,52489341522,43115119864,,Выдано,2026-04-13 13:44:14,2026-04-14 11:02:34,,"Возврат товара, который приехал по МП, продавцу",2026-04-10,,4882416371,mp.71f95a09812f4d2480b9f6c448766611.r,"Тверь, Улица Вагжанова 21",211256
ADRIANA DONNA,Шторы интерьерные,2040848774914,249850127,52435026315,50679185795,,Выдано,2026-04-15 14:50:01,2026-04-17 11:23:41,,"Возврат товара, который приехал по МП, продавцу",2026-04-10,,4877230107,mp.9993e58b967e413fb14748e3131ec781.r,"Тверь, Улица Вагжанова 21",211256
VELO MONTI VERONA,Тюль,2040334481326,236899232,52546143248,50560176066,,Выдано,2026-04-12 12:04:36,2026-04-14 11:02:34,,"Возврат товара, который приехал по МП, продавцу",2026-04-10,,4884849921,mp.b308adf92a7e44e39f2e1c0f86b84952.r,"Тверь, Улица Вагжанова 21",211256
ADRIANA LENTO,Тюль,2040681267062,244447350,52545960538,48828980908,,Выдано,2026-04-16 09:08:47,2026-04-17 11:23:41,,"Возврат товара, который приехал по МП, продавцу",2026-04-10,,4884668124,mp.d2e8d4b6ea2a4eeda67593828f88a784.r,"Тверь, Улица Вагжанова 21",211256
ADRIANA DONNA,Шторы интерьерные,2040861194355,250207932,52435026314,50679185799,,Выдано,2026-04-15 14:49:43,2026-04-17 11:23:41,,"Возврат товара, который приехал по МП, продавцу",2026-04-10,,4877230106,mp.dd3a731c85df4996bf22edc9b41e2618.r,"Тверь, Улица Вагжанова 21",211256
ADRIANA FESTA,Шторы интерьерные,2048927912707,820169051,52582636674,47149942877,,Выдано,2026-04-12 12:17:39,2026-04-14 11:02:34,,"Возврат товара, который приехал по МП, продавцу",2026-04-10,,4887932455,mp.ffbce51d0f414be8b63acecf19956ffe.r,"Тверь, Улица Вагжанова 21",211256
VELO MONTI VERONA,Тюль,2040768276314,246980314,52382822341,51369403472,,Выдано,2026-04-18 12:24:07,2026-04-23 13:15:45,,"Возврат товара, который приехал по МП, продавцу",2026-04-11,,4872008201,mp.11092b9736734fc9b18dfc23b60705b2.r,"Тверь, Улица Вагжанова 21",211256
ADRIANA ADAGIO,Тюль,2040673647711,244226801,52557830799,49397041466,,Выдано,2026-04-16 17:53:36,2026-04-17 11:23:41,,"Возврат товара, который приехал по МП, продавцу",2026-04-11,,4886016628,mp.41416db70e0e4e7cad9c3112dfa3d29b.r,"Тверь, Улица Вагжанова 21",211256
VELO MONTI VERONA,Тюль,2039900617290,227577714,52101641632,52101641632,,Выдано,2026-04-14 16:50:32,2026-04-17 11:23:41,,"Возврат товара, который приехал по МП, продавцу",2026-04-11,,4847075286,mp.60eebbece964436199c793d2f269942b.r,"Тверь, Улица Вагжанова 21",211256
VELO MONTI VERONA,Тюль,2039900617290,227577714,52101641635,52101641635,,Выдано,2026-04-14 16:51:09,2026-04-17 11:23:41,,"Возврат товара, который приехал по МП, продавцу",2026-04-11,,4847075289,mp.711962a31c054d91b3ad6006200949e1.r,"Тверь, Улица Вагжанова 21",211256
VELO MONTI VERONA,Тюль,2040334481616,236899030,52559119903,51180288927,,Выдано,2026-04-15 09:52:22,2026-04-17 11:23:41,,"Возврат товара, который приехал по МП, продавцу",2026-04-11,,4886733093,mp.8e107c75e3494030baff052a227e3fc8.r,"Тверь, Улица Вагжанова 21",211256
VELO MONTI MILANO,Тюль,2040519493175,240119984,52000546276,48896362694,,Выдано,2026-04-20 18:16:14,2026-04-23 13:15:45,,"Возврат товара, который приехал по МП, продавцу",2026-04-11,,4839272798,mp.9177855a712e49aca8aa33e6980acc00.r,"Тверь, Улица Вагжанова 21",211256
Adriana's Home,Наволочки декоративные,2049914349087,911149641,52250688405,25522614493,,Выдано,2026-04-16 09:17:31,2026-04-17 11:23:41,,"Возврат товара, который приехал по МП, продавцу",2026-04-11,,4859183865,mp.91b43586a0f549dfa55390cd4fcfbc5e.r,"Тверь, Улица Вагжанова 21",211256
ADRIANA ADAGIO,Тюль,2042477192626,117942444,52589569508,47162472622,,Выдано,2026-04-16 18:17:41,2026-04-17 11:23:41,,"Возврат товара, который приехал по МП, продавцу",2026-04-11,,4890021371,mp.a4b7a3525cda40fcaa4bf3beb5b0eff5.r,"Тверь, Улица Вагжанова 21",211256
ADRIANA VIVO,Тюль,2039755197916,220985886,52532692563,50679800492,,Выдано,2026-04-14 16:56:46,2026-04-17 11:23:41,,"Возврат товара, который приехал по МП, продавцу",2026-04-11,,4883129989,mp.a612a7ed423948e8bbbb25bb53f8645c.r,"Тверь, Улица Вагжанова 21",211256
VELO MONTI VERONA,Тюль,2040768276314,246980314,52477181860,51369403528,,Отмена по задержке,,,,"Возврат товара, который приехал по МП, продавцу",2026-04-11,,4879945287,mp.ce6ad3c1787a4321b4bc503449de36db.r,"Тверь, Улица Вагжанова 21",211256
ADRIANA LARGO,Тюль,2037265280692,139218582,51767121005,50663378722,,Отмена по задержке,,,,"Возврат товара, который приехал по МП, продавцу",2026-04-11,,4823294541,mp.df4ddcf185ed41019881e5402f93a971.r,"Тверь, Улица Вагжанова 21",211256
ADRIANA ADAGIO,Тюль,2042473700627,117936713,52606596624,50686961580,,Выдано,2026-04-14 09:48:48,2026-04-14 11:02:34,,"Возврат товара, который приехал по МП, продавцу",2026-04-11,,4892743583,mp.f65ea7a5af63408b85ba9549519aeab7.r,"Тверь, Улица Вагжанова 21",211256
ADRIANA VIVO,Тюль,2039755196148,220985981,51741299271,50780424266,,Выдано,2026-04-14 17:01:33,2026-04-17 11:23:41,,"Возврат товара, который приехал по МП, продавцу",2026-04-11,,4820718085,mp.fb17baa7639c45e6ae23b0b427b39ec8.r,"Тверь, Улица Вагжанова 21",211256
VELO MONTI ROMA,Тюль,2040608919753,242396664,52477829722,50975215637,,Выдано,2026-04-18 09:57:00,2026-04-23 13:15:45,,"Возврат товара, который приехал по МП, продавцу",2026-04-12,,4880593791,mp.0295c98b87d34d22ad6c3263fcffd4fb.r,"Тверь, Улица Вагжанова 21",211256
ADRIANA VIVO,Тюль,2036874133979,104729416,51783917294,48942378770,,Выдано,2026-04-19 09:04:20,2026-04-23 13:15:45,,"Возврат товара, который приехал по МП, продавцу",2026-04-12,,4825479986,mp.2e34ad6d1564411b8af265dc736f8af6.r,"Тверь, Улица Вагжанова 21",211256
ADRIANA ADAGIO,Тюль,2040673646226,244226841,52336798872,50640523119,,Выдано,2026-04-14 09:55:58,2026-04-14 11:02:34,,"Возврат товара, который приехал по МП, продавцу",2026-04-12,,4867468137,mp.5d7b601dbdc14e3d89a79a5e0968e8e6.r,"Тверь, Улица Вагжанова 21",211256
ADRIANA ADAGIO,Тюль,2040673646530,244226689,52489301164,49202657785,,Выдано,2026-04-16 09:33:10,2026-04-17 11:23:41,,"Возврат товара, который приехал по МП, продавцу",2026-04-12,,4882376002,mp.6281d67ad1b2425e80a7e15d6c6a8a96.r,"Тверь, Улица Вагжанова 21",211256
VELO MONTI MILANO,Тюль,2040737560802,246094489,52524718698,44637810222,,Выдано,2026-04-16 18:23:48,2026-04-17 11:23:41,,"Возврат товара, который приехал по МП, продавцу",2026-04-12,,4883007015,mp.aaadaf1712f6497cada88302f951c810.r,"Тверь, Улица Вагжанова 21",211256
ADRIANA ADAGIO,Тюль,2040673645649,244226817,52610245164,49231147518,,Выдано,2026-04-15 09:20:37,2026-04-17 11:23:41,,"Возврат товара, который приехал по МП, продавцу",2026-04-12,,4892949569,mp.c3bbcbdf2fb04c138ff2477e4212e572.r,"Тверь, Улица Вагжанова 21",211256
ADRIANA CANTO,Шторы интерьерные,2040191803170,234407456,34121633688,34121633688,,Выдано,2026-04-17 09:54:35,2026-04-17 11:23:41,,Возврат брака,2026-04-13,,0,bef4d01bb86f4420906a103274e68a9a,"Тверь, Улица Вагжанова 21",211256
VELO MONTI ROMA,Тюль,2040637384300,242971108,52559121645,50691186919,,Выдано,2026-04-18 10:02:45,2026-04-23 13:15:45,,"Возврат товара, который приехал по МП, продавцу",2026-04-13,,4886734835,mp.30c4a27fbc3f47098048d1448dc09d5b.r,"Тверь, Улица Вагжанова 21",211256
ADRIANA CASA,Шторы интерьерные,2038757481580,181095900,52009652234,50909971486,,Выдано,2026-04-20 12:42:47,2026-04-23 13:15:45,,"Возврат товара, который приехал по МП, продавцу",2026-04-13,,4842807801,mp.32ed2735162c477383a2570e47d09fea.r,"Тверь, Улица Вагжанова 21",211256
ADRIANA CANTO,Шторы интерьерные,2040191803255,234407644,52694955198,50780323413,,Выдано,2026-04-17 19:33:20,2026-04-23 13:15:45,,"Возврат товара, который приехал по МП, продавцу",2026-04-13,,4897041755,mp.3f3289e1fda640e887bdf7dda1f02eb2.r,"Тверь, Улица Вагжанова 21",211256
ADRIANA ADAGIO,Тюль,2040673646226,244226841,33541889901,33541889901,,Выдано,2026-04-16 10:34:54,2026-04-17 11:23:41,,"Возврат товара, который приехал по МП, продавцу",2026-04-13,,4867468132,mp.459b0c66623c4d5ea8103fde3713c7e4.r,"Тверь, Улица Вагжанова 21",211256
ADRIANA BELLA,Шторы интерьерные,2040797512155,248263697,52393204256,50423805108,,Выдано,2026-04-17 12:49:49,2026-04-23 13:15:45,,"Возврат товара, который приехал по МП, продавцу",2026-04-13,,4873848264,mp.4cc854dc2a934d9c8b4de9dba937f8c4.r,"Тверь, Улица Вагжанова 21",211256
VELO MONTI PARMA,Тюль,2040388383096,237500255,52008547707,50588221558,,Выдано,2026-04-24 09:40:03,2026-04-28 13:57:10,,"Возврат товара, который приехал по МП, продавцу",2026-04-13,,4841703086,mp.6186de8766374c7d98b06b83e38ce669.r,"Тверь, Улица Вагжанова 21",211256
ADRIANA STELLA,Шторы интерьерные,2038087023702,166694067,52605807215,50333969255,,Выдано,2026-04-19 08:47:58,2026-04-23 13:15:45,,"Возврат товара, который приехал по МП, продавцу",2026-04-13,,4892195339,mp.786d33d8fa76414398243b993507a618.r,"Тверь, Улица Вагжанова 21",211256
VELO MONTI PARMA,Тюль,2040388383096,237500255,52008547709,51399717427,,Выдано,2026-04-24 09:40:13,2026-04-28 13:57:10,,"Возврат товара, который приехал по МП, продавцу",2026-04-13,,4841703088,mp.791f952b5edd4bc7a6bdcd3d3c80a9c4.r,"Тверь, Улица Вагжанова 21",211256
ADRIANA FESTA,Шторы интерьерные,2048917564220,818378001,52524532262,51185430932,,Выдано,2026-04-16 09:28:10,2026-04-17 11:23:41,,"Возврат товара, который приехал по МП, продавцу",2026-04-13,,4882820500,mp.94afb1a4fbd0483ab40dcee8c1a8cde4.r,"Тверь, Улица Вагжанова 21",211256
ADRIANA FESTA,Шторы интерьерные,2048838836840,810348906,52524532260,51185430936,,Выдано,2026-04-16 09:39:29,2026-04-17 11:23:41,,"Возврат товара, который приехал по МП, продавцу",2026-04-13,,4882820497,mp.9c7945291ba641f69e8aaa9cca67d9e2.r,"Тверь, Улица Вагжанова 21",211256
ADRIANA CANTO,Шторы интерьерные,2040191803255,234407644,52694955203,50993005105,,Выдано,2026-04-17 09:58:05,2026-04-17 11:23:41,,"Возврат товара, который приехал по МП, продавцу",2026-04-13,,4897041756,mp.a90a7d543d5e4a18875e017460778a8f.r,"Тверь, Улица Вагжанова 21",211256
VELO MONTI ROMA,Тюль,2040586047318,241713127,52559120073,50691186923,,Выдано,2026-04-18 12:19:19,2026-04-23 13:15:45,,"Возврат товара, который приехал по МП, продавцу",2026-04-13,,4886733262,mp.b3ff108436de472da741f8ed2a1330f1.r,"Тверь, Улица Вагжанова 21",211256
ADRIANA CASA,Шторы интерьерные,2038757480583,181095866,52653533944,52653533944,,Выдано,2026-04-17 12:54:06,2026-04-23 13:15:45,,"Возврат товара, который приехал по МП, продавцу",2026-04-13,,4895477599,mp.b472dc5d76534cde9a4ef65829c497ab.r,"Тверь, Улица Вагжанова 21",211256
ADRIANA FESTA,Шторы интерьерные,2048838837748,810348999,52699185559,50669177081,,Выдано,2026-04-16 10:59:23,2026-04-17 11:23:41,,"Возврат товара, который приехал по МП, продавцу",2026-04-13,,4897949637,mp.cca35987e1ce42e798b9017eae5a2226.r,"Тверь, Улица Вагжанова 21",211256
ADRIANA FESTA,Шторы интерьерные,2048838837182,810348943,52711441841,49493730605,,Выдано,2026-04-16 09:28:37,2026-04-17 11:23:41,,"Возврат товара, который приехал по МП, продавцу",2026-04-13,,4899246224,mp.d451a22bcb994b669b9690cf743f542e.r,"Тверь, Улица Вагжанова 21",211256
ADRIANA CANTO,Шторы интерьерные,2040191803163,234407487,52694955199,50780323421,,Выдано,2026-04-17 09:58:44,2026-04-17 11:23:41,,"Возврат товара, который приехал по МП, продавцу",2026-04-13,,4897041754,mp.d731b97ed4914bc08d6b6a63a6eb41f4.r,"Тверь, Улица Вагжанова 21",211256
ADRIANA CANTO,Шторы интерьерные,2040191803255,234407644,52694955204,50780323417,,Выдано,2026-04-17 09:54:26,2026-04-17 11:23:41,,"Возврат товара, который приехал по МП, продавцу",2026-04-13,,4897041758,mp.dbb22fd2d3b94097882078e291aa8e9e.r,"Тверь, Улица Вагжанова 21",211256
ADRIANA LENTO,Тюль,2040681265532,244447250,52557636337,50992504153,,Выдано,2026-04-16 10:43:38,2026-04-17 11:23:41,,"Возврат товара, который приехал по МП, продавцу",2026-04-13,,4885822020,mp.dea52d2e42724c0094f45adb5fa18938.r,"Тверь, Улица Вагжанова 21",211256
VELO MONTI ROMA,Тюль,2040637383686,242971087,52545512741,49129400877,,Выдано,2026-04-19 08:44:34,2026-04-23 13:15:45,,"Возврат товара, который приехал по МП, продавцу",2026-04-13,,4884219656,mp.e550e1fa32fc4652b678a97c65bf82a2.r,"Тверь, Улица Вагжанова 21",211256
ADRIANA ADAGIO,Тюль,2042475298627,117939291,52589624504,50761542756,,Выдано,2026-04-25 09:49:50,2026-04-28 13:57:10,,"Возврат товара, который приехал по МП, продавцу",2026-04-14,,4890076912,mp.19d31b3945d5465eb75aabcf7e0f4474.r,"Тверь, Улица Вагжанова 21",211256
ADRIANA VIVO,Тюль,2036880152261,105128466,52610956710,51391593513,,Выдано,2026-04-17 09:52:45,2026-04-17 11:23:41,,"Возврат товара, который приехал по МП, продавцу",2026-04-14,,4893108738,mp.2d965f2f6b184b6c89af60835b0abbc5.r,"Тверь, Улица Вагжанова 21",211256
ADRIANA LENTO,Тюль,2040681265532,244447250,52557636332,51085929567,,Выдано,2026-04-16 10:33:58,2026-04-17 11:23:41,,"Возврат товара, который приехал по МП, продавцу",2026-04-14,,4885822019,mp.31fe346c7ec144ecb32ed9c1134dfecf.r,"Тверь, Улица Вагжанова 21",211256
ADRIANA LARGO,Тюль,2039755124271,220984108,52694785049,51105855581,,Выдано,2026-04-19 12:33:37,2026-04-23 13:15:45,,"Возврат товара, который приехал по МП, продавцу",2026-04-14,,4896848242,mp.3d0d21a145844ad3929b907bdc9f0fe6.r,"Тверь, Улица Вагжанова 21",211256
ADRIANA CALMA,Шторы интерьерные,2043749262009,396849775,52235590131,51210388042,,Выдано,2026-04-17 12:13:33,2026-04-23 13:15:45,,"Возврат товара, который приехал по МП, продавцу",2026-04-14,,4857590307,mp.5247d16ac39a470c9b1e98ba1a80cba9.r,"Тверь, Улица Вагжанова 21",211256
ADRIANA CASA,Шторы интерьерные,2044039075231,420226087,52713401275,50648688630,,Выдано,2026-04-17 09:36:58,2026-04-17 11:23:41,,"Возврат товара, который приехал по МП, продавцу",2026-04-14,,4899773204,mp.75eb7210b779497698af0915e9299381.r,"Тверь, Улица Вагжанова 21",211256
VELO MONTI MILANO,Тюль,2040737560260,246094458,52305672382,49418301599,,Выдано,2026-04-18 09:51:57,2026-04-23 13:15:45,,"Возврат товара, который приехал по МП, продавцу",2026-04-14,,4863384810,mp.8683c96f873847fba14b73543f12f80b.r,"Тверь, Улица Вагжанова 21",211256
ADRIANA CASA,Шторы интерьерные,2038757481702,181095901,52246598107,50688172079,,Выдано,2026-04-17 12:51:09,2026-04-23 13:15:45,,"Возврат товара, который приехал по МП, продавцу",2026-04-14,,4858565037,mp.8dc2a3aca62248899d1c6a6ef437cc73.r,"Тверь, Улица Вагжанова 21",211256
ADRIANA LENTO,Тюль,2040681265532,244447250,52557636338,51085929563,,Выдано,2026-04-16 10:33:59,2026-04-17 11:23:41,,"Возврат товара, который приехал по МП, продавцу",2026-04-14,,4885822021,mp.91e9048f4f844c0fbd7c15327693ce2a.r,"Тверь, Улица Вагжанова 21",211256
ADRIANA CANTO,Шторы интерьерные,2040191803057,234407664,52246329345,50753838362,,Выдано,2026-04-24 09:02:09,2026-04-28 13:57:10,,"Возврат товара, который приехал по МП, продавцу",2026-04-14,,4858293998,mp.a00687e19e27460483d18ea12a256086.r,"Тверь, Улица Вагжанова 21",211256
ADRIANA ADAGIO,Тюль,2042475298627,117939291,52589624503,50761542752,,Выдано,2026-04-25 09:49:49,2026-04-28 13:57:10,,"Возврат товара, который приехал по МП, продавцу",2026-04-14,,4890076911,mp.d5ca23b05f2640368f23b6da827ab739.r,"Тверь, Улица Вагжанова 21",211256
ADRIANA FESTA,Шторы интерьерные,2048917565999,818378224,52253669268,52253669268,,Отмена по задержке,,,,"Возврат товара, который приехал по МП, продавцу",2026-04-15,,4861667033,mp.16742e70632741bab10583f1deacb9e8.r,"Тверь, Улица Вагжанова 21",211256
ADRIANA CASA,Шторы интерьерные,2043048880249,345232968,52711376026,52711376026,,Отмена по задержке,,,,"Возврат товара, который приехал по МП, продавцу",2026-04-15,,4899157817,mp.17a6c618c7ff485cb6c14b04c0ffd678.r,"Тверь, Улица Вагжанова 21",211256
VELO MONTI MILANO,Тюль,2040737560963,246094599,52786679099,50506365514,,Выдано,2026-04-18 12:27:25,2026-04-23 13:15:45,,"Возврат товара, который приехал по МП, продавцу",2026-04-15,,4904585139,mp.3f266811dd9048a194417f4ec3a6050f.r,"Тверь, Улица Вагжанова 21",211256
VELO MONTI MILANO,Тюль,2040747328362,246377473,52546126009,52546126009,,Отмена по задержке,,,,"Возврат товара, который приехал по МП, продавцу",2026-04-15,,4884832671,mp.4ed929850c474a4280ee3b6efb43239a.r,"Тверь, Улица Вагжанова 21",211256
ADRIANA LENTO,Тюль,2021744880466,65643054,52785522252,52785522252,,Отмена по задержке,,,,"Возврат товара, который приехал по МП, продавцу",2026-04-15,,4903994157,mp.4fa648158dc44f398a2089b01c3bdf45.r,"Тверь, Улица Вагжанова 21",211256
ADRIANA CASA,Шторы интерьерные,2038757481337,181095884,32324452015,32324452015,,Выдано,2026-04-23 09:24:27,2026-04-23 13:15:45,,"Возврат товара, который приехал по МП, продавцу",2026-04-15,,4851695699,mp.52273c8e50444f12a82506a0756d5f18.r,"Тверь, Улица Вагжанова 21",211256
ADRIANA LENTO,Тюль,2044506197626,120366333,52545102720,52545102720,,Отмена по задержке,,,,"Возврат товара, который приехал по МП, продавцу",2026-04-15,,4883809027,mp.857a199fb6574e1fa7fc644c37417cfa.r,"Тверь, Улица Вагжанова 21",211256
ADRIANA LENTO,Тюль,2040681267215,244447129,52790763824,52790763824,,Отмена по задержке,,,,"Возврат товара, который приехал по МП, продавцу",2026-04-15,,4907063422,mp.9379407edc6241ba853a03cc067011ff.r,"Тверь, Улица Вагжанова 21",211256
ADRIANA FESTA,Шторы интерьерные,2048917565555,818378168,52815095779,52815095779,,Отмена по задержке,,,,"Возврат товара, который приехал по МП, продавцу",2026-04-15,,4910179106,mp.9b0ec08df2c94d77a6bc2caea44870a7.r,"Тверь, Улица Вагжанова 21",211256
ADRIANA ADAGIO,Тюль,2040673646554,244226724,52476672424,52476672424,,Отмена по задержке,,,,"Возврат товара, который приехал по МП, продавцу",2026-04-15,,4879435215,mp.bf339636627d40c9980394476d76b300.r,"Тверь, Улица Вагжанова 21",211256
ADRIANA LENTO,Тюль,2021744880466,65643054,52785522255,52785522255,,Отмена по задержке,,,,"Возврат товара, который приехал по МП, продавцу",2026-04-15,,4903994161,mp.d8dd8ca39d244f01bb3cda81f710be66.r,"Тверь, Улица Вагжанова 21",211256
VELO MONTI MILANO,Тюль,2040747328362,246377473,52546126006,52546126006,,Отмена по задержке,,,,"Возврат товара, который приехал по МП, продавцу",2026-04-15,,4884832670,mp.ddb42962beb84165903eabd7e09f17d5.r,"Тверь, Улица Вагжанова 21",211256
ADRIANA LENTO,Тюль,2044506197626,120366333,52545102721,52545102721,,Отмена по задержке,,,,"Возврат товара, который приехал по МП, продавцу",2026-04-15,,4883809026,mp.ea9fda1984df4b76b02b80f477f7f05c.r,"Тверь, Улица Вагжанова 21",211256
ADRIANA CALMA,Шторы интерьерные,2043749455562,396860460,52812237956,52812237956,,Отмена по задержке,,,,"Возврат товара, который приехал по МП, продавцу",2026-04-15,,4908406322,mp.fca5ce7d1f9b4727916626224428bf43.r,"Тверь, Улица Вагжанова 21",211256
ADRIANA CANTO,Шторы интерьерные,2040191803798,234407655,52395429307,50526436818,,Выдано,2026-04-24 09:11:29,2026-04-28 13:57:10,,"Возврат товара, который приехал по МП, продавцу",2026-04-15,,4876073793,mp.fd9b4861320145c99b1ff08d9c157d43.r,"Тверь, Улица Вагжанова 21",211256
ADRIANA CANTO,Шторы интерьерные,2040191803798,234407655,52395429304,50526436814,,Выдано,2026-04-24 09:10:40,2026-04-28 13:57:10,,"Возврат товара, который приехал по МП, продавцу",2026-04-15,,4876073792,mp.ff2e9b57a63648cfa6f9741b0e1c2589.r,"Тверь, Улица Вагжанова 21",211256
ADRIANA VIVO,Тюль,2037547868433,149517344,52310935043,52310935043,,Отмена по задержке,,,,"Возврат товара, который приехал по МП, продавцу",2026-04-16,,4864334324,mp.020b6a8e55d947dea26398040be72c0e.r,"Тверь, Улица Вагжанова 21",211256
ADRIANA LENTO,Тюль,2040681265471,244447238,52785760095,52785760095,,Отмена по задержке,,,,"Возврат товара, который приехал по МП, продавцу",2026-04-16,,4904232053,mp.2d08c622c607413d87268ad43c85a0bd.r,"Тверь, Улица Вагжанова 21",211256
VELO MONTI ROMA,Тюль,2040606946232,242307887,52681724639,52681724639,,Отмена по задержке,,,,"Возврат товара, который приехал по МП, продавцу",2026-04-16,,4896017040,mp.4593fb2ef56b42868c5bf225a5f2441c.r,"Тверь, Улица Вагжанова 21",211256
VELO MONTI PARMA,Тюль,2040413486921,237988936,52392031761,52392031761,,Отмена по задержке,,,,"Возврат товара, который приехал по МП, продавцу",2026-04-16,,4872675689,mp.5db5eddd120e4140a68f21460cfada07.r,"Тверь, Улица Вагжанова 21",211256
ADRIANA DONNA,Шторы интерьерные,2040848774839,249850149,52475211743,48711525749,,Выдано,2026-04-19 09:35:06,2026-04-23 13:15:45,,"Возврат товара, который приехал по МП, продавцу",2026-04-16,,4878533297,mp.5fe4226e9ba341cfb27dcaa8bc8d8e0f.r,"Тверь, Улица Вагжанова 21",211256
ADRIANA ADAGIO,Тюль,2040673647285,244226784,52601195451,51391228762,,Выдано,2026-04-18 10:03:07,2026-04-23 13:15:45,,"Возврат товара, который приехал по МП, продавцу",2026-04-16,,4891117952,mp.6c1b4d353c6a4361ae9b603bce6749ba.r,"Тверь, Улица Вагжанова 21",211256
ADRIANA LENTO,Тюль,2040681265471,244447238,52815053364,52815053364,,Отмена по задержке,,,,"Возврат товара, который приехал по МП, продавцу",2026-04-16,,4910136631,mp.a3f9903010af4b22b94d5cffb83503ea.r,"Тверь, Улица Вагжанова 21",211256
VELO MONTI VERONA,Тюль,2040769367363,247049486,52762217031,48570450384,,Выдано,2026-04-19 09:36:09,2026-04-23 13:15:45,,"Возврат товара, который приехал по МП, продавцу",2026-04-16,,4902558468,mp.b9b683f7128b41648069e0ae123b1391.r,"Тверь, Улица Вагжанова 21",211256
ADRIANA STELLA,Шторы интерьерные,2038087023795,166694065,52755620290,52755620290,,Отмена по задержке,,,,"Возврат товара, который приехал по МП, продавцу",2026-04-16,,4900725098,mp.c93f993c7916412c8fb21ca2739bbe1c.r,"Тверь, Улица Вагжанова 21",211256
VELO MONTI VERONA,Тюль,2040769367363,247049486,52762217032,48570450380,,Выдано,2026-04-19 09:36:11,2026-04-23 13:15:45,,"Возврат товара, который приехал по МП, продавцу",2026-04-16,,4902558469,mp.ccb0ec1041ac42c0b8b2c0cdd15c0e73.r,"Тверь, Улица Вагжанова 21",211256
VELO MONTI ROMA,Тюль,2040606947314,242307989,52681836163,52681836163,,Отмена по задержке,,,,"Возврат товара, который приехал по МП, продавцу",2026-04-16,,4896044146,mp.d25e2f99155b42c99a5c2bf0d6d38c93.r,"Тверь, Улица Вагжанова 21",211256
VELO MONTI ROMA,Тюль,2040639722773,243085405,52825997718,51112262951,,Выдано,2026-04-20 09:53:44,2026-04-23 13:15:45,,"Возврат товара, который приехал по МП, продавцу",2026-04-17,,4911977089,mp.01dfb781ad184103a70a63c37b8ca372.r,"Тверь, Улица Вагжанова 21",211256
ADRIANA LARGO,Тюль,2039755122734,220984212,52815902765,50986930771,,Выдано,2026-04-20 09:47:19,2026-04-23 13:15:45,,"Возврат товара, который приехал по МП, продавцу",2026-04-17,,4910986468,mp.0a8b339e47f346a0b9db9eb08af0f717.r,"Тверь, Улица Вагжанова 21",211256
ADRIANA STELLA,Шторы интерьерные,2038529411777,175100430,52760812783,50568756245,,Выдано,2026-04-20 09:15:16,2026-04-23 13:15:45,,"Возврат товара, который приехал по МП, продавцу",2026-04-17,,4901143465,mp.0ba62ef837764c9b9728b1517997cea8.r,"Тверь, Улица Вагжанова 21",211256
ADRIANA LARGO,Тюль,2039755122734,220984212,52815528434,50986930779,,Выдано,2026-04-20 09:47:15,2026-04-23 13:15:45,,"Возврат товара, который приехал по МП, продавцу",2026-04-17,,4910612337,mp.1340cf58018548fd8bf76e8657bc6567.r,"Тверь, Улица Вагжанова 21",211256
VELO MONTI MILANO,Тюль,2040737560604,246094639,52815313037,47062456182,,Выдано,2026-04-20 09:20:01,2026-04-23 13:15:45,,"Возврат товара, который приехал по МП, продавцу",2026-04-17,,4910396586,mp.189196bb49ba4758af8ae31bac36c80d.r,"Тверь, Улица Вагжанова 21",211256
ADRIANA STELLA,Шторы интерьерные,2038515515243,174855546,52760814709,51068629231,,Выдано,2026-04-20 09:15:32,2026-04-23 13:15:45,,"Возврат товара, который приехал по МП, продавцу",2026-04-17,,4901144522,mp.35a09fb130eb462ab56e5e19e674b43f.r,"Тверь, Улица Вагжанова 21",211256
ADRIANA ADAGIO,Тюль,2040673647278,244226759,52814341627,49490520618,,Выдано,2026-04-20 09:01:26,2026-04-23 13:15:45,,"Возврат товара, который приехал по МП, продавцу",2026-04-17,,4909983261,mp.39556dce3c63432a9c1a926a7cf91976.r,"Тверь, Улица Вагжанова 21",211256
ADRIANA ADAGIO,Тюль,2040673647315,244226863,52693527186,49129004756,,Выдано,2026-04-20 09:09:06,2026-04-23 13:15:45,,"Возврат товара, который приехал по МП, продавцу",2026-04-17,,4896322491,mp.4e02e22239a34562aef6155c4f67f50f.r,"Тверь, Улица Вагжанова 21",211256
ADRIANA ADAGIO,Тюль,2042616462627,118053719,52140738597,50782848025,,Выдано,2026-04-20 12:51:15,2026-04-23 13:15:45,,"Возврат товара, который приехал по МП, продавцу",2026-04-17,,4849392590,mp.569f1134f0244fc299aca8f9aa209c8c.r,"Тверь, Улица Вагжанова 21",211256
ADRIANA ADAGIO,Тюль,2037545158086,149403520,52896042194,51189714786,,Выдано,2026-04-20 09:47:08,2026-04-23 13:15:45,,"Возврат товара, который приехал по МП, продавцу",2026-04-17,,4917145274,mp.5cf8178fb0864d208f1d35e5a591c37c.r,"Тверь, Улица Вагжанова 21",211256
ADRIANA LENTO,Тюль,2040681266812,244447326,52872362681,50673465367,,Выдано,2026-04-21 11:21:24,2026-04-23 13:15:45,,"Возврат товара, который приехал по МП, продавцу",2026-04-17,,4913520619,mp.697c12c018ff466bb4c2fefc1a6a91b8.r,"Тверь, Улица Вагжанова 21",211256
ADRIANA LARGO,Тюль,2039755122710,220984049,52435140034,50666305067,,Выдано,2026-04-20 09:39:45,2026-04-23 13:15:45,,"Возврат товара, который приехал по МП, продавцу",2026-04-17,,4877343546,mp.78a113f4965a4efb8570189a98b2c91c.r,"Тверь, Улица Вагжанова 21",211256
ADRIANA CASA,Шторы интерьерные,2044039075149,420226070,52875633164,52875633164,,Выдано,2026-04-19 12:23:17,2026-04-23 13:15:45,,"Возврат товара, который приехал по МП, продавцу",2026-04-17,,4913760250,mp.8f656186245048cb8b35bb655e106af8.r,"Тверь, Улица Вагжанова 21",211256
ADRIANA CALMA,Шторы интерьерные,2038597273062,176482112,52790653890,52790653890,,Выдано,2026-04-22 09:57:33,2026-04-23 13:15:45,,"Возврат товара, который приехал по МП, продавцу",2026-04-17,,4906952950,mp.983ca1cdba6f40e98060e4eed301ddd5.r,"Тверь, Улица Вагжанова 21",211256
ADRIANA VIVO,Тюль,2039755197336,220985815,52393230075,50571382123,,Выдано,2026-04-21 09:48:53,2026-04-23 13:15:45,,"Возврат товара, который приехал по МП, продавцу",2026-04-17,,4873874096,mp.a32f33bb5760447782900b3847087ebd.r,"Тверь, Улица Вагжанова 21",211256
ADRIANA LARGO,Тюль,2038279976557,171828940,52815084745,50689803624,,Выдано,2026-04-21 11:27:02,2026-04-23 13:15:45,,"Возврат товара, который приехал по МП, продавцу",2026-04-17,,4910168057,mp.a52bd041808f423c960b332b3d9e3e5b.r,"Тверь, Улица Вагжанова 21",211256
ADRIANA STELLA,Шторы интерьерные,2038529411777,175100430,52831588099,51068629227,,Выдано,2026-04-20 09:15:24,2026-04-23 13:15:45,,"Возврат товара, который приехал по МП, продавцу",2026-04-17,,4912560526,mp.acd03aa173804795b31dedaa71cf6244.r,"Тверь, Улица Вагжанова 21",211256
ADRIANA LARGO,Тюль,2039755122734,220984212,52815528437,50986930767,,Выдано,2026-04-20 09:47:03,2026-04-23 13:15:45,,"Возврат товара, который приехал по МП, продавцу",2026-04-17,,4910612336,mp.b882bd5ae6a34c109c58a7ee21d7654a.r,"Тверь, Улица Вагжанова 21",211256
ADRIANA LARGO,Тюль,2039755122734,220984212,52815902766,50986930775,,Выдано,2026-04-20 09:47:06,2026-04-23 13:15:45,,"Возврат товара, который приехал по МП, продавцу",2026-04-17,,4910986469,mp.bdce5577ac294c819d4245f94746bde2.r,"Тверь, Улица Вагжанова 21",211256
ADRIANA ADAGIO,Тюль,2042616462627,118053719,52140738593,50782848021,,Выдано,2026-04-20 12:45:17,2026-04-23 13:15:45,,"Возврат товара, который приехал по МП, продавцу",2026-04-17,,4849392589,mp.cd2c5c472fac46a6a1306f5fb99982c6.r,"Тверь, Улица Вагжанова 21",211256
VELO MONTI MILANO,Тюль,2040737560604,246094639,52815313038,47062456178,,Выдано,2026-04-20 09:18:50,2026-04-23 13:15:45,,"Возврат товара, который приехал по МП, продавцу",2026-04-17,,4910396587,mp.e50a4258aa5a491689cb0ba469d28f59.r,"Тверь, Улица Вагжанова 21",211256
VELO MONTI ROMA,Тюль,2040637383198,242971172,52785389734,51288241326,,Выдано,2026-04-23 09:41:53,2026-04-23 13:15:45,,"Возврат товара, который приехал по МП, продавцу",2026-04-18,,4903861476,mp.1003d4a1dc0e44aea9de55a67e4aa855.r,"Тверь, Улица Вагжанова 21",211256
VELO MONTI MILANO,Тюль,2040737561533,246094537,52955627543,50493691772,,Выдано,2026-04-20 18:15:17,2026-04-23 13:15:45,,"Возврат товара, который приехал по МП, продавцу",2026-04-18,,4923181259,mp.159ee9515e7f4486918eeeaf98f05ae1.r,"Тверь, Улица Вагжанова 21",211256
ADRIANA LENTO,Тюль,2040681266058,244447186,52393430720,47268057007,,Выдано,2026-04-27 09:09:46,2026-04-28 13:57:10,,"Возврат товара, который приехал по МП, продавцу",2026-04-18,,4874073813,mp.24366a170e504af09e0b8b84cd27ee20.r,"Тверь, Улица Вагжанова 21",211256
ADRIANA ADAGIO,Тюль,2040673647285,244226784,52153507528,36882686096,,Выдано,2026-04-23 13:21:44,2026-04-28 13:57:10,,"Возврат товара, который приехал по МП, продавцу",2026-04-18,,4850346609,mp.464b2d026a234389add01c5b7f384b2e.r,"Тверь, Улица Вагжанова 21",211256
ADRIANA LENTO,Тюль,2040681266058,244447186,52393430721,47268056999,,Выдано,2026-04-27 13:23:22,2026-04-28 13:57:10,,"Возврат товара, который приехал по МП, продавцу",2026-04-18,,4874073814,mp.4ee317bd5c4e42feac47e513b67e1617.r,"Тверь, Улица Вагжанова 21",211256
VELO MONTI VERONA,Тюль,2040768276611,246980227,52897690632,49041128526,,Выдано,2026-04-22 09:44:14,2026-04-23 13:15:45,,"Возврат товара, который приехал по МП, продавцу",2026-04-18,,4918144262,mp.55a70401319543a78c9dd8afd069bf81.r,"Тверь, Улица Вагжанова 21",211256
ADRIANA LENTO,Тюль,2023009228075,68186859,52826251454,49093846189,,Выдано,2026-04-21 15:23:26,2026-04-23 13:15:45,,"Возврат товара, который приехал по МП, продавцу",2026-04-18,,4912231060,mp.5b410299c3a2434a8bf7c77d1e048e23.r,"Тверь, Улица Вагжанова 21",211256
ADRIANA LENTO,Тюль,2040681265198,244447127,52897484672,50665082079,,Выдано,2026-04-20 18:23:32,2026-04-23 13:15:45,,"Возврат товара, который приехал по МП, продавцу",2026-04-18,,4917938197,mp.62e0b5fb3ae6458c8012ce07821da87a.r,"Тверь, Улица Вагжанова 21",211256
VELO MONTI ROMA,Тюль,2040637383198,242971172,52785388336,51288241324,,Выдано,2026-04-23 09:42:52,2026-04-23 13:15:45,,"Возврат товара, который приехал по МП, продавцу",2026-04-18,,4903860077,mp.728c8eeed1bf42b7b825fc7fa46cc20f.r,"Тверь, Улица Вагжанова 21",211256
ADRIANA LARGO,Тюль,2039755124561,220984204,52890474413,48787745963,,Выдано,2026-04-21 09:53:54,2026-04-23 13:15:45,,"Возврат товара, который приехал по МП, продавцу",2026-04-18,,4916713610,mp.8cf79df126994549b4ab0bb27aef3e74.r,"Тверь, Улица Вагжанова 21",211256
ADRIANA DONNA,Шторы интерьерные,2040848774822,249850128,52877368056,46354083255,,Выдано,2026-04-23 09:24:36,2026-04-23 13:15:45,,"Возврат товара, который приехал по МП, продавцу",2026-04-18,,4914846346,mp.91ec5ec1f0fe4d5aac37d08b4f7a6e9c.r,"Тверь, Улица Вагжанова 21",211256
VELO MONTI MILANO,Тюль,2040519492147,240119842,52955151205,50738467941,,Выдано,2026-04-20 13:26:17,2026-04-23 13:15:45,,"Возврат товара, который приехал по МП, продавцу",2026-04-18,,4922740616,mp.95fe1b4b567f422e9e47834b398a10c0.r,"Тверь, Улица Вагжанова 21",211256
ADRIANA CASA,Шторы интерьерные,2038757481535,181096027,52890421742,51133723178,,Выдано,2026-04-21 20:03:15,2026-04-23 13:15:45,,"Возврат товара, который приехал по МП, продавцу",2026-04-18,,4916660917,mp.9cba713ffac5432b84636585db1e5275.r,"Тверь, Улица Вагжанова 21",211256
ADRIANA ADAGIO,Тюль,2020383265054,63200844,52815628551,50846682156,,Выдано,2026-04-20 18:24:42,2026-04-23 13:15:45,,"Возврат товара, который приехал по МП, продавцу",2026-04-18,,4910712579,mp.a16c4801b38f42a88e6faf2883a25ab4.r,"Тверь, Улица Вагжанова 21",211256
ADRIANA LARGO,Тюль,2039755124561,220984204,52713194190,50572352272,,Выдано,2026-04-23 09:52:24,2026-04-23 13:15:45,,"Возврат товара, который приехал по МП, продавцу",2026-04-18,,4899564493,mp.a9a26f47ada34717b766beceb5696ab8.r,"Тверь, Улица Вагжанова 21",211256
VELO MONTI VERONA,Тюль,2040768276604,246980468,52611836316,49041128518,,Выдано,2026-04-22 09:48:53,2026-04-23 13:15:45,,"Возврат товара, который приехал по МП, продавцу",2026-04-18,,4917584472,mp.bee59707777f4a6e9eb31bf4b8f67f56.r,"Тверь, Улица Вагжанова 21",211256
VELO MONTI VERONA,Тюль,2040768276123,246980053,52831861857,50595936991,,Выдано,2026-04-20 18:29:21,2026-04-23 13:15:45,,"Возврат товара, который приехал по МП, продавцу",2026-04-18,,4912834542,mp.d628299905af47c0b5b39e72ad9d743b.r,"Тверь, Улица Вагжанова 21",211256
VELO MONTI MILANO,Тюль,2039905557782,227786280,52955620164,50493691784,,Выдано,2026-04-20 18:12:48,2026-04-23 13:15:45,,"Возврат товара, который приехал по МП, продавцу",2026-04-18,,4923177781,mp.e61664a85d8a43f3b1d43b4abb336ba1.r,"Тверь, Улица Вагжанова 21",211256
VELO MONTI VERONA,Тюль,2040768276123,246980053,52831861853,50595936993,,Выдано,2026-04-20 18:30:36,2026-04-23 13:15:45,,"Возврат товара, который приехал по МП, продавцу",2026-04-18,,4912834539,mp.f9f2f9f602b7404ba2cbb28a72d3d35f.r,"Тверь, Улица Вагжанова 21",211256
ADRIANA LENTO,Тюль,2040681265471,244447238,52785760095,32234600116,,Выдано,2026-04-20 12:55:47,2026-04-23 13:15:45,,Возврат неверного вложения,2026-04-19,,0,WH_RO_SRN_MW.e6b84109da0f46c9a077fe4b0466f240,"Тверь, Улица Вагжанова 21",211256
ADRIANA VIVO,Тюль,2037241494235,138175698,52875690059,51972719937,,Выдано,2026-04-22 10:18:16,2026-04-23 13:15:45,,"Возврат товара, который приехал по МП, продавцу",2026-04-19,,4913817164,mp.20590efd191b45efbe86e83a0808c8f6.r,"Тверь, Улица Вагжанова 21",211256
ADRIANA ADAGIO,Тюль,2037541774853,149260784,52603997472,51229831112,,Выдано,2026-04-24 09:22:18,2026-04-28 13:57:10,,"Возврат товара, который приехал по МП, продавцу",2026-04-19,,4891427761,mp.377adab693114c82ba18b5da017913ae.r,"Тверь, Улица Вагжанова 21",211256
VELO MONTI MILANO,Тюль,2040737561717,246094560,52955273487,52955273487,,Выдано,2026-04-28 12:46:57,2026-04-28 13:57:10,,"Возврат товара, который приехал по МП, продавцу",2026-04-19,,4922862937,mp.44e017ff66494b5a8908614bf94c19ab.r,"Тверь, Улица Вагжанова 21",211256
VELO MONTI VERONA,Тюль,2039900617719,227577732,52878896816,52878896816,,Выдано,2026-04-24 09:38:30,2026-04-28 13:57:10,,"Возврат товара, который приехал по МП, продавцу",2026-04-19,,4915875236,mp.b5ea2f10b71041c49dce3ce60711a6ff.r,"Тверь, Улица Вагжанова 21",211256
ADRIANA CALMA,Шторы интерьерные,2038597899705,176501731,52831607033,50674295623,,Выдано,2026-04-22 10:17:33,2026-04-23 13:15:45,,"Возврат товара, который приехал по МП, продавцу",2026-04-19,,4912579466,mp.b6b2031962e14bc4961e139691cce94d.r,"Тверь, Улица Вагжанова 21",211256
ADRIANA CASA,Шторы интерьерные,2038757481207,181095868,52900058071,52900058071,,Выдано,2026-04-23 13:33:11,2026-04-28 13:57:10,,"Возврат товара, который приехал по МП, продавцу",2026-04-19,,4919934827,mp.ca3d1128c8284478bbf7b77cc5e4f238.r,"Тверь, Улица Вагжанова 21",211256
ADRIANA LENTO,Тюль,2044508071627,120371366,52879002583,51068553276,,Выдано,2026-04-21 09:56:01,2026-04-23 13:15:45,,"Возврат товара, который приехал по МП, продавцу",2026-04-19,,4915981272,mp.d8430c5cd1c04c72b67829b9a97ccba5.r,"Тверь, Улица Вагжанова 21",211256
ADRIANA CALMA,Шторы интерьерные,2038597273086,176482182,52954133337,51541115463,,Выдано,2026-04-24 09:13:16,2026-04-28 13:57:10,,"Возврат товара, который приехал по МП, продавцу",2026-04-19,,4921721493,mp.db5021ff7a4941afa39963fe6b67e6ed.r,"Тверь, Улица Вагжанова 21",211256
VELO MONTI MILANO,Тюль,2040737561755,246094498,52585789436,38373126034,,Выдано,2026-04-22 09:50:25,2026-04-23 13:15:45,,"Возврат товара, который приехал по МП, продавцу",2026-04-19,,4889267217,mp.ee694b76151140de823491550d0e9aef.r,"Тверь, Улица Вагжанова 21",211256
ADRIANA CANTO,Шторы интерьерные,2040191802869,234407614,52477258594,49236439019,,Выдано,2026-04-29 09:43:07,2026-05-02 16:51:59,,"Возврат товара, который приехал по МП, продавцу",2026-04-19,,4880022223,mp.fb9e7fc902044448ab5ae2c32ce6bf1a.r,"Тверь, Улица Вагжанова 21",211256
ADRIANA ADAGIO,Тюль,2037545158024,149403515,35439662348,30210948735,,Выдано,2026-04-22 09:52:32,2026-04-23 13:15:45,,Возврат по инициативе продавца,2026-04-20,,0,36aea688-5e00-4cca-9895-195bdcb52ed9.0.0,"Тверь, Улица Вагжанова 21",211256
ADRIANA ADAGIO,Тюль,2040673647322,244226874,52876977847,50670655689,,Выдано,2026-05-01 14:28:58,2026-05-02 16:51:59,,"Возврат товара, который приехал по МП, продавцу",2026-04-20,,4914456280,mp.15b5b87dd24747208e7d4f0d72a0cc4c.r,"Тверь, Улица Вагжанова 21",211256
ADRIANA LENTO,Тюль,2040681266508,244447139,53003564055,47278983116,,Выдано,2026-04-24 14:02:17,2026-04-28 13:57:10,,"Возврат товара, который приехал по МП, продавцу",2026-04-20,,4928806494,mp.1c2b524ba5454da9922573bdd95beb5c.r,"Тверь, Улица Вагжанова 21",211256
ADRIANA LENTO,Тюль,2044507018623,120370282,53002814785,50651681196,,Выдано,2026-04-24 10:25:50,2026-04-28 13:57:10,,"Возврат товара, который приехал по МП, продавцу",2026-04-20,,4928058452,mp.37ca05ca2e6a4c1fab647c05d7c0c046.r,"Тверь, Улица Вагжанова 21",211256
ADRIANA BIANCO,Шторы интерьерные,2038557672447,175636613,52978607458,50734638265,,Выдано,2026-04-25 09:49:44,2026-04-28 13:57:10,,"Возврат товара, который приехал по МП, продавцу",2026-04-20,,4924934770,mp.51cb80610c0b4e53aa82acffd1b2b5cc.r,"Тверь, Улица Вагжанова 21",211256
ADRIANA ADAGIO,Тюль,2040673647346,244226779,52589281235,51190243219,,Выдано,2026-04-22 09:45:09,2026-04-23 13:15:45,,"Возврат товара, который приехал по МП, продавцу",2026-04-20,,4889731126,mp.70a895f44c994b98935acdbb5903721c.r,"Тверь, Улица Вагжанова 21",211256
ADRIANA LENTO,Тюль,2044507018623,120370282,53002814790,50651681200,,Выдано,2026-04-24 10:24:29,2026-04-28 13:57:10,,"Возврат товара, который приехал по МП, продавцу",2026-04-20,,4928058453,mp.78e18d4757e249e6a8b3dfc711454f0e.r,"Тверь, Улица Вагжанова 21",211256
ADRIANA LARGO,Тюль,2038279976564,171828889,52979871177,51972753313,,Выдано,2026-04-27 09:05:18,2026-04-28 13:57:10,,"Возврат товара, который приехал по МП, продавцу",2026-04-20,,4925639364,mp.88756f4f0af442a2a07891208cd52ea0.r,"Тверь, Улица Вагжанова 21",211256
ADRIANA LENTO,Тюль,2044507018623,120370282,53002814788,50651681192,,Выдано,2026-04-24 10:25:52,2026-04-28 13:57:10,,"Возврат товара, который приехал по МП, продавцу",2026-04-20,,4928058451,mp.92e0d0b161a0461a8d88ef5c4adf9b53.r,"Тверь, Улица Вагжанова 21",211256
VELO MONTI VERONA,Тюль,2040768277403,246980223,52876977848,50670655693,,Выдано,2026-05-01 14:25:54,2026-05-02 16:51:59,,"Возврат товара, который приехал по МП, продавцу",2026-04-20,,4914456283,mp.960414e500aa4e08aeec536c3361e979.r,"Тверь, Улица Вагжанова 21",211256
ADRIANA ADAGIO,Тюль,2040673647322,244226874,52897428515,50480238178,,Выдано,2026-04-24 10:23:55,2026-04-28 13:57:10,,"Возврат товара, который приехал по МП, продавцу",2026-04-20,,4917881992,mp.a1fd8356b22744b6b673ef2cbb9a7f57.r,"Тверь, Улица Вагжанова 21",211256
ADRIANA VIVO,Тюль,2039755197367,220985950,52877774133,42024177955,,Выдано,2026-04-24 09:31:41,2026-04-28 13:57:10,,"Возврат товара, который приехал по МП, продавцу",2026-04-20,,4915252987,mp.af5b96e036e34cf38b790e3fc51c3953.r,"Тверь, Улица Вагжанова 21",211256
ADRIANA VIVO,Тюль,2037545622358,149428995,52194520972,50853353577,,Выдано,2026-04-22 16:59:21,2026-04-23 13:15:45,,"Возврат товара, который приехал по МП, продавцу",2026-04-20,,4855435807,mp.b5e27e0ff62a4ef2b85c865bb7154cfb.r,"Тверь, Улица Вагжанова 21",211256
VELO MONTI VERONA,Тюль,2040768277403,246980223,52990141630,50777995813,,Выдано,2026-04-23 09:30:39,2026-04-23 13:15:45,,"Возврат товара, который приехал по МП, продавцу",2026-04-20,,4926339294,mp.c03449ad46a640c0a19dd980ee72b299.r,"Тверь, Улица Вагжанова 21",211256
VELO MONTI ROMA,Тюль,2040637384256,242971183,52900785306,51091510721,,Выдано,2026-04-24 09:21:33,2026-04-28 13:57:10,,"Возврат товара, который приехал по МП, продавцу",2026-04-20,,4920119929,mp.c74f7bb4898c437b9089f7de3364031d.r,"Тверь, Улица Вагжанова 21",211256
VELO MONTI VERONA,Тюль,2040768277595,246980444,52482251403,50821104967,,Выдано,2026-04-25 09:56:41,2026-04-28 13:57:10,,"Возврат товара, который приехал по МП, продавцу",2026-04-20,,4880905390,mp.ca73bb72466d4ea5b649f3b85f612f5c.r,"Тверь, Улица Вагжанова 21",211256
ADRIANA FESTA,Шторы интерьерные,2048917564145,818377989,52763021477,50770605213,,Выдано,2026-04-22 10:06:55,2026-04-23 13:15:45,,"Возврат товара, который приехал по МП, продавцу",2026-04-20,,4902754739,mp.df43992d14cd47bdb3312a6ed760f08c.r,"Тверь, Улица Вагжанова 21",211256
VELO MONTI VERONA,Тюль,2040768277403,246980223,52876977851,50670655701,,Выдано,2026-05-01 14:26:57,2026-05-02 16:51:59,,"Возврат товара, который приехал по МП, продавцу",2026-04-20,,4914456281,mp.e1929e6018ef4ece8b51278444f0e897.r,"Тверь, Улица Вагжанова 21",211256
ADRIANA VIVO,Тюль,2039755197367,220985950,52877774137,42024177959,,Выдано,2026-04-24 09:35:39,2026-04-28 13:57:10,,"Возврат товара, который приехал по МП, продавцу",2026-04-20,,4915252986,mp.e1ccaaa3fd044c2497382518796c56ec.r,"Тверь, Улица Вагжанова 21",211256
ADRIANA VIVO,Тюль,2037545622358,149428995,52194520971,50853353581,,Выдано,2026-04-22 16:58:55,2026-04-23 13:15:45,,"Возврат товара, который приехал по МП, продавцу",2026-04-20,,4855435805,mp.eafb24325c8e4a6db295faf4cf6c2898.r,"Тверь, Улица Вагжанова 21",211256
ADRIANA DONNA,Шторы интерьерные,2040861194362,250207899,52681802458,50565153340,,Выдано,2026-04-27 08:53:51,2026-04-28 13:57:10,,"Возврат товара, который приехал по МП, продавцу",2026-04-20,,4896099836,mp.fc24880cf9f24c21830b2565e56e8189.r,"Тверь, Улица Вагжанова 21",211256
ADRIANA ADAGIO,Тюль,2040673646745,244226809,53022436145,50525736524,,Выдано,2026-04-24 09:22:12,2026-04-28 13:57:10,,"Возврат товара, который приехал по МП, продавцу",2026-04-21,,4933336764,mp.08399fd6854a4f7bbfbe18dc2f572ee0.r,"Тверь, Улица Вагжанова 21",211256
ADRIANA CASA,Шторы интерьерные,2038757480835,181095955,53004608208,50733334267,,Выдано,2026-04-24 09:36:14,2026-04-28 13:57:10,,"Возврат товара, который приехал по МП, продавцу",2026-04-21,,4929350174,mp.43b89f231676492dbd4558d0e4e2e9fd.r,"Тверь, Улица Вагжанова 21",211256
ADRIANA FESTA,Шторы интерьерные,2048927914077,820169123,52875732625,50651899966,,Выдано,2026-04-26 09:44:04,2026-04-28 13:57:10,,"Возврат товара, который приехал по МП, продавцу",2026-04-21,,4913859755,mp.5fa495d930d2462181718334d2b94cc1.r,"Тверь, Улица Вагжанова 21",211256
VELO MONTI ROMA,Тюль,2040599653919,242077980,53031698826,50992467122,,Выдано,2026-04-23 12:30:40,2026-04-23 13:15:45,,"Возврат товара, который приехал по МП, продавцу",2026-04-21,,4938445554,mp.e04ec579bf05415ba94800cabb4b6194.r,"Тверь, Улица Вагжанова 21",211256
VELO MONTI MILANO,Тюль,2039905558000,227786134,52585788565,51979551435,,Выдано,2026-04-24 09:38:38,2026-04-28 13:57:10,,"Возврат товара, который приехал по МП, продавцу",2026-04-21,,4889266346,mp.f920e92992854222b84cccd138755a93.r,"Тверь, Улица Вагжанова 21",211256
ADRIANA CANTO,Шторы интерьерные,2040191802777,234407599,31704201753,48800785597,,Выдано,2026-04-24 09:21:09,2026-04-28 13:57:10,,Возврат брака,2026-04-22,,0,e0a27175973940f6a0f35fb6171cebc1,"Тверь, Улица Вагжанова 21",211256
ADRIANA ADAGIO,Тюль,2020411384009,63240614,52815688461,48961420997,,Выдано,2026-04-27 09:18:55,2026-04-28 13:57:10,,"Возврат товара, который приехал по МП, продавцу",2026-04-22,,4910772502,mp.0a44fcce301b4ce8a8c192d1c1532b5e.r,"Тверь, Улица Вагжанова 21",211256
ADRIANA CASA,Шторы интерьерные,2038757480439,181095867,53037808081,51801042630,,Выдано,2026-04-24 10:12:27,2026-04-28 13:57:10,,"Возврат товара, который приехал по МП, продавцу",2026-04-22,,4940314454,mp.1dcf010980c84486b50b10e9666d65d6.r,"Тверь, Улица Вагжанова 21",211256
ADRIANA ADAGIO,Тюль,2040673647247,244226760,53003085602,50656348553,,Выдано,2026-04-25 09:58:29,2026-04-28 13:57:10,,"Возврат товара, который приехал по МП, продавцу",2026-04-22,,4928329318,mp.2258442388604dfab81f994fc7c9a890.r,"Тверь, Улица Вагжанова 21",211256
ADRIANA ADAGIO,Тюль,2020383265061,63200837,52954072311,51543993098,,Выдано,2026-04-26 09:54:58,2026-04-28 13:57:10,,"Возврат товара, который приехал по МП, продавцу",2026-04-22,,4921660252,mp.23749d2e4269433ba815da5dd69dfbf8.r,"Тверь, Улица Вагжанова 21",211256
ADRIANA VIVO,Тюль,2039755197640,220985930,52816510309,50593057971,,Выдано,2026-04-26 09:55:19,2026-04-28 13:57:10,,"Возврат товара, который приехал по МП, продавцу",2026-04-22,,4911594133,mp.5b13645903404cd0b9e6768678111941.r,"Тверь, Улица Вагжанова 21",211256
ADRIANA ADAGIO,Тюль,2020533507065,63480989,52954072310,51543993100,,Выдано,2026-04-26 09:56:39,2026-04-28 13:57:10,,"Возврат товара, который приехал по МП, продавцу",2026-04-22,,4921660251,mp.5c99a4700b644f56a4f6cbb37e0405b4.r,"Тверь, Улица Вагжанова 21",211256
ADRIANA LARGO,Тюль,2039755123137,220984150,52815777728,50673632262,,Выдано,2026-04-24 10:12:56,2026-04-28 13:57:10,,"Возврат товара, который приехал по МП, продавцу",2026-04-22,,4910861890,mp.bc66a705a27c47619c0bfca4c8321dd5.r,"Тверь, Улица Вагжанова 21",211256
ADRIANA VIVO,Тюль,2036880152261,105128466,52890447831,50593057973,,Выдано,2026-04-26 09:56:12,2026-04-28 13:57:10,,"Возврат товара, который приехал по МП, продавцу",2026-04-22,,4916687014,mp.c7b02532444544c4ab515fd024573afc.r,"Тверь, Улица Вагжанова 21",211256
ADRIANA LARGO,Тюль,2039755123137,220984150,52815777731,50673632258,,Выдано,2026-04-24 10:13:14,2026-04-28 13:57:10,,"Возврат товара, который приехал по МП, продавцу",2026-04-22,,4910861889,mp.f7be2071f33349b094146fdb049f8a07.r,"Тверь, Улица Вагжанова 21",211256
ADRIANA DONNA,Шторы интерьерные,2040882123310,250674045,29021904142,33903169460,,Выдано,2026-04-25 09:57:38,2026-04-28 13:57:10,,Возврат по инициативе продавца,2026-04-23,,0,277d7dcd-0924-4d67-bdf0-87f82dc309ba.0.0,"Тверь, Улица Вагжанова 21",211256
ADRIANA DONNA,Шторы интерьерные,2040849051465,249874695,25480953771,42821849467,,Выдано,2026-04-25 09:53:36,2026-04-28 13:57:10,,Возврат по инициативе продавца,2026-04-23,,0,277d7dcd-0924-4d67-bdf0-87f82dc309ba.1.0,"Тверь, Улица Вагжанова 21",211256
ADRIANA DONNA,Шторы интерьерные,2040848774884,249850126,32733867044,42607080293,,Выдано,2026-04-25 09:49:51,2026-04-28 13:57:10,,Возврат по инициативе продавца,2026-04-23,,0,277d7dcd-0924-4d67-bdf0-87f82dc309ba.10.0,"Тверь, Улица Вагжанова 21",211256
ADRIANA DONNA,Шторы интерьерные,2040861194577,250207909,28562552007,43401169995,,Выдано,2026-04-25 09:53:50,2026-04-28 13:57:10,,Возврат по инициативе продавца,2026-04-23,,0,277d7dcd-0924-4d67-bdf0-87f82dc309ba.11.0,"Тверь, Улица Вагжанова 21",211256
ADRIANA DONNA,Шторы интерьерные,2040849051267,249874684,38689714646,31811925940,,Выдано,2026-04-25 09:45:36,2026-04-28 13:57:10,,Возврат по инициативе продавца,2026-04-23,,0,277d7dcd-0924-4d67-bdf0-87f82dc309ba.2.0,"Тверь, Улица Вагжанова 21",211256
ADRIANA DONNA,Шторы интерьерные,2040848775058,249850131,34471527067,33818743130,,Выдано,2026-04-25 09:57:44,2026-04-28 13:57:10,,Возврат по инициативе продавца,2026-04-23,,0,277d7dcd-0924-4d67-bdf0-87f82dc309ba.3.0,"Тверь, Улица Вагжанова 21",211256
ADRIANA DONNA,Шторы интерьерные,2040848774860,249850148,34358357890,42968159393,,Выдано,2026-04-26 09:53:48,2026-04-28 13:57:10,,Возврат по инициативе продавца,2026-04-23,,0,277d7dcd-0924-4d67-bdf0-87f82dc309ba.4.0,"Тверь, Улица Вагжанова 21",211256
ADRIANA DONNA,Шторы интерьерные,2040848774877,249850153,49945783018,46994430609,,Выдано,2026-04-25 19:09:41,2026-04-28 13:57:10,,Возврат по инициативе продавца,2026-04-23,,0,277d7dcd-0924-4d67-bdf0-87f82dc309ba.5.0,"Тверь, Улица Вагжанова 21",211256
ADRIANA DONNA,Шторы интерьерные,2040848775041,249850165,33892061839,31828485831,,Выдано,2026-04-24 13:59:58,2026-04-28 13:57:10,,Возврат по инициативе продавца,2026-04-23,,0,277d7dcd-0924-4d67-bdf0-87f82dc309ba.6.0,"Тверь, Улица Вагжанова 21",211256
ADRIANA DONNA,Шторы интерьерные,2040881708075,250656533,27389977537,33309174144,,Выдано,2026-04-25 19:10:45,2026-04-28 13:57:10,,Возврат по инициативе продавца,2026-04-23,,0,277d7dcd-0924-4d67-bdf0-87f82dc309ba.7.0,"Тверь, Улица Вагжанова 21",211256
ADRIANA DONNA,Шторы интерьерные,2040882123488,250674054,27294066412,46692988086,,Выдано,2026-04-25 09:41:38,2026-04-28 13:57:10,,Возврат по инициативе продавца,2026-04-23,,0,277d7dcd-0924-4d67-bdf0-87f82dc309ba.8.0,"Тверь, Улица Вагжанова 21",211256
ADRIANA DONNA,Шторы интерьерные,2040848774884,249850126,32733867051,30530813261,,Выдано,2026-04-26 09:50:49,2026-04-28 13:57:10,,Возврат по инициативе продавца,2026-04-23,,0,277d7dcd-0924-4d67-bdf0-87f82dc309ba.9.0,"Тверь, Улица Вагжанова 21",211256
ADRIANA ALLEGRO,Тюль,2042959577057,338817693,52897690723,51124751279,,Выдано,2026-04-27 08:55:20,2026-04-28 13:57:10,,"Возврат товара, который приехал по МП, продавцу",2026-04-23,,4918144351,mp.257224b97ece43c38e083d8d72bffd87.r,"Тверь, Улица Вагжанова 21",211256
ADRIANA ADAGIO,Тюль,2040673647698,244226706,53039078134,51550795706,,Выдано,2026-04-25 14:59:04,2026-04-28 13:57:10,,"Возврат товара, который приехал по МП, продавцу",2026-04-23,,4941083622,mp.2ddd31e3212c40489b43fb9b958ef9d5.r,"Тверь, Улица Вагжанова 21",211256
VELO MONTI MILANO,Тюль,2040519492109,240119873,52612504638,52019601813,,Выдано,2026-04-26 17:54:30,2026-04-28 13:57:10,,"Возврат товара, который приехал по МП, продавцу",2026-04-23,,4944590017,mp.3af9a2855b7b45f9a36a049557c5820e.r,"Тверь, Улица Вагжанова 21",211256
ADRIANA ALLEGRO,Тюль,2042959577057,338817693,52897690724,51124751283,,Выдано,2026-04-27 08:59:13,2026-04-28 13:57:10,,"Возврат товара, который приехал по МП, продавцу",2026-04-23,,4918144352,mp.3f29ef2f9a6e464783aa914ec3c16a1b.r,"Тверь, Улица Вагжанова 21",211256
ADRIANA ALBA,Шторы интерьерные,2038753875109,180943903,47326866341,48799415253,,Выдано,2026-04-28 18:34:37,2026-05-02 16:51:59,,Возврат брака,2026-04-24,,0,1c3c3d196f25450b95b2081395f7397b,"Тверь, Улица Вагжанова 21",211256
ADRIANA CASA,Шторы интерьерные,2043048879915,345232934,53313869908,32192702473,,Выдано,2026-05-09 09:05:08,2026-05-12 10:34:31,,Возврат неверного вложения,2026-05-04,,0,WH_RO_SRN_MW.53429101c0164c34be9d8db5b9b91e78,"Тверь, Улица Вагжанова 21",211256
ADRIANA ADAGIO,Тюль,2040673646615,244226804,40602631092,43559187198,,Выдано,2026-05-08 10:39:03,2026-05-12 10:34:31,,Возврат по инициативе продавца,2026-05-06,,0,de8ad070-2cdf-4da2-a0be-03980bdf6e75.0.0,"Тверь, Улица Вагжанова 21",211256
ADRIANA ADAGIO,Тюль,2040673646615,244226804,45424437919,43690424167,,Выдано,2026-05-08 10:16:14,2026-05-12 10:34:31,,Возврат по инициативе продавца,2026-05-06,,0,de8ad070-2cdf-4da2-a0be-03980bdf6e75.1.0,"Тверь, Улица Вагжанова 21",211256
ADRIANA ADAGIO,Тюль,2040673646936,244226693,48944116493,51965989076,,Выдано,2026-05-07 12:16:31,2026-05-12 10:34:31,,Возврат по инициативе продавца,2026-05-06,,0,de8ad070-2cdf-4da2-a0be-03980bdf6e75.10.0,"Тверь, Улица Вагжанова 21",211256
ADRIANA ADAGIO,Тюль,2040673646936,244226693,49179575435,46456810693,,Выдано,2026-05-07 11:33:42,2026-05-12 10:34:31,,Возврат по инициативе продавца,2026-05-06,,0,de8ad070-2cdf-4da2-a0be-03980bdf6e75.11.0,"Тверь, Улица Вагжанова 21",211256
ADRIANA LENTO,Тюль,2040681267246,244447347,36299843851,50475440718,,Выдано,2026-05-07 09:28:36,2026-05-12 10:34:31,,Возврат по инициативе продавца,2026-05-06,,0,de8ad070-2cdf-4da2-a0be-03980bdf6e75.12.0,"Тверь, Улица Вагжанова 21",211256
ADRIANA LENTO,Тюль,2040681267246,244447347,46311741010,44549993563,,Выдано,2026-05-07 19:02:37,2026-05-12 10:34:31,,Возврат по инициативе продавца,2026-05-06,,0,de8ad070-2cdf-4da2-a0be-03980bdf6e75.13.0,"Тверь, Улица Вагжанова 21",211256
ADRIANA ADAGIO,Тюль,2040673647384,244226793,50064112753,45634823997,,Выдано,2026-05-07 12:22:38,2026-05-12 10:34:31,,Возврат по инициативе продавца,2026-05-06,,0,de8ad070-2cdf-4da2-a0be-03980bdf6e75.14.0,"Тверь, Улица Вагжанова 21",211256
ADRIANA ADAGIO,Тюль,2040673647384,244226793,50361954453,49053308704,,Выдано,2026-05-07 09:42:43,2026-05-12 10:34:31,,Возврат по инициативе продавца,2026-05-06,,0,de8ad070-2cdf-4da2-a0be-03980bdf6e75.15.0,"Тверь, Улица Вагжанова 21",211256
ADRIANA LENTO,Тюль,2040681266430,244447257,53534704933,43555768206,,Выдано,2026-05-07 09:35:29,2026-05-12 10:34:31,,Возврат по инициативе продавца,2026-05-06,,0,de8ad070-2cdf-4da2-a0be-03980bdf6e75.16.0,"Тверь, Улица Вагжанова 21",211256
ADRIANA LENTO,Тюль,2040681266430,244447257,53534704957,43555768210,,Выдано,2026-05-07 09:35:05,2026-05-12 10:34:31,,Возврат по инициативе продавца,2026-05-06,,0,de8ad070-2cdf-4da2-a0be-03980bdf6e75.17.0,"Тверь, Улица Вагжанова 21",211256
ADRIANA ADAGIO,Тюль,2040673647025,244226840,48603250037,49098298005,,Выдано,2026-05-07 09:27:49,2026-05-12 10:34:31,,Возврат по инициативе продавца,2026-05-06,,0,de8ad070-2cdf-4da2-a0be-03980bdf6e75.18.0,"Тверь, Улица Вагжанова 21",211256
ADRIANA ADAGIO,Тюль,2040673647025,244226840,48603250035,50565133718,,Выдано,2026-05-07 09:43:11,2026-05-12 10:34:31,,Возврат по инициативе продавца,2026-05-06,,0,de8ad070-2cdf-4da2-a0be-03980bdf6e75.19.0,"Тверь, Улица Вагжанова 21",211256
ADRIANA ADAGIO,Тюль,2040673646615,244226804,45424441326,43690424163,,Выдано,2026-05-08 10:09:42,2026-05-12 10:34:31,,Возврат по инициативе продавца,2026-05-06,,0,de8ad070-2cdf-4da2-a0be-03980bdf6e75.2.0,"Тверь, Улица Вагжанова 21",211256
ADRIANA ADAGIO,Тюль,2040673647643,244226644,52817439946,50644506343,,Выдано,2026-05-07 19:08:09,2026-05-12 10:34:31,,Возврат по инициативе продавца,2026-05-06,,0,de8ad070-2cdf-4da2-a0be-03980bdf6e75.20.0,"Тверь, Улица Вагжанова 21",211256
ADRIANA ADAGIO,Тюль,2040673647643,244226644,53023521589,52088598848,,Выдано,2026-05-08 17:27:42,2026-05-12 10:34:31,,Возврат по инициативе продавца,2026-05-06,,0,de8ad070-2cdf-4da2-a0be-03980bdf6e75.21.0,"Тверь, Улица Вагжанова 21",211256
ADRIANA ADAGIO,Тюль,2040673647377,244226850,49577749072,47348629785,,Выдано,2026-05-08 17:18:46,2026-05-12 10:34:31,,Возврат по инициативе продавца,2026-05-06,,0,de8ad070-2cdf-4da2-a0be-03980bdf6e75.22.0,"Тверь, Улица Вагжанова 21",211256
ADRIANA ADAGIO,Тюль,2040673647377,244226850,49577755120,47348629789,,Выдано,2026-05-08 17:19:15,2026-05-12 10:34:31,,Возврат по инициативе продавца,2026-05-06,,0,de8ad070-2cdf-4da2-a0be-03980bdf6e75.23.0,"Тверь, Улица Вагжанова 21",211256
ADRIANA ADAGIO,Тюль,2040673647476,244226797,48646929939,44239299610,,Выдано,2026-05-07 12:17:26,2026-05-12 10:34:31,,Возврат по инициативе продавца,2026-05-06,,0,de8ad070-2cdf-4da2-a0be-03980bdf6e75.24.0,"Тверь, Улица Вагжанова 21",211256
ADRIANA ADAGIO,Тюль,2040673647476,244226797,44855209553,47434292141,,Выдано,2026-05-08 10:16:26,2026-05-12 10:34:31,,Возврат по инициативе продавца,2026-05-06,,0,de8ad070-2cdf-4da2-a0be-03980bdf6e75.25.0,"Тверь, Улица Вагжанова 21",211256
ADRIANA ADAGIO,Тюль,2050187250185,937740943,53228978062,51542053938,,Выдано,2026-05-08 10:26:03,2026-05-12 10:34:31,,Возврат по инициативе продавца,2026-05-06,,0,de8ad070-2cdf-4da2-a0be-03980bdf6e75.26.0,"Тверь, Улица Вагжанова 21",211256
ADRIANA ADAGIO,Тюль,2050187250185,937740943,53228978063,51542053932,,Выдано,2026-05-08 10:40:17,2026-05-12 10:34:31,,Возврат по инициативе продавца,2026-05-06,,0,de8ad070-2cdf-4da2-a0be-03980bdf6e75.27.0,"Тверь, Улица Вагжанова 21",211256
ADRIANA ADAGIO,Тюль,2040673646929,244226871,48060727870,48971304933,,Выдано,2026-05-07 09:28:12,2026-05-12 10:34:31,,Возврат по инициативе продавца,2026-05-06,,0,de8ad070-2cdf-4da2-a0be-03980bdf6e75.28.0,"Тверь, Улица Вагжанова 21",211256
ADRIANA ADAGIO,Тюль,2040673646929,244226871,48421829574,48971304929,,Выдано,2026-05-07 09:25:58,2026-05-12 10:34:31,,Возврат по инициативе продавца,2026-05-06,,0,de8ad070-2cdf-4da2-a0be-03980bdf6e75.29.0,"Тверь, Улица Вагжанова 21",211256
ADRIANA ADAGIO,Тюль,2040673646615,244226804,45467619274,43706488233,,Выдано,2026-05-08 10:09:05,2026-05-12 10:34:31,,Возврат по инициативе продавца,2026-05-06,,0,de8ad070-2cdf-4da2-a0be-03980bdf6e75.3.0,"Тверь, Улица Вагжанова 21",211256
ADRIANA ADAGIO,Тюль,2040673646615,244226804,45467619284,43706488245,,Выдано,2026-05-08 10:12:22,2026-05-12 10:34:31,,Возврат по инициативе продавца,2026-05-06,,0,de8ad070-2cdf-4da2-a0be-03980bdf6e75.4.0,"Тверь, Улица Вагжанова 21",211256
ADRIANA ADAGIO,Тюль,2040673646615,244226804,40602631064,48613715837,,Выдано,2026-05-07 11:28:08,2026-05-12 10:34:31,,Возврат по инициативе продавца,2026-05-06,,0,de8ad070-2cdf-4da2-a0be-03980bdf6e75.5.0,"Тверь, Улица Вагжанова 21",211256
ADRIANA ADAGIO,Тюль,2040673647483,244226775,50068453548,49112807587,,Выдано,2026-05-08 10:38:55,2026-05-12 10:34:31,,Возврат по инициативе продавца,2026-05-06,,0,de8ad070-2cdf-4da2-a0be-03980bdf6e75.6.0,"Тверь, Улица Вагжанова 21",211256
ADRIANA ADAGIO,Тюль,2040673647483,244226775,50361426896,49112807311,,Выдано,2026-05-08 10:09:50,2026-05-12 10:34:31,,Возврат по инициативе продавца,2026-05-06,,0,de8ad070-2cdf-4da2-a0be-03980bdf6e75.7.0,"Тверь, Улица Вагжанова 21",211256
ADRIANA ADAGIO,Тюль,2040673647483,244226775,50677506085,49112807319,,Выдано,2026-05-08 10:09:58,2026-05-12 10:34:31,,Возврат по инициативе продавца,2026-05-06,,0,de8ad070-2cdf-4da2-a0be-03980bdf6e75.8.0,"Тверь, Улица Вагжанова 21",211256
ADRIANA ADAGIO,Тюль,2040673646936,244226693,46794778789,47340948871,,Выдано,2026-05-08 10:40:07,2026-05-12 10:34:31,,Возврат по инициативе продавца,2026-05-06,,0,de8ad070-2cdf-4da2-a0be-03980bdf6e75.9.0,"Тверь, Улица Вагжанова 21",211256
VELO MONTI VERONA,Тюль,2040768277007,246980354,53039308010,50475202143,,Выдано,2026-05-09 16:59:11,2026-05-12 10:34:31,,Возврат по инициативе продавца,2026-05-08,,0,e1ba3e0c-0ef3-4fab-967a-91c1aa6f60e1.0.0,"Тверь, Улица Вагжанова 21",211256
VELO MONTI VERONA,Тюль,2040768277007,246980354,53039308011,50475202147,,Выдано,2026-05-09 16:57:57,2026-05-12 10:34:31,,Возврат по инициативе продавца,2026-05-08,,0,e1ba3e0c-0ef3-4fab-967a-91c1aa6f60e1.1.0,"Тверь, Улица Вагжанова 21",211256
VELO MONTI VERONA,Тюль,2040768277007,246980354,53306802778,52088707015,,Выдано,2026-05-10 09:02:17,2026-05-12 10:34:31,,Возврат по инициативе продавца,2026-05-08,,0,e1ba3e0c-0ef3-4fab-967a-91c1aa6f60e1.2.0,"Тверь, Улица Вагжанова 21",211256
VELO MONTI MILANO,Тюль,2040737560680,246094526,41367004757,38041689633,,Выдано,2026-05-11 12:16:54,2026-05-12 10:34:31,,Возврат по инициативе продавца,2026-05-08,,0,e1ba3e0c-0ef3-4fab-967a-91c1aa6f60e1.3.0,"Тверь, Улица Вагжанова 21",211256
VELO MONTI MILANO,Тюль,2040737560680,246094526,41367004756,45617627851,,Выдано,2026-05-11 12:27:43,2026-05-12 10:34:31,,Возврат по инициативе продавца,2026-05-08,,0,e1ba3e0c-0ef3-4fab-967a-91c1aa6f60e1.4.0,"Тверь, Улица Вагжанова 21",211256
VELO MONTI MILANO,Тюль,2040737560277,246094466,49792019983,46874779301,,Выдано,2026-05-10 08:42:53,2026-05-12 10:34:31,,Возврат по инициативе продавца,2026-05-08,,0,e1ba3e0c-0ef3-4fab-967a-91c1aa6f60e1.5.0,"Тверь, Улица Вагжанова 21",211256
VELO MONTI MILANO,Тюль,2040737560277,246094466,49792019994,46874779297,,Выдано,2026-05-10 08:41:03,2026-05-12 10:34:31,,Возврат по инициативе продавца,2026-05-08,,0,e1ba3e0c-0ef3-4fab-967a-91c1aa6f60e1.6.0,"Тверь, Улица Вагжанова 21",211256
ADRIANA CASA,Шторы интерьерные,2044039074975,420226037,53653816872,32290365096,,Выдано,2026-05-17 08:58:08,2026-05-18 16:39:59,,Возврат брака,2026-05-13,,0,9a55b16512c7427a8c6746a7c90a62d0,"Тверь, Улица Вагжанова 21",211256
ADRIANA VIVO,Тюль,2039755197428,220985979,53616197525,49829035598,,Выдано,2026-05-15 17:05:26,2026-05-18 16:39:59,,Возврат брака,2026-05-14,,0,9deb939553c24d31877bf384f5c4a5d7,"Тверь, Улица Вагжанова 21",211256
ADRIANA LENTO,Тюль,2040681266119,244447355,53329461917,50606995074,,Выдано,2026-05-15 09:13:58,2026-05-18 16:39:59,,Возврат по инициативе продавца,2026-05-14,,0,f616d319-fbc8-4740-8c4c-33df0eea2f3c.0.0,"Тверь, Улица Вагжанова 21",211256
ADRIANA LENTO,Тюль,2040681266119,244447355,53329461920,50606995068,,Выдано,2026-05-15 09:16:27,2026-05-18 16:39:59,,Возврат по инициативе продавца,2026-05-14,,0,f616d319-fbc8-4740-8c4c-33df0eea2f3c.1.0,"Тверь, Улица Вагжанова 21",211256
VELO MONTI MILANO,Тюль,2040737560314,246094579,38387955470,47167787283,,Выдано,2026-05-15 09:24:56,2026-05-18 16:39:59,,Возврат по инициативе продавца,2026-05-14,,0,f616d319-fbc8-4740-8c4c-33df0eea2f3c.10.0,"Тверь, Улица Вагжанова 21",211256
VELO MONTI MILANO,Тюль,2040737560314,246094579,38387955473,47167787287,,Выдано,2026-05-15 09:24:30,2026-05-18 16:39:59,,Возврат по инициативе продавца,2026-05-14,,0,f616d319-fbc8-4740-8c4c-33df0eea2f3c.11.0,"Тверь, Улица Вагжанова 21",211256
VELO MONTI VERONA,Тюль,2040768276192,246980226,35943330723,30083852551,,Выдано,2026-05-16 09:49:27,2026-05-18 16:39:59,,Возврат по инициативе продавца,2026-05-14,,0,f616d319-fbc8-4740-8c4c-33df0eea2f3c.12.0,"Тверь, Улица Вагжанова 21",211256
VELO MONTI VERONA,Тюль,2040768276192,246980226,35943330776,30083852543,,Выдано,2026-05-16 09:36:01,2026-05-18 16:39:59,,Возврат по инициативе продавца,2026-05-14,,0,f616d319-fbc8-4740-8c4c-33df0eea2f3c.13.0,"Тверь, Улица Вагжанова 21",211256
VELO MONTI VERONA,Тюль,2040769367370,247049487,42742664902,44634748383,,Выдано,2026-05-17 18:30:04,2026-05-18 16:39:59,,Возврат по инициативе продавца,2026-05-14,,0,f616d319-fbc8-4740-8c4c-33df0eea2f3c.14.0,"Тверь, Улица Вагжанова 21",211256
VELO MONTI VERONA,Тюль,2040769367370,247049487,42742664906,48577944757,,Выдано,2026-05-16 12:42:46,2026-05-18 16:39:59,,Возврат по инициативе продавца,2026-05-14,,0,f616d319-fbc8-4740-8c4c-33df0eea2f3c.15.0,"Тверь, Улица Вагжанова 21",211256
VELO MONTI MILANO,Тюль,2040737560321,246094439,53381831299,52058846768,,Выдано,2026-05-17 08:55:08,2026-05-18 16:39:59,,Возврат по инициативе продавца,2026-05-14,,0,f616d319-fbc8-4740-8c4c-33df0eea2f3c.16.0,"Тверь, Улица Вагжанова 21",211256
VELO MONTI MILANO,Тюль,2040737560321,246094439,53381831300,52058846764,,Выдано,2026-05-17 08:55:15,2026-05-18 16:39:59,,Возврат по инициативе продавца,2026-05-14,,0,f616d319-fbc8-4740-8c4c-33df0eea2f3c.17.0,"Тверь, Улица Вагжанова 21",211256
VELO MONTI MILANO,Тюль,2040747328355,246377463,37561405773,39299146989,,Выдано,2026-05-17 09:12:11,2026-05-18 16:39:59,,Возврат по инициативе продавца,2026-05-14,,0,f616d319-fbc8-4740-8c4c-33df0eea2f3c.18.0,"Тверь, Улица Вагжанова 21",211256
VELO MONTI MILANO,Тюль,2040747328355,246377463,41978622052,39299146995,,Выдано,2026-05-17 09:16:39,2026-05-18 16:39:59,,Возврат по инициативе продавца,2026-05-14,,0,f616d319-fbc8-4740-8c4c-33df0eea2f3c.19.0,"Тверь, Улица Вагжанова 21",211256
ADRIANA LENTO,Тюль,2040681266119,244447355,53329461921,50606995070,,Выдано,2026-05-15 09:13:46,2026-05-18 16:39:59,,Возврат по инициативе продавца,2026-05-14,,0,f616d319-fbc8-4740-8c4c-33df0eea2f3c.2.0,"Тверь, Улица Вагжанова 21",211256
ADRIANA LENTO,Тюль,2040681266119,244447355,53329461924,50606995072,,Выдано,2026-05-15 09:16:22,2026-05-18 16:39:59,,Возврат по инициативе продавца,2026-05-14,,0,f616d319-fbc8-4740-8c4c-33df0eea2f3c.3.0,"Тверь, Улица Вагжанова 21",211256
VELO MONTI MILANO,Тюль,2040737560635,246094467,53382799792,43194060125,,Выдано,2026-05-15 13:27:41,2026-05-18 16:39:59,,Возврат по инициативе продавца,2026-05-14,,0,f616d319-fbc8-4740-8c4c-33df0eea2f3c.4.0,"Тверь, Улица Вагжанова 21",211256
VELO MONTI MILANO,Тюль,2040737560635,246094467,53382799797,43194060121,,Выдано,2026-05-15 13:27:48,2026-05-18 16:39:59,,Возврат по инициативе продавца,2026-05-14,,0,f616d319-fbc8-4740-8c4c-33df0eea2f3c.5.0,"Тверь, Улица Вагжанова 21",211256
VELO MONTI VERONA,Тюль,2040768277045,246980475,48587297952,37416371037,,Выдано,2026-05-15 12:58:52,2026-05-18 16:39:59,,Возврат по инициативе продавца,2026-05-14,,0,f616d319-fbc8-4740-8c4c-33df0eea2f3c.6.0,"Тверь, Улица Вагжанова 21",211256
VELO MONTI VERONA,Тюль,2040768277045,246980475,49014203100,46967978153,,Выдано,2026-05-15 09:16:02,2026-05-18 16:39:59,,Возврат по инициативе продавца,2026-05-14,,0,f616d319-fbc8-4740-8c4c-33df0eea2f3c.7.0,"Тверь, Улица Вагжанова 21",211256
VELO MONTI MILANO,Тюль,2040737560628,246094474,53643238941,51895545966,,Выдано,2026-05-15 16:53:53,2026-05-18 16:39:59,,Возврат по инициативе продавца,2026-05-14,,0,f616d319-fbc8-4740-8c4c-33df0eea2f3c.8.0,"Тверь, Улица Вагжанова 21",211256
VELO MONTI MILANO,Тюль,2040737560628,246094474,53643238944,51895545970,,Выдано,2026-05-15 16:53:50,2026-05-18 16:39:59,,Возврат по инициативе продавца,2026-05-14,,0,f616d319-fbc8-4740-8c4c-33df0eea2f3c.9.0,"Тверь, Улица Вагжанова 21",211256
ADRIANA FESTA,Шторы интерьерные,2048927914497,820169155,52926997058,51585205042,,Выдано,2026-05-24 09:58:13,2026-05-25 10:58:09,,Возврат по инициативе продавца,2026-05-22,,0,aeac7f47-5ace-4231-8a07-851b62b5be12.1.0,"Тверь, Улица Вагжанова 21",211256
ADRIANA CASA,Шторы интерьерные,2038937810360,188397349,45166786586,37018332043,,Выдано,2026-05-23 17:46:46,2026-05-25 10:58:09,,Возврат по инициативе продавца,2026-05-22,,0,aeac7f47-5ace-4231-8a07-851b62b5be12.10.0,"Тверь, Улица Вагжанова 21",211256
ADRIANA CASA,Шторы интерьерные,2038937810360,188397349,45721494712,48946849170,,Выдано,2026-05-24 09:44:22,2026-05-25 10:58:09,,Возврат по инициативе продавца,2026-05-22,,0,aeac7f47-5ace-4231-8a07-851b62b5be12.11.0,"Тверь, Улица Вагжанова 21",211256
ADRIANA CASA,Шторы интерьерные,2038757480415,181095938,45469612743,38965726387,,Выдано,2026-05-24 09:55:00,2026-05-25 10:58:09,,Возврат по инициативе продавца,2026-05-22,,0,aeac7f47-5ace-4231-8a07-851b62b5be12.12.0,"Тверь, Улица Вагжанова 21",211256
ADRIANA CASA,Шторы интерьерные,2038757480415,181095938,45469612747,38965726385,,Выдано,2026-05-24 09:54:32,2026-05-25 10:58:09,,Возврат по инициативе продавца,2026-05-22,,0,aeac7f47-5ace-4231-8a07-851b62b5be12.13.0,"Тверь, Улица Вагжанова 21",211256
ADRIANA CASA,Шторы интерьерные,2038757480415,181095938,45469612748,38965726389,,Выдано,2026-05-24 09:44:11,2026-05-25 10:58:09,,Возврат по инициативе продавца,2026-05-22,,0,aeac7f47-5ace-4231-8a07-851b62b5be12.14.0,"Тверь, Улица Вагжанова 21",211256
ADRIANA CASA,Шторы интерьерные,2044039075040,420226052,50720064902,48801119270,,Выдано,2026-05-24 15:52:45,2026-05-25 10:58:09,,Возврат по инициативе продавца,2026-05-22,,0,aeac7f47-5ace-4231-8a07-851b62b5be12.15.0,"Тверь, Улица Вагжанова 21",211256
ADRIANA CASA,Шторы интерьерные,2044039075040,420226052,50843700001,48936909336,,Выдано,2026-05-25 12:29:48,2026-05-29 11:26:40,,Возврат по инициативе продавца,2026-05-22,,0,aeac7f47-5ace-4231-8a07-851b62b5be12.16.0,"Тверь, Улица Вагжанова 21",211256
ADRIANA CASA,Шторы интерьерные,2043048880164,345232960,38541881978,38762489618,,Выдано,2026-05-25 09:09:42,2026-05-25 10:58:09,,Возврат по инициативе продавца,2026-05-22,,0,aeac7f47-5ace-4231-8a07-851b62b5be12.17.0,"Тверь, Улица Вагжанова 21",211256
ADRIANA CASA,Шторы интерьерные,2043048880164,345232960,37067406132,45837551813,,Выдано,2026-05-25 09:28:18,2026-05-25 10:58:09,,Возврат по инициативе продавца,2026-05-22,,0,aeac7f47-5ace-4231-8a07-851b62b5be12.18.0,"Тверь, Улица Вагжанова 21",211256
ADRIANA CALMA,Шторы интерьерные,2043749393079,396857416,45265176690,46348449860,,Выдано,2026-05-24 09:43:06,2026-05-25 10:58:09,,Возврат по инициативе продавца,2026-05-22,,0,aeac7f47-5ace-4231-8a07-851b62b5be12.19.0,"Тверь, Улица Вагжанова 21",211256
ADRIANA FESTA,Шторы интерьерные,2048927914473,820169154,52926994525,51585204970,,Выдано,2026-05-24 13:09:36,2026-05-25 10:58:09,,Возврат по инициативе продавца,2026-05-22,,0,aeac7f47-5ace-4231-8a07-851b62b5be12.2.0,"Тверь, Улица Вагжанова 21",211256
ADRIANA CALMA,Шторы интерьерные,2043749393079,396857416,48649726133,46988517637,,Выдано,2026-05-24 15:49:17,2026-05-25 10:58:09,,Возврат по инициативе продавца,2026-05-22,,0,aeac7f47-5ace-4231-8a07-851b62b5be12.20.0,"Тверь, Улица Вагжанова 21",211256
ADRIANA CALMA,Шторы интерьерные,2043749261903,396849770,44727288123,51706973193,,Выдано,2026-05-23 17:44:14,2026-05-25 10:58:09,,Возврат по инициативе продавца,2026-05-22,,0,aeac7f47-5ace-4231-8a07-851b62b5be12.21.0,"Тверь, Улица Вагжанова 21",211256
ADRIANA CALMA,Шторы интерьерные,2043749261903,396849770,37490729844,42931807870,,Выдано,2026-05-25 09:09:28,2026-05-25 10:58:09,,Возврат по инициативе продавца,2026-05-22,,0,aeac7f47-5ace-4231-8a07-851b62b5be12.22.0,"Тверь, Улица Вагжанова 21",211256
ADRIANA FESTA,Шторы интерьерные,2048838837250,810348952,49725197685,47433986871,,Выдано,2026-05-24 09:53:05,2026-05-25 10:58:09,,Возврат по инициативе продавца,2026-05-22,,0,aeac7f47-5ace-4231-8a07-851b62b5be12.3.0,"Тверь, Улица Вагжанова 21",211256
ADRIANA FESTA,Шторы интерьерные,2048917565289,818378132,53076157396,50648984097,,Выдано,2026-05-24 15:53:24,2026-05-25 10:58:09,,Возврат по инициативе продавца,2026-05-22,,0,aeac7f47-5ace-4231-8a07-851b62b5be12.4.0,"Тверь, Улица Вагжанова 21",211256
ADRIANA CASA,Шторы интерьерные,2038757480477,181095872,50288276242,42447165538,,Выдано,2026-05-25 09:09:43,2026-05-25 10:58:09,,Возврат по инициативе продавца,2026-05-22,,0,aeac7f47-5ace-4231-8a07-851b62b5be12.5.0,"Тверь, Улица Вагжанова 21",211256
ADRIANA CASA,Шторы интерьерные,2038757480477,181095872,50288276245,42447165542,,Выдано,2026-05-25 09:09:16,2026-05-25 10:58:09,,Возврат по инициативе продавца,2026-05-22,,0,aeac7f47-5ace-4231-8a07-851b62b5be12.6.0,"Тверь, Улица Вагжанова 21",211256
ADRIANA CASA,Шторы интерьерные,2038757480477,181095872,50288276248,42447165536,,Выдано,2026-05-25 09:09:02,2026-05-25 10:58:09,,Возврат по инициативе продавца,2026-05-22,,0,aeac7f47-5ace-4231-8a07-851b62b5be12.7.0,"Тверь, Улица Вагжанова 21",211256
ADRIANA CASA,Шторы интерьерные,2038757480477,181095872,50702529536,49109800112,,Выдано,2026-05-24 09:43:19,2026-05-25 10:58:09,,Возврат по инициативе продавца,2026-05-22,,0,aeac7f47-5ace-4231-8a07-851b62b5be12.8.0,"Тверь, Улица Вагжанова 21",211256
ADRIANA CASA,Шторы интерьерные,2038937810360,188397349,45571050741,39472065501,,Выдано,2026-05-24 09:46:11,2026-05-25 10:58:09,,Возврат по инициативе продавца,2026-05-22,,0,aeac7f47-5ace-4231-8a07-851b62b5be12.9.0,"Тверь, Улица Вагжанова 21",211256
ADRIANA LARGO,Тюль,2039755124189,220984122,44280678290,33206903646,,Выдано,2026-05-27 09:57:48,2026-05-29 11:26:40,,Возврат неверного вложения,2026-05-24,,0,WH_RO_SRN_MW.72f8e67381f94a27bb1c8ac6e9effb96,"Тверь, Улица Вагжанова 21",211256
VELO MONTI PARMA,Тюль,2040413486631,237988970,53751054824,53751054824,,Выдано,2026-05-29 08:52:13,2026-05-29 11:26:40,,Возврат брака,2026-05-24,,0,afb6ecce32264c1faae0c2f57640fe22,"Тверь, Улица Вагжанова 21",211256
VELO MONTI MILANO,Тюль,2039905558000,227786134,53559503947,50734927315,,Выдано,2026-05-27 12:43:34,2026-05-29 11:26:40,,Возврат брака,2026-05-25,,0,25483aa7d5754222b029d997b5e78a45,"Тверь, Улица Вагжанова 21",211256
ADRIANA CALMA,Шторы интерьерные,2038597423429,176487125,44331859599,47313977608,,Выдано,2026-05-27 09:58:48,2026-05-29 11:26:40,,Возврат по инициативе продавца,2026-05-25,,0,6cb2f37b-12f5-4a7f-acfc-b22fdac75b61.0.0,"Тверь, Улица Вагжанова 21",211256
ADRIANA CALMA,Шторы интерьерные,2038597423429,176487125,50257317726,48945318250,,Выдано,2026-05-27 12:43:12,2026-05-29 11:26:40,,Возврат по инициативе продавца,2026-05-25,,0,6cb2f37b-12f5-4a7f-acfc-b22fdac75b61.1.0,"Тверь, Улица Вагжанова 21",211256
ADRIANA STELLA,Шторы интерьерные,2038087023726,166694061,50348408104,48704368162,,Выдано,2026-05-27 09:35:52,2026-05-29 11:26:40,,Возврат по инициативе продавца,2026-05-25,,0,6cb2f37b-12f5-4a7f-acfc-b22fdac75b61.10.0,"Тверь, Улица Вагжанова 21",211256
ADRIANA STELLA,Шторы интерьерные,2038087023726,166694061,50348408095,47269100494,,Выдано,2026-05-27 09:31:00,2026-05-29 11:26:40,,Возврат по инициативе продавца,2026-05-25,,0,6cb2f37b-12f5-4a7f-acfc-b22fdac75b61.11.0,"Тверь, Улица Вагжанова 21",211256
ADRIANA STELLA,Шторы интерьерные,2037609033212,152016944,43587345814,46694387530,,Выдано,2026-05-27 09:51:05,2026-05-29 11:26:40,,Возврат по инициативе продавца,2026-05-25,,0,6cb2f37b-12f5-4a7f-acfc-b22fdac75b61.12.0,"Тверь, Улица Вагжанова 21",211256
ADRIANA STELLA,Шторы интерьерные,2037609033212,152016944,43589106377,42270654892,,Выдано,2026-05-28 15:25:20,2026-05-29 11:26:40,,Возврат по инициативе продавца,2026-05-25,,0,6cb2f37b-12f5-4a7f-acfc-b22fdac75b61.13.0,"Тверь, Улица Вагжанова 21",211256
ADRIANA CANTO,Шторы интерьерные,2040191803989,234407519,26594590228,42672474714,,Выдано,2026-05-27 09:54:22,2026-05-29 11:26:40,,Возврат по инициативе продавца,2026-05-25,,0,6cb2f37b-12f5-4a7f-acfc-b22fdac75b61.14.0,"Тверь, Улица Вагжанова 21",211256
ADRIANA CANTO,Шторы интерьерные,2040191803989,234407519,26592628405,26141841645,,Выдано,2026-05-27 09:59:47,2026-05-29 11:26:40,,Возврат по инициативе продавца,2026-05-25,,0,6cb2f37b-12f5-4a7f-acfc-b22fdac75b61.15.0,"Тверь, Улица Вагжанова 21",211256
ADRIANA STELLA,Шторы интерьерные,2037609055047,152018242,40109786649,34558709125,,Выдано,2026-05-27 09:53:43,2026-05-29 11:26:40,,Возврат по инициативе продавца,2026-05-25,,0,6cb2f37b-12f5-4a7f-acfc-b22fdac75b61.16.0,"Тверь, Улица Вагжанова 21",211256
ADRIANA STELLA,Шторы интерьерные,2037609055047,152018242,40109786654,34557592459,,Выдано,2026-05-27 09:54:33,2026-05-29 11:26:40,,Возврат по инициативе продавца,2026-05-25,,0,6cb2f37b-12f5-4a7f-acfc-b22fdac75b61.17.0,"Тверь, Улица Вагжанова 21",211256
ADRIANA CANTO,Шторы интерьерные,2040191803842,234407503,46535629586,35413339057,,Выдано,2026-05-27 10:30:54,2026-05-29 11:26:40,,Возврат по инициативе продавца,2026-05-25,,0,6cb2f37b-12f5-4a7f-acfc-b22fdac75b61.18.0,"Тверь, Улица Вагжанова 21",211256
ADRIANA CANTO,Шторы интерьерные,2040191803842,234407503,41749518683,50420983517,,Выдано,2026-05-28 09:51:02,2026-05-29 11:26:40,,Возврат по инициативе продавца,2026-05-25,,0,6cb2f37b-12f5-4a7f-acfc-b22fdac75b61.19.0,"Тверь, Улица Вагжанова 21",211256
ADRIANA CALMA,Шторы интерьерные,2038597423429,176487125,50227864042,50506947267,,Выдано,2026-05-27 12:07:25,2026-05-29 11:26:40,,Возврат по инициативе продавца,2026-05-25,,0,6cb2f37b-12f5-4a7f-acfc-b22fdac75b61.2.0,"Тверь, Улица Вагжанова 21",211256
ADRIANA CALMA,Шторы интерьерные,2038597725530,176496525,42977682438,37237153725,,Выдано,2026-05-28 10:10:37,2026-05-29 11:26:40,,Возврат по инициативе продавца,2026-05-25,,0,6cb2f37b-12f5-4a7f-acfc-b22fdac75b61.20.0,"Тверь, Улица Вагжанова 21",211256
ADRIANA CALMA,Шторы интерьерные,2038597725530,176496525,42751427459,37159376559,,Выдано,2026-05-27 10:32:40,2026-05-29 11:26:40,,Возврат по инициативе продавца,2026-05-25,,0,6cb2f37b-12f5-4a7f-acfc-b22fdac75b61.21.0,"Тверь, Улица Вагжанова 21",211256
ADRIANA CALMA,Шторы интерьерные,2043749262320,396849807,49567657115,46981110220,,Выдано,2026-05-27 09:36:50,2026-05-29 11:26:40,,Возврат по инициативе продавца,2026-05-25,,0,6cb2f37b-12f5-4a7f-acfc-b22fdac75b61.22.0,"Тверь, Улица Вагжанова 21",211256
ADRIANA CALMA,Шторы интерьерные,2038597273321,176482208,36058242183,31789509392,,Выдано,2026-05-27 11:57:18,2026-05-29 11:26:40,,Возврат по инициативе продавца,2026-05-25,,0,6cb2f37b-12f5-4a7f-acfc-b22fdac75b61.23.0,"Тверь, Улица Вагжанова 21",211256
ADRIANA CALMA,Шторы интерьерные,2038597273321,176482208,40308765969,32951983616,,Выдано,2026-05-27 09:31:25,2026-05-29 11:26:40,,Возврат по инициативе продавца,2026-05-25,,0,6cb2f37b-12f5-4a7f-acfc-b22fdac75b61.24.0,"Тверь, Улица Вагжанова 21",211256
ADRIANA CALMA,Шторы интерьерные,2038597273437,176482124,50613845851,48818852903,,Выдано,2026-05-27 09:30:47,2026-05-29 11:26:40,,Возврат по инициативе продавца,2026-05-25,,0,6cb2f37b-12f5-4a7f-acfc-b22fdac75b61.3.0,"Тверь, Улица Вагжанова 21",211256
ADRIANA CALMA,Шторы интерьерные,2038597273437,176482124,50724940068,50182916828,,Выдано,2026-05-28 10:09:29,2026-05-29 11:26:40,,Возврат по инициативе продавца,2026-05-25,,0,6cb2f37b-12f5-4a7f-acfc-b22fdac75b61.4.0,"Тверь, Улица Вагжанова 21",211256
ADRIANA CALMA,Шторы интерьерные,2038597273437,176482124,45776237049,49115279349,,Выдано,2026-05-27 12:45:48,2026-05-29 11:26:40,,Возврат по инициативе продавца,2026-05-25,,0,6cb2f37b-12f5-4a7f-acfc-b22fdac75b61.5.0,"Тверь, Улица Вагжанова 21",211256
ADRIANA CALMA,Шторы интерьерные,2038597273130,176482203,15002333409,19439417017,,Выдано,2026-05-26 17:24:38,2026-05-29 11:26:40,,Возврат по инициативе продавца,2026-05-25,,0,6cb2f37b-12f5-4a7f-acfc-b22fdac75b61.6.0,"Тверь, Улица Вагжанова 21",211256
ADRIANA CALMA,Шторы интерьерные,2038597273130,176482203,16845664473,19044178894,,Выдано,2026-05-26 12:52:11,2026-05-29 11:26:40,,Возврат по инициативе продавца,2026-05-25,,0,6cb2f37b-12f5-4a7f-acfc-b22fdac75b61.7.0,"Тверь, Улица Вагжанова 21",211256
ADRIANA CALMA,Шторы интерьерные,2038597423559,176487103,41759312989,44759049527,,Выдано,2026-05-27 12:43:40,2026-05-29 11:26:40,,Возврат по инициативе продавца,2026-05-25,,0,6cb2f37b-12f5-4a7f-acfc-b22fdac75b61.8.0,"Тверь, Улица Вагжанова 21",211256
ADRIANA CALMA,Шторы интерьерные,2038597423559,176487103,41759313014,50633304720,,Выдано,2026-05-27 09:48:27,2026-05-29 11:26:40,,Возврат по инициативе продавца,2026-05-25,,0,6cb2f37b-12f5-4a7f-acfc-b22fdac75b61.9.0,"Тверь, Улица Вагжанова 21",211256
ADRIANA ALBA,Шторы интерьерные,2043214362029,361444221,36737184839,51691788120,,Истек срок хранения на пвз,2026-06-02 08:47:14,,,Возврат брака,2026-05-30,,0,557f51f02ff34f6a9035ca0070642055,"Тверь, Улица Вагжанова 21",211256
ADRIANA ALBA,Шторы интерьерные,2038895243132,186904465,29332651462,48829794163,,Выдано,2026-06-08 09:34:48,2026-06-10 15:19:23,,Возврат брака,2026-06-04,,0,1dc438f4448b43488b6514c4a8b77a5d,"Тверь, Улица Вагжанова 21",211256
ADRIANA ADAGIO,Тюль,2050187250093,937740920,54350879086,54350879086,,Выдано,2026-06-09 16:30:13,2026-06-10 15:19:23,,Возврат брака,2026-06-06,,0,3e66bd8184f04e73bf20398dbe216a59,"Тверь, Улица Вагжанова 21",211256
ADRIANA ALBA,Шторы интерьерные,2038895242548,186904512,42691095314,41092961872,,Выдано,2026-06-10 09:09:04,2026-06-10 15:19:23,,Возврат брака,2026-06-07,,0,e53a1dfaec4e4ab7921f0a8cb7ed13a8,"Тверь, Улица Вагжанова 21",211256
ADRIANA BIANCO,Шторы интерьерные,2038565895746,175779255,31534581311,31895247695,,Выдано,2026-06-10 09:21:49,2026-06-10 15:19:23,,Возврат брака,2026-06-08,,0,bd5774414a8a4166ac761f66c3a337ed,"Тверь, Улица Вагжанова 21",211256
ADRIANA CASA,Шторы интерьерные,2044039075484,420226104,54734426951,42766479215,,Выдано,2026-06-12 19:28:38,2026-06-16 15:00:09,,Возврат брака,2026-06-10,,0,29f76e9d25c347f5b441f0b470d338eb,"Тверь, Улица Вагжанова 21",211256
ADRIANA VIVO,Тюль,2037236333594,137958672,45073761975,30664554494,,Выдано,2026-06-13 19:25:01,2026-06-16 15:00:09,,Возврат по инициативе продавца,2026-06-12,,0,40b7cb01-84fe-4d0d-9038-77e2b12f6bca.0.0,"Тверь, Улица Вагжанова 21",211256
ADRIANA VIVO,Тюль,2037236333594,137958672,45073767178,42890872719,,Выдано,2026-06-14 09:03:44,2026-06-16 15:00:09,,Возврат по инициативе продавца,2026-06-12,,0,40b7cb01-84fe-4d0d-9038-77e2b12f6bca.1.0,"Тверь, Улица Вагжанова 21",211256
ADRIANA STELLA,Шторы интерьерные,2038090337445,166776341,49926808999,47262358932,,Выдано,2026-06-14 10:14:24,2026-06-16 15:00:09,,Возврат по инициативе продавца,2026-06-12,,0,40b7cb01-84fe-4d0d-9038-77e2b12f6bca.10.0,"Тверь, Улица Вагжанова 21",211256
ADRIANA STELLA,Шторы интерьерные,2037609033199,152016942,45504968979,43231211325,,Выдано,2026-06-15 13:53:14,2026-06-16 15:00:09,,Возврат по инициативе продавца,2026-06-12,,0,40b7cb01-84fe-4d0d-9038-77e2b12f6bca.11.0,"Тверь, Улица Вагжанова 21",211256
ADRIANA STELLA,Шторы интерьерные,2037609033199,152016942,42199890148,47201719952,,Выдано,2026-06-14 14:50:00,2026-06-16 15:00:09,,Возврат по инициативе продавца,2026-06-12,,0,40b7cb01-84fe-4d0d-9038-77e2b12f6bca.12.0,"Тверь, Улица Вагжанова 21",211256
ADRIANA STELLA,Шторы интерьерные,2038529411708,175100453,50246474253,47050650816,,Выдано,2026-06-14 10:18:48,2026-06-16 15:00:09,,Возврат по инициативе продавца,2026-06-12,,0,40b7cb01-84fe-4d0d-9038-77e2b12f6bca.13.0,"Тверь, Улица Вагжанова 21",211256
ADRIANA STELLA,Шторы интерьерные,2038529411708,175100453,50245990342,49112764095,,Выдано,2026-06-15 13:44:58,2026-06-16 15:00:09,,Возврат по инициативе продавца,2026-06-12,,0,40b7cb01-84fe-4d0d-9038-77e2b12f6bca.14.0,"Тверь, Улица Вагжанова 21",211256
ADRIANA STELLA,Шторы интерьерные,2038090337490,166776330,36432447064,33314146711,,Выдано,2026-06-14 15:12:00,2026-06-16 15:00:09,,Возврат по инициативе продавца,2026-06-12,,0,40b7cb01-84fe-4d0d-9038-77e2b12f6bca.15.0,"Тверь, Улица Вагжанова 21",211256
ADRIANA STELLA,Шторы интерьерные,2038090337490,166776330,36432447076,33314146713,,Выдано,2026-06-14 10:14:36,2026-06-16 15:00:09,,Возврат по инициативе продавца,2026-06-12,,0,40b7cb01-84fe-4d0d-9038-77e2b12f6bca.16.0,"Тверь, Улица Вагжанова 21",211256
ADRIANA CALMA,Шторы интерьерные,2043749455401,396860442,47532499458,38719258087,,Выдано,2026-06-14 14:28:05,2026-06-16 15:00:09,,Возврат по инициативе продавца,2026-06-12,,0,40b7cb01-84fe-4d0d-9038-77e2b12f6bca.18.0,"Тверь, Улица Вагжанова 21",211256
ADRIANA CALMA,Шторы интерьерные,2043749455265,396860428,49068735180,45834274216,,Выдано,2026-06-15 13:52:50,2026-06-16 15:00:09,,Возврат по инициативе продавца,2026-06-12,,0,40b7cb01-84fe-4d0d-9038-77e2b12f6bca.19.0,"Тверь, Улица Вагжанова 21",211256
ADRIANA VIVO,Тюль,2037236333594,137958672,45073769571,30664554492,,Выдано,2026-06-13 19:30:02,2026-06-16 15:00:09,,Возврат по инициативе продавца,2026-06-12,,0,40b7cb01-84fe-4d0d-9038-77e2b12f6bca.2.0,"Тверь, Улица Вагжанова 21",211256
ADRIANA CALMA,Шторы интерьерные,2043749455265,396860428,49075113746,45834274212,,Выдано,2026-06-15 13:53:01,2026-06-16 15:00:09,,Возврат по инициативе продавца,2026-06-12,,0,40b7cb01-84fe-4d0d-9038-77e2b12f6bca.20.0,"Тверь, Улица Вагжанова 21",211256
ADRIANA VIVO,Тюль,2037236333594,137958672,45165681936,42890872727,,Выдано,2026-06-14 08:58:54,2026-06-16 15:00:09,,Возврат по инициативе продавца,2026-06-12,,0,40b7cb01-84fe-4d0d-9038-77e2b12f6bca.3.0,"Тверь, Улица Вагжанова 21",211256
ADRIANA VIVO,Тюль,2037236333594,137958672,45165729840,42890872735,,Выдано,2026-06-14 09:03:51,2026-06-16 15:00:09,,Возврат по инициативе продавца,2026-06-12,,0,40b7cb01-84fe-4d0d-9038-77e2b12f6bca.4.0,"Тверь, Улица Вагжанова 21",211256
ADRIANA LENTO,Тюль,2044505705624,120365941,45883326705,47252778085,,Выдано,2026-06-14 14:41:56,2026-06-16 15:00:09,,Возврат по инициативе продавца,2026-06-12,,0,40b7cb01-84fe-4d0d-9038-77e2b12f6bca.5.0,"Тверь, Улица Вагжанова 21",211256
ADRIANA LENTO,Тюль,2044505705624,120365941,45883327102,37236181713,,Выдано,2026-06-13 19:43:56,2026-06-16 15:00:09,,Возврат по инициативе продавца,2026-06-12,,0,40b7cb01-84fe-4d0d-9038-77e2b12f6bca.6.0,"Тверь, Улица Вагжанова 21",211256
ADRIANA LENTO,Тюль,2044505705624,120365941,45883327129,37236181709,,Выдано,2026-06-14 08:55:45,2026-06-16 15:00:09,,Возврат по инициативе продавца,2026-06-12,,0,40b7cb01-84fe-4d0d-9038-77e2b12f6bca.7.0,"Тверь, Улица Вагжанова 21",211256
ADRIANA LENTO,Тюль,2044505705624,120365941,45707348054,44342265491,,Выдано,2026-06-14 09:10:39,2026-06-16 15:00:09,,Возврат по инициативе продавца,2026-06-12,,0,40b7cb01-84fe-4d0d-9038-77e2b12f6bca.8.0,"Тверь, Улица Вагжанова 21",211256
ADRIANA STELLA,Шторы интерьерные,2038090337445,166776341,49926772377,31336139769,,Выдано,2026-06-14 08:59:45,2026-06-16 15:00:09,,Возврат по инициативе продавца,2026-06-12,,0,40b7cb01-84fe-4d0d-9038-77e2b12f6bca.9.0,"Тверь, Улица Вагжанова 21",211256
ADRIANA ALBA,Шторы интерьерные,2038895242753,186904559,41361296138,33592842627,,Выдано,2026-06-15 08:57:02,2026-06-16 15:00:09,,Возврат брака,2026-06-13,,0,f466dd0e30444f489f8f1034f3909098,"Тверь, Улица Вагжанова 21",211256
Adriana's Home,Наволочки декоративные,2049914349247,911149651,54205441195,51530367824,,Выдано,2026-06-19 09:40:11,2026-06-19 11:34:58,,Возврат по инициативе продавца,2026-06-18,,0,fa06412c-b70b-4fac-8840-28cca8b58a5f.0.0,"Тверь, Улица Вагжанова 21",211256
Adriana's Home,Наволочки декоративные,2049914349322,911149657,53787215464,47320139250,,Выдано,2026-06-20 09:46:50,2026-06-21 17:48:53,,Возврат по инициативе продавца,2026-06-18,,0,fa06412c-b70b-4fac-8840-28cca8b58a5f.1.0,"Тверь, Улица Вагжанова 21",211256
ADRIANA BELLA,Шторы интерьерные,2040835859211,249576749,29965509218,49029856741,,Выдано,2026-06-19 13:19:23,2026-06-21 17:48:53,,Возврат по инициативе продавца,2026-06-18,,0,fa06412c-b70b-4fac-8840-28cca8b58a5f.10.0,"Тверь, Улица Вагжанова 21",211256
ADRIANA BELLA,Шторы интерьерные,2040822240602,248991409,41988845816,36595387898,,Выдано,2026-06-19 13:32:45,2026-06-21 17:48:53,,Возврат по инициативе продавца,2026-06-18,,0,fa06412c-b70b-4fac-8840-28cca8b58a5f.11.0,"Тверь, Улица Вагжанова 21",211256
ADRIANA BELLA,Шторы интерьерные,2040835859273,249576777,35733837197,30252306277,,Выдано,2026-06-19 09:25:37,2026-06-19 11:34:58,,Возврат по инициативе продавца,2026-06-18,,0,fa06412c-b70b-4fac-8840-28cca8b58a5f.12.0,"Тверь, Улица Вагжанова 21",211256
ADRIANA BELLA,Шторы интерьерные,2040835858986,249576767,36082523271,30801426497,,Выдано,2026-06-20 14:26:14,2026-06-21 17:48:53,,Возврат по инициативе продавца,2026-06-18,,0,fa06412c-b70b-4fac-8840-28cca8b58a5f.13.0,"Тверь, Улица Вагжанова 21",211256
ADRIANA BELLA,Шторы интерьерные,2040835859075,249576753,32595648049,42670267874,,Выдано,2026-06-19 13:32:19,2026-06-21 17:48:53,,Возврат по инициативе продавца,2026-06-18,,0,fa06412c-b70b-4fac-8840-28cca8b58a5f.14.0,"Тверь, Улица Вагжанова 21",211256
ADRIANA BELLA,Шторы интерьерные,2040822270883,248993912,41042396771,36715265057,,Выдано,2026-06-20 09:39:06,2026-06-21 17:48:53,,Возврат по инициативе продавца,2026-06-18,,0,fa06412c-b70b-4fac-8840-28cca8b58a5f.15.0,"Тверь, Улица Вагжанова 21",211256
ADRIANA DONNA,Шторы интерьерные,2040881708099,250656524,35871601484,30248980427,,Выдано,2026-06-20 09:40:01,2026-06-21 17:48:53,,Возврат по инициативе продавца,2026-06-18,,0,fa06412c-b70b-4fac-8840-28cca8b58a5f.16.0,"Тверь, Улица Вагжанова 21",211256
ADRIANA DONNA,Шторы интерьерные,2040881707955,250656514,35846044369,42870989842,,Выдано,2026-06-19 09:25:20,2026-06-19 11:34:58,,Возврат по инициативе продавца,2026-06-18,,0,fa06412c-b70b-4fac-8840-28cca8b58a5f.17.0,"Тверь, Улица Вагжанова 21",211256
ADRIANA DONNA,Шторы интерьерные,2040881707818,250656529,35664565999,46879675772,,Выдано,2026-06-20 09:44:02,2026-06-21 17:48:53,,Возврат по инициативе продавца,2026-06-18,,0,fa06412c-b70b-4fac-8840-28cca8b58a5f.18.0,"Тверь, Улица Вагжанова 21",211256
ADRIANA DONNA,Шторы интерьерные,2040881708006,250656528,36033697428,43647190835,,Выдано,2026-06-20 09:44:09,2026-06-21 17:48:53,,Возврат по инициативе продавца,2026-06-18,,0,fa06412c-b70b-4fac-8840-28cca8b58a5f.19.0,"Тверь, Улица Вагжанова 21",211256
Adriana's Home,Наволочки декоративные,2041305677397,264377836,44332960065,36552271403,,Выдано,2026-06-19 09:56:25,2026-06-19 11:34:58,,Возврат по инициативе продавца,2026-06-18,,0,fa06412c-b70b-4fac-8840-28cca8b58a5f.2.0,"Тверь, Улица Вагжанова 21",211256
ADRIANA DONNA,Шторы интерьерные,2040882123563,250674059,42845005079,38246766259,,Выдано,2026-06-19 13:21:15,2026-06-21 17:48:53,,Возврат по инициативе продавца,2026-06-18,,0,fa06412c-b70b-4fac-8840-28cca8b58a5f.20.0,"Тверь, Улица Вагжанова 21",211256
ADRIANA DONNA,Шторы интерьерные,2040849051458,249874713,38418531393,43046788873,,Выдано,2026-06-19 13:19:42,2026-06-21 17:48:53,,Возврат по инициативе продавца,2026-06-18,,0,fa06412c-b70b-4fac-8840-28cca8b58a5f.21.0,"Тверь, Улица Вагжанова 21",211256
ADRIANA FESTA,Шторы интерьерные,2048838836567,810348885,50204075248,33226937978,,Выдано,2026-06-20 09:51:26,2026-06-21 17:48:53,,Возврат по инициативе продавца,2026-06-18,,0,fa06412c-b70b-4fac-8840-28cca8b58a5f.3.0,"Тверь, Улица Вагжанова 21",211256
ADRIANA BELLA,Шторы интерьерные,2040822270913,248993884,33830986340,43050381637,,Выдано,2026-06-20 09:52:22,2026-06-21 17:48:53,,Возврат по инициативе продавца,2026-06-18,,0,fa06412c-b70b-4fac-8840-28cca8b58a5f.4.0,"Тверь, Улица Вагжанова 21",211256
ADRIANA BELLA,Шторы интерьерные,2040822270869,248993901,36296428968,35514679923,,Выдано,2026-06-19 09:06:18,2026-06-19 11:34:58,,Возврат по инициативе продавца,2026-06-18,,0,fa06412c-b70b-4fac-8840-28cca8b58a5f.5.0,"Тверь, Улица Вагжанова 21",211256
ADRIANA BELLA,Шторы интерьерные,2040822270791,248993893,33376265699,30441868020,,Выдано,2026-06-19 13:22:05,2026-06-21 17:48:53,,Возврат по инициативе продавца,2026-06-18,,0,fa06412c-b70b-4fac-8840-28cca8b58a5f.6.0,"Тверь, Улица Вагжанова 21",211256
ADRIANA BELLA,Шторы интерьерные,2040822240480,248991427,40291847147,48833509149,,Выдано,2026-06-20 09:51:13,2026-06-21 17:48:53,,Возврат по инициативе продавца,2026-06-18,,0,fa06412c-b70b-4fac-8840-28cca8b58a5f.7.0,"Тверь, Улица Вагжанова 21",211256
ADRIANA BELLA,Шторы интерьерные,2040822270609,248993914,28835053073,27527382167,,Выдано,2026-06-20 09:52:47,2026-06-21 17:48:53,,Возврат по инициативе продавца,2026-06-18,,0,fa06412c-b70b-4fac-8840-28cca8b58a5f.8.0,"Тверь, Улица Вагжанова 21",211256
ADRIANA BELLA,Шторы интерьерные,2040822270821,248993896,32957427404,29941098207,,Выдано,2026-06-20 16:43:51,2026-06-21 17:48:53,,Возврат по инициативе продавца,2026-06-18,,0,fa06412c-b70b-4fac-8840-28cca8b58a5f.9.0,"Тверь, Улица Вагжанова 21",211256
